{
  "type": "FeatureCollection",
  "features": [
    {
      "id": "0",
      "type": "Feature",
      "properties": {
        "tile_id": 0,
        "average_temperature": 32.6984,
        "min_temperature": 32.6984,
        "max_temperature": 32.6984
      },
      "geometry": {
        "type": "Polygon",
        "coordinates": [
          [
            [
              -74.08734445685039,
              40.7011571467338
            ],
            [
              -74.0861762774362,
              40.701147905081314
            ],
            [
              -74.0861639722608,
              40.70204822221328
            ],
            [
              -74.08733216739991,
              40.70205746415758
            ],
            [
              -74.08734445685039,
              40.7011571467338
            ]
          ]
        ]
      }
    },
    {
      "id": "1",
      "type": "Feature",
      "properties": {
        "tile_id": 1,
        "average_temperature": 32.6236,
        "min_temperature": 32.6236,
        "max_temperature": 32.6236
      },
      "geometry": {
        "type": "Polygon",
        "coordinates": [
          [
            [
              -74.0861762774362,
              40.701147905081314
            ],
            [
              -74.08500809856433,
              40.701138651609995
            ],
            [
              -74.08499577766406,
              40.70203896844977
            ],
            [
              -74.0861639722608,
              40.70204822221328
            ],
            [
              -74.0861762774362,
              40.701147905081314
            ]
          ]
        ]
      }
    },
    {
      "id": "2",
      "type": "Feature",
      "properties": {
        "tile_id": 2,
        "average_temperature": 32.5422,
        "min_temperature": 32.5422,
        "max_temperature": 32.5422
      },
      "geometry": {
        "type": "Polygon",
        "coordinates": [
          [
            [
              -74.08500809856433,
              40.701138651609995
            ],
            [
              -74.08383992023543,
              40.701129386319856
            ],
            [
              -74.08382758361033,
              40.70202970286709
            ],
            [
              -74.08499577766406,
              40.70203896844977
            ],
            [
              -74.08500809856433,
              40.701138651609995
            ]
          ]
        ]
      }
    },
    {
      "id": "3",
      "type": "Feature",
      "properties": {
        "tile_id": 3,
        "average_temperature": 32.4566,
        "min_temperature": 32.4566,
        "max_temperature": 32.4566
      },
      "geometry": {
        "type": "Polygon",
        "coordinates": [
          [
            [
              -74.08383992023543,
              40.701129386319856
            ],
            [
              -74.08267174245023,
              40.70112010921093
            ],
            [
              -74.08265939010032,
              40.702020425465214
            ],
            [
              -74.08382758361033,
              40.70202970286709
            ],
            [
              -74.08383992023543,
              40.701129386319856
            ]
          ]
        ]
      }
    },
    {
      "id": "4",
      "type": "Feature",
      "properties": {
        "tile_id": 4,
        "average_temperature": 32.3694,
        "min_temperature": 32.3694,
        "max_temperature": 32.3694
      },
      "geometry": {
        "type": "Polygon",
        "coordinates": [
          [
            [
              -74.08267174245023,
              40.70112010921093
            ],
            [
              -74.08150356520943,
              40.70111082028322
            ],
            [
              -74.08149119713471,
              40.7020111362442
            ],
            [
              -74.08265939010032,
              40.702020425465214
            ],
            [
              -74.08267174245023,
              40.70112010921093
            ]
          ]
        ]
      }
    },
    {
      "id": "5",
      "type": "Feature",
      "properties": {
        "tile_id": 5,
        "average_temperature": 32.2829,
        "min_temperature": 32.2829,
        "max_temperature": 32.2829
      },
      "geometry": {
        "type": "Polygon",
        "coordinates": [
          [
            [
              -74.08150356520943,
              40.70111082028322
            ],
            [
              -74.08033538851369,
              40.70110151953675
            ],
            [
              -74.0803230047142,
              40.70200183520404
            ],
            [
              -74.08149119713471,
              40.7020111362442
            ],
            [
              -74.08150356520943,
              40.70111082028322
            ]
          ]
        ]
      }
    },
    {
      "id": "6",
      "type": "Feature",
      "properties": {
        "tile_id": 6,
        "average_temperature": 32.1996,
        "min_temperature": 32.1996,
        "max_temperature": 32.1996
      },
      "geometry": {
        "type": "Polygon",
        "coordinates": [
          [
            [
              -74.08033538851369,
              40.70110151953675
            ],
            [
              -74.07916721236371,
              40.7010922069715
            ],
            [
              -74.0791548128395,
              40.70199252234475
            ],
            [
              -74.0803230047142,
              40.70200183520404
            ],
            [
              -74.08033538851369,
              40.70110151953675
            ]
          ]
        ]
      }
    },
    {
      "id": "7",
      "type": "Feature",
      "properties": {
        "tile_id": 7,
        "average_temperature": 32.1221,
        "min_temperature": 32.1221,
        "max_temperature": 32.1221
      },
      "geometry": {
        "type": "Polygon",
        "coordinates": [
          [
            [
              -74.07916721236371,
              40.7010922069715
            ],
            [
              -74.0779990367602,
              40.70108288258755
            ],
            [
              -74.07798662151129,
              40.70198319766637
            ],
            [
              -74.0791548128395,
              40.70199252234475
            ],
            [
              -74.07916721236371,
              40.7010922069715
            ]
          ]
        ]
      }
    },
    {
      "id": "8",
      "type": "Feature",
      "properties": {
        "tile_id": 8,
        "average_temperature": 32.0526,
        "min_temperature": 32.0526,
        "max_temperature": 32.0526
      },
      "geometry": {
        "type": "Polygon",
        "coordinates": [
          [
            [
              -74.0779990367602,
              40.70108288258755
            ],
            [
              -74.07683086170384,
              40.70107354638486
            ],
            [
              -74.07681843073026,
              40.70197386116889
            ],
            [
              -74.07798662151129,
              40.70198319766637
            ],
            [
              -74.0779990367602,
              40.70108288258755
            ]
          ]
        ]
      }
    },
    {
      "id": "9",
      "type": "Feature",
      "properties": {
        "tile_id": 9,
        "average_temperature": 31.9938,
        "min_temperature": 31.9938,
        "max_temperature": 31.9938
      },
      "geometry": {
        "type": "Polygon",
        "coordinates": [
          [
            [
              -74.07683086170384,
              40.70107354638486
            ],
            [
              -74.07566268719533,
              40.701064198363476
            ],
            [
              -74.0756502404971,
              40.701964512852335
            ],
            [
              -74.07681843073026,
              40.70197386116889
            ],
            [
              -74.07683086170384,
              40.70107354638486
            ]
          ]
        ]
      }
    },
    {
      "id": "10",
      "type": "Feature",
      "properties": {
        "tile_id": 10,
        "average_temperature": 31.9481,
        "min_temperature": 31.9481,
        "max_temperature": 31.9481
      },
      "geometry": {
        "type": "Polygon",
        "coordinates": [
          [
            [
              -74.07566268719533,
              40.701064198363476
            ],
            [
              -74.07449451323535,
              40.70105483852342
            ],
            [
              -74.0744820508125,
              40.70195515271672
            ],
            [
              -74.0756502404971,
              40.701964512852335
            ],
            [
              -74.07566268719533,
              40.701064198363476
            ]
          ]
        ]
      }
    },
    {
      "id": "11",
      "type": "Feature",
      "properties": {
        "tile_id": 11,
        "average_temperature": 31.9166,
        "min_temperature": 31.9166,
        "max_temperature": 31.9166
      },
      "geometry": {
        "type": "Polygon",
        "coordinates": [
          [
            [
              -74.07449451323535,
              40.70105483852342
            ],
            [
              -74.07332633982462,
              40.70104546686468
            ],
            [
              -74.07331386167716,
              40.70194578076207
            ],
            [
              -74.0744820508125,
              40.70195515271672
            ],
            [
              -74.07449451323535,
              40.70105483852342
            ]
          ]
        ]
      }
    },
    {
      "id": "12",
      "type": "Feature",
      "properties": {
        "tile_id": 12,
        "average_temperature": 31.8977,
        "min_temperature": 31.8977,
        "max_temperature": 31.8977
      },
      "geometry": {
        "type": "Polygon",
        "coordinates": [
          [
            [
              -74.07332633982462,
              40.70104546686468
            ],
            [
              -74.0721581669638,
              40.70103608338728
            ],
            [
              -74.07214567309178,
              40.70193639698838
            ],
            [
              -74.07331386167716,
              40.70194578076207
            ],
            [
              -74.07332633982462,
              40.70104546686468
            ]
          ]
        ]
      }
    },
    {
      "id": "13",
      "type": "Feature",
      "properties": {
        "tile_id": 13,
        "average_temperature": 31.8894,
        "min_temperature": 31.8894,
        "max_temperature": 31.8894
      },
      "geometry": {
        "type": "Polygon",
        "coordinates": [
          [
            [
              -74.0721581669638,
              40.70103608338728
            ],
            [
              -74.0709899946536,
              40.701026688091254
            ],
            [
              -74.07097748505706,
              40.70192700139569
            ],
            [
              -74.07214567309178,
              40.70193639698838
            ],
            [
              -74.0721581669638,
              40.70103608338728
            ]
          ]
        ]
      }
    },
    {
      "id": "14",
      "type": "Feature",
      "properties": {
        "tile_id": 14,
        "average_temperature": 31.8897,
        "min_temperature": 31.8897,
        "max_temperature": 31.8897
      },
      "geometry": {
        "type": "Polygon",
        "coordinates": [
          [
            [
              -74.0709899946536,
              40.701026688091254
            ],
            [
              -74.06982182289471,
              40.7010172809766
            ],
            [
              -74.06980929757366,
              40.70191759398401
            ],
            [
              -74.07097748505706,
              40.70192700139569
            ],
            [
              -74.0709899946536,
              40.701026688091254
            ]
          ]
        ]
      }
    },
    {
      "id": "15",
      "type": "Feature",
      "properties": {
        "tile_id": 15,
        "average_temperature": 31.8968,
        "min_temperature": 31.8968,
        "max_temperature": 31.8968
      },
      "geometry": {
        "type": "Polygon",
        "coordinates": [
          [
            [
              -74.06982182289471,
              40.7010172809766
            ],
            [
              -74.06865365168782,
              40.70100786204335
            ],
            [
              -74.06864111064229,
              40.701908174753335
            ],
            [
              -74.06980929757366,
              40.70191759398401
            ],
            [
              -74.06982182289471,
              40.7010172809766
            ]
          ]
        ]
      }
    },
    {
      "id": "16",
      "type": "Feature",
      "properties": {
        "tile_id": 16,
        "average_temperature": 31.9085,
        "min_temperature": 31.9085,
        "max_temperature": 31.9085
      },
      "geometry": {
        "type": "Polygon",
        "coordinates": [
          [
            [
              -74.06865365168782,
              40.70100786204335
            ],
            [
              -74.06748548103363,
              40.7009984312915
            ],
            [
              -74.06747292426365,
              40.70189874370371
            ],
            [
              -74.06864111064229,
              40.701908174753335
            ],
            [
              -74.06865365168782,
              40.70100786204335
            ]
          ]
        ]
      }
    },
    {
      "id": "17",
      "type": "Feature",
      "properties": {
        "tile_id": 17,
        "average_temperature": 31.9231,
        "min_temperature": 31.9231,
        "max_temperature": 31.9231
      },
      "geometry": {
        "type": "Polygon",
        "coordinates": [
          [
            [
              -74.06748548103363,
              40.7009984312915
            ],
            [
              -74.06631731093283,
              40.70098898872109
            ],
            [
              -74.06630473843843,
              40.701889300835134
            ],
            [
              -74.06747292426365,
              40.70189874370371
            ],
            [
              -74.06748548103363,
              40.7009984312915
            ]
          ]
        ]
      }
    },
    {
      "id": "18",
      "type": "Feature",
      "properties": {
        "tile_id": 18,
        "average_temperature": 31.9385,
        "min_temperature": 31.9385,
        "max_temperature": 31.9385
      },
      "geometry": {
        "type": "Polygon",
        "coordinates": [
          [
            [
              -74.06631731093283,
              40.70098898872109
            ],
            [
              -74.06514914138612,
              40.70097953433211
            ],
            [
              -74.06513655316732,
              40.701879846147634
            ],
            [
              -74.06630473843843,
              40.701889300835134
            ],
            [
              -74.06631731093283,
              40.70098898872109
            ]
          ]
        ]
      }
    },
    {
      "id": "19",
      "type": "Feature",
      "properties": {
        "tile_id": 19,
        "average_temperature": 31.9528,
        "min_temperature": 31.9528,
        "max_temperature": 31.9528
      },
      "geometry": {
        "type": "Polygon",
        "coordinates": [
          [
            [
              -74.06514914138612,
              40.70097953433211
            ],
            [
              -74.06398097239416,
              40.7009700681246
            ],
            [
              -74.063968368451,
              40.70187037964121
            ],
            [
              -74.06513655316732,
              40.701879846147634
            ],
            [
              -74.06514914138612,
              40.70097953433211
            ]
          ]
        ]
      }
    },
    {
      "id": "20",
      "type": "Feature",
      "properties": {
        "tile_id": 20,
        "average_temperature": 31.9643,
        "min_temperature": 31.9643,
        "max_temperature": 31.9643
      },
      "geometry": {
        "type": "Polygon",
        "coordinates": [
          [
            [
              -74.06398097239416,
              40.7009700681246
            ],
            [
              -74.06281280395768,
              40.70096059009856
            ],
            [
              -74.06280018429018,
              40.70186090131589
            ],
            [
              -74.063968368451,
              40.70187037964121
            ],
            [
              -74.06398097239416,
              40.7009700681246
            ]
          ]
        ]
      }
    },
    {
      "id": "21",
      "type": "Feature",
      "properties": {
        "tile_id": 21,
        "average_temperature": 31.9729,
        "min_temperature": 31.9729,
        "max_temperature": 31.9729
      },
      "geometry": {
        "type": "Polygon",
        "coordinates": [
          [
            [
              -74.06281280395768,
              40.70096059009856
            ],
            [
              -74.06164463607738,
              40.70095110025402
            ],
            [
              -74.06163200068555,
              40.70185141117171
            ],
            [
              -74.06280018429018,
              40.70186090131589
            ],
            [
              -74.06281280395768,
              40.70096059009856
            ]
          ]
        ]
      }
    },
    {
      "id": "22",
      "type": "Feature",
      "properties": {
        "tile_id": 22,
        "average_temperature": 31.9791,
        "min_temperature": 31.9791,
        "max_temperature": 31.9791
      },
      "geometry": {
        "type": "Polygon",
        "coordinates": [
          [
            [
              -74.06164463607738,
              40.70095110025402
            ],
            [
              -74.0604764687539,
              40.70094159859097
            ],
            [
              -74.06046381763781,
              40.70184190920863
            ],
            [
              -74.06163200068555,
              40.70185141117171
            ],
            [
              -74.06164463607738,
              40.70095110025402
            ]
          ]
        ]
      }
    },
    {
      "id": "23",
      "type": "Feature",
      "properties": {
        "tile_id": 23,
        "average_temperature": 31.9832,
        "min_temperature": 31.9832,
        "max_temperature": 31.9832
      },
      "geometry": {
        "type": "Polygon",
        "coordinates": [
          [
            [
              -74.0604764687539,
              40.70094159859097
            ],
            [
              -74.05930830198798,
              40.70093208510947
            ],
            [
              -74.05929563514763,
              40.70183239542673
            ],
            [
              -74.06046381763781,
              40.70184190920863
            ],
            [
              -74.0604764687539,
              40.70094159859097
            ]
          ]
        ]
      }
    },
    {
      "id": "24",
      "type": "Feature",
      "properties": {
        "tile_id": 24,
        "average_temperature": 31.9857,
        "min_temperature": 31.9857,
        "max_temperature": 31.9857
      },
      "geometry": {
        "type": "Polygon",
        "coordinates": [
          [
            [
              -74.05930830198798,
              40.70093208510947
            ],
            [
              -74.05814013578029,
              40.7009225598095
            ],
            [
              -74.05812745321572,
              40.70182286982599
            ],
            [
              -74.05929563514763,
              40.70183239542673
            ],
            [
              -74.05930830198798,
              40.70093208510947
            ]
          ]
        ]
      }
    },
    {
      "id": "25",
      "type": "Feature",
      "properties": {
        "tile_id": 25,
        "average_temperature": 31.9871,
        "min_temperature": 31.9871,
        "max_temperature": 31.9871
      },
      "geometry": {
        "type": "Polygon",
        "coordinates": [
          [
            [
              -74.05814013578029,
              40.7009225598095
            ],
            [
              -74.05697197013154,
              40.70091302269109
            ],
            [
              -74.05695927184277,
              40.70181333240644
            ],
            [
              -74.05812745321572,
              40.70182286982599
            ],
            [
              -74.05814013578029,
              40.7009225598095
            ]
          ]
        ]
      }
    },
    {
      "id": "26",
      "type": "Feature",
      "properties": {
        "tile_id": 26,
        "average_temperature": 31.9877,
        "min_temperature": 31.9877,
        "max_temperature": 31.9877
      },
      "geometry": {
        "type": "Polygon",
        "coordinates": [
          [
            [
              -74.05697197013154,
              40.70091302269109
            ],
            [
              -74.0558038050424,
              40.700903473754245
            ],
            [
              -74.05579109102948,
              40.70180378316809
            ],
            [
              -74.05695927184277,
              40.70181333240644
            ],
            [
              -74.05697197013154,
              40.70091302269109
            ]
          ]
        ]
      }
    },
    {
      "id": "27",
      "type": "Feature",
      "properties": {
        "tile_id": 27,
        "average_temperature": 31.9878,
        "min_temperature": 31.9878,
        "max_temperature": 31.9878
      },
      "geometry": {
        "type": "Polygon",
        "coordinates": [
          [
            [
              -74.0558038050424,
              40.700903473754245
            ],
            [
              -74.0546356405136,
              40.700893912999
            ],
            [
              -74.05462291077652,
              40.70179422211095
            ],
            [
              -74.05579109102948,
              40.70180378316809
            ],
            [
              -74.0558038050424,
              40.700903473754245
            ]
          ]
        ]
      }
    },
    {
      "id": "28",
      "type": "Feature",
      "properties": {
        "tile_id": 28,
        "average_temperature": 31.9879,
        "min_temperature": 31.9879,
        "max_temperature": 31.9879
      },
      "geometry": {
        "type": "Polygon",
        "coordinates": [
          [
            [
              -74.0546356405136,
              40.700893912999
            ],
            [
              -74.05346747654578,
              40.70088434042536
            ],
            [
              -74.05345473108461,
              40.701784649235044
            ],
            [
              -74.05462291077652,
              40.70179422211095
            ],
            [
              -74.0546356405136,
              40.700893912999
            ]
          ]
        ]
      }
    },
    {
      "id": "29",
      "type": "Feature",
      "properties": {
        "tile_id": 29,
        "average_temperature": 31.9882,
        "min_temperature": 31.9882,
        "max_temperature": 31.9882
      },
      "geometry": {
        "type": "Polygon",
        "coordinates": [
          [
            [
              -74.05346747654578,
              40.70088434042536
            ],
            [
              -74.05229931313968,
              40.700874756033336
            ],
            [
              -74.05228655195444,
              40.7017750645404
            ],
            [
              -74.05345473108461,
              40.701784649235044
            ],
            [
              -74.05346747654578,
              40.70088434042536
            ]
          ]
        ]
      }
    },
    {
      "id": "30",
      "type": "Feature",
      "properties": {
        "tile_id": 30,
        "average_temperature": 31.9888,
        "min_temperature": 31.9888,
        "max_temperature": 31.9888
      },
      "geometry": {
        "type": "Polygon",
        "coordinates": [
          [
            [
              -74.05229931313968,
              40.700874756033336
            ],
            [
              -74.05113115029597,
              40.70086515982296
            ],
            [
              -74.05111837338667,
              40.70176546802701
            ],
            [
              -74.05228655195444,
              40.7017750645404
            ],
            [
              -74.05229931313968,
              40.700874756033336
            ]
          ]
        ]
      }
    },
    {
      "id": "31",
      "type": "Feature",
      "properties": {
        "tile_id": 31,
        "average_temperature": 31.9897,
        "min_temperature": 31.9897,
        "max_temperature": 31.9897
      },
      "geometry": {
        "type": "Polygon",
        "coordinates": [
          [
            [
              -74.05113115029597,
              40.70086515982296
            ],
            [
              -74.04996298801535,
              40.70085555179425
            ],
            [
              -74.04995019538201,
              40.701755859694906
            ],
            [
              -74.05111837338667,
              40.70176546802701
            ],
            [
              -74.05113115029597,
              40.70086515982296
            ]
          ]
        ]
      }
    },
    {
      "id": "32",
      "type": "Feature",
      "properties": {
        "tile_id": 32,
        "average_temperature": 32.6918,
        "min_temperature": 32.6918,
        "max_temperature": 32.6918
      },
      "geometry": {
        "type": "Polygon",
        "coordinates": [
          [
            [
              -74.08733216739991,
              40.70205746415759
            ],
            [
              -74.0861639722608,
              40.702048222213286
            ],
            [
              -74.08615166652926,
              40.702948539201316
            ],
            [
              -74.08731987739395,
              40.70295778143745
            ],
            [
              -74.08733216739991,
              40.70205746415759
            ]
          ]
        ]
      }
    },
    {
      "id": "33",
      "type": "Feature",
      "properties": {
        "tile_id": 33,
        "average_temperature": 32.6195,
        "min_temperature": 32.6195,
        "max_temperature": 32.6195
      },
      "geometry": {
        "type": "Polygon",
        "coordinates": [
          [
            [
              -74.0861639722608,
              40.702048222213286
            ],
            [
              -74.08499577766406,
              40.70203896844978
            ],
            [
              -74.08498345620691,
              40.70293928514562
            ],
            [
              -74.08615166652926,
              40.702948539201316
            ],
            [
              -74.0861639722608,
              40.702048222213286
            ]
          ]
        ]
      }
    },
    {
      "id": "34",
      "type": "Feature",
      "properties": {
        "tile_id": 34,
        "average_temperature": 32.541,
        "min_temperature": 32.541,
        "max_temperature": 32.541
      },
      "geometry": {
        "type": "Polygon",
        "coordinates": [
          [
            [
              -74.08499577766406,
              40.70203896844978
            ],
            [
              -74.08382758361033,
              40.702029702867094
            ],
            [
              -74.08381524642763,
              40.70293001927036
            ],
            [
              -74.08498345620691,
              40.70293928514562
            ],
            [
              -74.08499577766406,
              40.70203896844978
            ]
          ]
        ]
      }
    },
    {
      "id": "35",
      "type": "Feature",
      "properties": {
        "tile_id": 35,
        "average_temperature": 32.4586,
        "min_temperature": 32.4586,
        "max_temperature": 32.4586
      },
      "geometry": {
        "type": "Polygon",
        "coordinates": [
          [
            [
              -74.08382758361033,
              40.702029702867094
            ],
            [
              -74.08265939010032,
              40.70202042546523
            ],
            [
              -74.08264703719209,
              40.702920741575554
            ],
            [
              -74.08381524642763,
              40.70293001927036
            ],
            [
              -74.08382758361033,
              40.702029702867094
            ]
          ]
        ]
      }
    },
    {
      "id": "36",
      "type": "Feature",
      "properties": {
        "tile_id": 36,
        "average_temperature": 32.3749,
        "min_temperature": 32.3749,
        "max_temperature": 32.3749
      },
      "geometry": {
        "type": "Polygon",
        "coordinates": [
          [
            [
              -74.08265939010032,
              40.70202042546523
            ],
            [
              -74.08149119713471,
              40.70201113624421
            ],
            [
              -74.081478828501,
              40.702911452061215
            ],
            [
              -74.08264703719209,
              40.702920741575554
            ],
            [
              -74.08265939010032,
              40.70202042546523
            ]
          ]
        ]
      }
    },
    {
      "id": "37",
      "type": "Feature",
      "properties": {
        "tile_id": 37,
        "average_temperature": 32.2922,
        "min_temperature": 32.2922,
        "max_temperature": 32.2922
      },
      "geometry": {
        "type": "Polygon",
        "coordinates": [
          [
            [
              -74.08149119713471,
              40.70201113624421
            ],
            [
              -74.0803230047142,
              40.70200183520404
            ],
            [
              -74.08031062035502,
              40.70290215072737
            ],
            [
              -74.081478828501,
              40.702911452061215
            ],
            [
              -74.08149119713471,
              40.70201113624421
            ]
          ]
        ]
      }
    },
    {
      "id": "38",
      "type": "Feature",
      "properties": {
        "tile_id": 38,
        "average_temperature": 32.2129,
        "min_temperature": 32.2129,
        "max_temperature": 32.2129
      },
      "geometry": {
        "type": "Polygon",
        "coordinates": [
          [
            [
              -74.0803230047142,
              40.70200183520404
            ],
            [
              -74.0791548128395,
              40.70199252234477
            ],
            [
              -74.07914241275488,
              40.702892837574026
            ],
            [
              -74.08031062035502,
              40.70290215072737
            ],
            [
              -74.0803230047142,
              40.70200183520404
            ]
          ]
        ]
      }
    },
    {
      "id": "39",
      "type": "Feature",
      "properties": {
        "tile_id": 39,
        "average_temperature": 32.1393,
        "min_temperature": 32.1393,
        "max_temperature": 32.1393
      },
      "geometry": {
        "type": "Polygon",
        "coordinates": [
          [
            [
              -74.0791548128395,
              40.70199252234477
            ],
            [
              -74.07798662151129,
              40.70198319766637
            ],
            [
              -74.07797420570124,
              40.702883512601204
            ],
            [
              -74.07914241275488,
              40.702892837574026
            ],
            [
              -74.0791548128395,
              40.70199252234477
            ]
          ]
        ]
      }
    },
    {
      "id": "40",
      "type": "Feature",
      "properties": {
        "tile_id": 40,
        "average_temperature": 32.074,
        "min_temperature": 32.074,
        "max_temperature": 32.074
      },
      "geometry": {
        "type": "Polygon",
        "coordinates": [
          [
            [
              -74.07798662151129,
              40.70198319766637
            ],
            [
              -74.07681843073026,
              40.701973861168895
            ],
            [
              -74.07680599919483,
              40.70287417580892
            ],
            [
              -74.07797420570124,
              40.702883512601204
            ],
            [
              -74.07798662151129,
              40.70198319766637
            ]
          ]
        ]
      }
    },
    {
      "id": "41",
      "type": "Feature",
      "properties": {
        "tile_id": 41,
        "average_temperature": 32.0193,
        "min_temperature": 32.0193,
        "max_temperature": 32.0193
      },
      "geometry": {
        "type": "Polygon",
        "coordinates": [
          [
            [
              -74.07681843073026,
              40.701973861168895
            ],
            [
              -74.0756502404971,
              40.701964512852335
            ],
            [
              -74.0756377932363,
              40.70286482719718
            ],
            [
              -74.07680599919483,
              40.70287417580892
            ],
            [
              -74.07681843073026,
              40.701973861168895
            ]
          ]
        ]
      }
    },
    {
      "id": "42",
      "type": "Feature",
      "properties": {
        "tile_id": 42,
        "average_temperature": 31.9777,
        "min_temperature": 31.9777,
        "max_temperature": 31.9777
      },
      "geometry": {
        "type": "Polygon",
        "coordinates": [
          [
            [
              -74.0756502404971,
              40.701964512852335
            ],
            [
              -74.0744820508125,
              40.70195515271673
            ],
            [
              -74.07446958782639,
              40.70285546676601
            ],
            [
              -74.0756377932363,
              40.70286482719718
            ],
            [
              -74.0756502404971,
              40.701964512852335
            ]
          ]
        ]
      }
    },
    {
      "id": "43",
      "type": "Feature",
      "properties": {
        "tile_id": 43,
        "average_temperature": 31.9501,
        "min_temperature": 31.9501,
        "max_temperature": 31.9501
      },
      "geometry": {
        "type": "Polygon",
        "coordinates": [
          [
            [
              -74.0744820508125,
              40.70195515271673
            ],
            [
              -74.07331386167716,
              40.70194578076207
            ],
            [
              -74.07330138296575,
              40.70284609451543
            ],
            [
              -74.07446958782639,
              40.70285546676601
            ],
            [
              -74.0744820508125,
              40.70195515271673
            ]
          ]
        ]
      }
    },
    {
      "id": "44",
      "type": "Feature",
      "properties": {
        "tile_id": 44,
        "average_temperature": 31.9347,
        "min_temperature": 31.9347,
        "max_temperature": 31.9347
      },
      "geometry": {
        "type": "Polygon",
        "coordinates": [
          [
            [
              -74.07331386167716,
              40.70194578076207
            ],
            [
              -74.07214567309178,
              40.70193639698839
            ],
            [
              -74.0721331786551,
              40.70283671044545
            ],
            [
              -74.07330138296575,
              40.70284609451543
            ],
            [
              -74.07331386167716,
              40.70194578076207
            ]
          ]
        ]
      }
    },
    {
      "id": "45",
      "type": "Feature",
      "properties": {
        "tile_id": 45,
        "average_temperature": 31.9292,
        "min_temperature": 31.9292,
        "max_temperature": 31.9292
      },
      "geometry": {
        "type": "Polygon",
        "coordinates": [
          [
            [
              -74.07214567309178,
              40.70193639698839
            ],
            [
              -74.07097748505706,
              40.701927001395696
            ],
            [
              -74.07096497489512,
              40.70282731455608
            ],
            [
              -74.0721331786551,
              40.70283671044545
            ],
            [
              -74.07214567309178,
              40.70193639698839
            ]
          ]
        ]
      }
    },
    {
      "id": "46",
      "type": "Feature",
      "properties": {
        "tile_id": 46,
        "average_temperature": 31.9313,
        "min_temperature": 31.9313,
        "max_temperature": 31.9313
      },
      "geometry": {
        "type": "Polygon",
        "coordinates": [
          [
            [
              -74.07097748505706,
              40.701927001395696
            ],
            [
              -74.06980929757366,
              40.70191759398401
            ],
            [
              -74.0697967716865,
              40.70281790684734
            ],
            [
              -74.07096497489512,
              40.70282731455608
            ],
            [
              -74.07097748505706,
              40.701927001395696
            ]
          ]
        ]
      }
    },
    {
      "id": "47",
      "type": "Feature",
      "properties": {
        "tile_id": 47,
        "average_temperature": 31.9389,
        "min_temperature": 31.9389,
        "max_temperature": 31.9389
      },
      "geometry": {
        "type": "Polygon",
        "coordinates": [
          [
            [
              -74.06980929757366,
              40.70191759398401
            ],
            [
              -74.06864111064229,
              40.701908174753335
            ],
            [
              -74.06862856902994,
              40.70280848731926
            ],
            [
              -74.0697967716865,
              40.70281790684734
            ],
            [
              -74.06980929757366,
              40.70191759398401
            ]
          ]
        ]
      }
    },
    {
      "id": "48",
      "type": "Feature",
      "properties": {
        "tile_id": 48,
        "average_temperature": 31.9498,
        "min_temperature": 31.9498,
        "max_temperature": 31.9498
      },
      "geometry": {
        "type": "Polygon",
        "coordinates": [
          [
            [
              -74.06864111064229,
              40.701908174753335
            ],
            [
              -74.06747292426365,
              40.70189874370371
            ],
            [
              -74.06746036692614,
              40.702799055971845
            ],
            [
              -74.06862856902994,
              40.70280848731926
            ],
            [
              -74.06864111064229,
              40.701908174753335
            ]
          ]
        ]
      }
    },
    {
      "id": "49",
      "type": "Feature",
      "properties": {
        "tile_id": 49,
        "average_temperature": 31.9616,
        "min_temperature": 31.9616,
        "max_temperature": 31.9616
      },
      "geometry": {
        "type": "Polygon",
        "coordinates": [
          [
            [
              -74.06747292426365,
              40.70189874370371
            ],
            [
              -74.06630473843843,
              40.701889300835134
            ],
            [
              -74.06629216537578,
              40.7027896128051
            ],
            [
              -74.06746036692614,
              40.702799055971845
            ],
            [
              -74.06747292426365,
              40.70189874370371
            ]
          ]
        ]
      }
    },
    {
      "id": "50",
      "type": "Feature",
      "properties": {
        "tile_id": 50,
        "average_temperature": 31.9723,
        "min_temperature": 31.9723,
        "max_temperature": 31.9723
      },
      "geometry": {
        "type": "Polygon",
        "coordinates": [
          [
            [
              -74.06630473843843,
              40.701889300835134
            ],
            [
              -74.06513655316732,
              40.701879846147634
            ],
            [
              -74.06512396437957,
              40.70278015781906
            ],
            [
              -74.06629216537578,
              40.7027896128051
            ],
            [
              -74.06630473843843,
              40.701889300835134
            ]
          ]
        ]
      }
    },
    {
      "id": "51",
      "type": "Feature",
      "properties": {
        "tile_id": 51,
        "average_temperature": 31.9796,
        "min_temperature": 31.9796,
        "max_temperature": 31.9796
      },
      "geometry": {
        "type": "Polygon",
        "coordinates": [
          [
            [
              -74.06513655316732,
              40.701879846147634
            ],
            [
              -74.063968368451,
              40.70187037964122
            ],
            [
              -74.06395576393818,
              40.70277069101373
            ],
            [
              -74.06512396437957,
              40.70278015781906
            ],
            [
              -74.06513655316732,
              40.701879846147634
            ]
          ]
        ]
      }
    },
    {
      "id": "52",
      "type": "Feature",
      "properties": {
        "tile_id": 52,
        "average_temperature": 31.9816,
        "min_temperature": 31.9816,
        "max_temperature": 31.9816
      },
      "geometry": {
        "type": "Polygon",
        "coordinates": [
          [
            [
              -74.063968368451,
              40.70187037964122
            ],
            [
              -74.06280018429018,
              40.7018609013159
            ],
            [
              -74.06278756405231,
              40.702761212389134
            ],
            [
              -74.06395576393818,
              40.70277069101373
            ],
            [
              -74.063968368451,
              40.70187037964122
            ]
          ]
        ]
      }
    },
    {
      "id": "53",
      "type": "Feature",
      "properties": {
        "tile_id": 53,
        "average_temperature": 31.9785,
        "min_temperature": 31.9785,
        "max_temperature": 31.9785
      },
      "geometry": {
        "type": "Polygon",
        "coordinates": [
          [
            [
              -74.06280018429018,
              40.7018609013159
            ],
            [
              -74.06163200068555,
              40.70185141117171
            ],
            [
              -74.06161936472267,
              40.702751721945276
            ],
            [
              -74.06278756405231,
              40.702761212389134
            ],
            [
              -74.06280018429018,
              40.7018609013159
            ]
          ]
        ]
      }
    },
    {
      "id": "54",
      "type": "Feature",
      "properties": {
        "tile_id": 54,
        "average_temperature": 31.9715,
        "min_temperature": 31.9715,
        "max_temperature": 31.9715
      },
      "geometry": {
        "type": "Polygon",
        "coordinates": [
          [
            [
              -74.06163200068555,
              40.70185141117171
            ],
            [
              -74.06046381763781,
              40.701841909208646
            ],
            [
              -74.06045116594991,
              40.7027422196822
            ],
            [
              -74.06161936472267,
              40.702751721945276
            ],
            [
              -74.06163200068555,
              40.70185141117171
            ]
          ]
        ]
      }
    },
    {
      "id": "55",
      "type": "Feature",
      "properties": {
        "tile_id": 55,
        "average_temperature": 31.9613,
        "min_temperature": 31.9613,
        "max_temperature": 31.9613
      },
      "geometry": {
        "type": "Polygon",
        "coordinates": [
          [
            [
              -74.06046381763781,
              40.701841909208646
            ],
            [
              -74.05929563514763,
              40.70183239542674
            ],
            [
              -74.05928296773479,
              40.70273270559988
            ],
            [
              -74.06045116594991,
              40.7027422196822
            ],
            [
              -74.06046381763781,
              40.701841909208646
            ]
          ]
        ]
      }
    },
    {
      "id": "56",
      "type": "Feature",
      "properties": {
        "tile_id": 56,
        "average_temperature": 31.9491,
        "min_temperature": 31.9491,
        "max_temperature": 31.9491
      },
      "geometry": {
        "type": "Polygon",
        "coordinates": [
          [
            [
              -74.05929563514763,
              40.70183239542674
            ],
            [
              -74.05812745321572,
              40.701822869825996
            ],
            [
              -74.05811477007795,
              40.702723179698374
            ],
            [
              -74.05928296773479,
              40.70273270559988
            ],
            [
              -74.05929563514763,
              40.70183239542674
            ]
          ]
        ]
      }
    },
    {
      "id": "57",
      "type": "Feature",
      "properties": {
        "tile_id": 57,
        "average_temperature": 31.9359,
        "min_temperature": 31.9359,
        "max_temperature": 31.9359
      },
      "geometry": {
        "type": "Polygon",
        "coordinates": [
          [
            [
              -74.05812745321572,
              40.701822869825996
            ],
            [
              -74.05695927184277,
              40.701813332406445
            ],
            [
              -74.0569465729801,
              40.70271364197767
            ],
            [
              -74.05811477007795,
              40.702723179698374
            ],
            [
              -74.05812745321572,
              40.701822869825996
            ]
          ]
        ]
      }
    },
    {
      "id": "58",
      "type": "Feature",
      "properties": {
        "tile_id": 58,
        "average_temperature": 31.9225,
        "min_temperature": 31.9225,
        "max_temperature": 31.9225
      },
      "geometry": {
        "type": "Polygon",
        "coordinates": [
          [
            [
              -74.05695927184277,
              40.701813332406445
            ],
            [
              -74.05579109102948,
              40.70180378316809
            ],
            [
              -74.0557783764419,
              40.702704092437784
            ],
            [
              -74.0569465729801,
              40.70271364197767
            ],
            [
              -74.05695927184277,
              40.701813332406445
            ]
          ]
        ]
      }
    },
    {
      "id": "59",
      "type": "Feature",
      "properties": {
        "tile_id": 59,
        "average_temperature": 31.9099,
        "min_temperature": 31.9099,
        "max_temperature": 31.9099
      },
      "geometry": {
        "type": "Polygon",
        "coordinates": [
          [
            [
              -74.05579109102948,
              40.70180378316809
            ],
            [
              -74.05462291077652,
              40.701794222110955
            ],
            [
              -74.05461018046411,
              40.70269453107875
            ],
            [
              -74.0557783764419,
              40.702704092437784
            ],
            [
              -74.05579109102948,
              40.70180378316809
            ]
          ]
        ]
      }
    },
    {
      "id": "60",
      "type": "Feature",
      "properties": {
        "tile_id": 60,
        "average_temperature": 31.899,
        "min_temperature": 31.899,
        "max_temperature": 31.899
      },
      "geometry": {
        "type": "Polygon",
        "coordinates": [
          [
            [
              -74.05462291077652,
              40.701794222110955
            ],
            [
              -74.05345473108461,
              40.70178464923505
            ],
            [
              -74.05344198504739,
              40.70268495790058
            ],
            [
              -74.05461018046411,
              40.70269453107875
            ],
            [
              -74.05462291077652,
              40.701794222110955
            ]
          ]
        ]
      }
    },
    {
      "id": "61",
      "type": "Feature",
      "properties": {
        "tile_id": 61,
        "average_temperature": 31.8907,
        "min_temperature": 31.8907,
        "max_temperature": 31.8907
      },
      "geometry": {
        "type": "Polygon",
        "coordinates": [
          [
            [
              -74.05345473108461,
              40.70178464923505
            ],
            [
              -74.05228655195444,
              40.7017750645404
            ],
            [
              -74.0522737901924,
              40.70267537290329
            ],
            [
              -74.05344198504739,
              40.70268495790058
            ],
            [
              -74.05345473108461,
              40.70178464923505
            ]
          ]
        ]
      }
    },
    {
      "id": "62",
      "type": "Feature",
      "properties": {
        "tile_id": 62,
        "average_temperature": 31.8852,
        "min_temperature": 31.8852,
        "max_temperature": 31.8852
      },
      "geometry": {
        "type": "Polygon",
        "coordinates": [
          [
            [
              -74.05228655195444,
              40.7017750645404
            ],
            [
              -74.05111837338667,
              40.70176546802701
            ],
            [
              -74.05110559589988,
              40.70266577608689
            ],
            [
              -74.0522737901924,
              40.70267537290329
            ],
            [
              -74.05228655195444,
              40.7017750645404
            ]
          ]
        ]
      }
    },
    {
      "id": "63",
      "type": "Feature",
      "properties": {
        "tile_id": 63,
        "average_temperature": 31.8823,
        "min_temperature": 31.8823,
        "max_temperature": 31.8823
      },
      "geometry": {
        "type": "Polygon",
        "coordinates": [
          [
            [
              -74.05111837338667,
              40.70176546802701
            ],
            [
              -74.04995019538201,
              40.70175585969491
            ],
            [
              -74.04993740217051,
              40.7026561674514
            ],
            [
              -74.05110559589988,
              40.70266577608689
            ],
            [
              -74.05111837338667,
              40.70176546802701
            ]
          ]
        ]
      }
    },
    {
      "id": "64",
      "type": "Feature",
      "properties": {
        "tile_id": 64,
        "average_temperature": 32.6861,
        "min_temperature": 32.6861,
        "max_temperature": 32.6861
      },
      "geometry": {
        "type": "Polygon",
        "coordinates": [
          [
            [
              -74.08731987739395,
              40.702957781437455
            ],
            [
              -74.08615166652926,
              40.70294853920132
            ],
            [
              -74.08613936024152,
              40.703848856045404
            ],
            [
              -74.08730758683252,
              40.70385809857336
            ],
            [
              -74.08731987739395,
              40.702957781437455
            ]
          ]
        ]
      }
    },
    {
      "id": "65",
      "type": "Feature",
      "properties": {
        "tile_id": 65,
        "average_temperature": 32.6159,
        "min_temperature": 32.6159,
        "max_temperature": 32.6159
      },
      "geometry": {
        "type": "Polygon",
        "coordinates": [
          [
            [
              -74.08615166652926,
              40.70294853920132
            ],
            [
              -74.08498345620691,
              40.70293928514562
            ],
            [
              -74.08497113419288,
              40.70383960169751
            ],
            [
              -74.08613936024152,
              40.703848856045404
            ],
            [
              -74.08615166652926,
              40.70294853920132
            ]
          ]
        ]
      }
    },
    {
      "id": "66",
      "type": "Feature",
      "properties": {
        "tile_id": 66,
        "average_temperature": 32.5398,
        "min_temperature": 32.5398,
        "max_temperature": 32.5398
      },
      "geometry": {
        "type": "Polygon",
        "coordinates": [
          [
            [
              -74.08498345620691,
              40.70293928514562
            ],
            [
              -74.08381524642763,
              40.70293001927037
            ],
            [
              -74.08380290868733,
              40.703830335529666
            ],
            [
              -74.08497113419288,
              40.70383960169751
            ],
            [
              -74.08498345620691,
              40.70293928514562
            ]
          ]
        ]
      }
    },
    {
      "id": "67",
      "type": "Feature",
      "properties": {
        "tile_id": 67,
        "average_temperature": 32.4603,
        "min_temperature": 32.4603,
        "max_temperature": 32.4603
      },
      "geometry": {
        "type": "Polygon",
        "coordinates": [
          [
            [
              -74.08381524642763,
              40.70293001927037
            ],
            [
              -74.08264703719209,
              40.70292074157556
            ],
            [
              -74.08263468372554,
              40.70382105754191
            ],
            [
              -74.08380290868733,
              40.703830335529666
            ],
            [
              -74.08381524642763,
              40.70293001927037
            ]
          ]
        ]
      }
    },
    {
      "id": "68",
      "type": "Feature",
      "properties": {
        "tile_id": 68,
        "average_temperature": 32.3795,
        "min_temperature": 32.3795,
        "max_temperature": 32.3795
      },
      "geometry": {
        "type": "Polygon",
        "coordinates": [
          [
            [
              -74.08264703719209,
              40.70292074157556
            ],
            [
              -74.081478828501,
              40.70291145206122
            ],
            [
              -74.08146645930825,
              40.70381176773426
            ],
            [
              -74.08263468372554,
              40.70382105754191
            ],
            [
              -74.08264703719209,
              40.70292074157556
            ]
          ]
        ]
      }
    },
    {
      "id": "69",
      "type": "Feature",
      "properties": {
        "tile_id": 69,
        "average_temperature": 32.3,
        "min_temperature": 32.3,
        "max_temperature": 32.3
      },
      "geometry": {
        "type": "Polygon",
        "coordinates": [
          [
            [
              -74.081478828501,
              40.70291145206122
            ],
            [
              -74.08031062035502,
              40.70290215072737
            ],
            [
              -74.08029823543609,
              40.70380246610671
            ],
            [
              -74.08146645930825,
              40.70381176773426
            ],
            [
              -74.081478828501,
              40.70291145206122
            ]
          ]
        ]
      }
    },
    {
      "id": "70",
      "type": "Feature",
      "properties": {
        "tile_id": 70,
        "average_temperature": 32.224,
        "min_temperature": 32.224,
        "max_temperature": 32.224
      },
      "geometry": {
        "type": "Polygon",
        "coordinates": [
          [
            [
              -74.08031062035502,
              40.70290215072737
            ],
            [
              -74.07914241275488,
              40.702892837574026
            ],
            [
              -74.07913001210979,
              40.70379315265931
            ],
            [
              -74.08029823543609,
              40.70380246610671
            ],
            [
              -74.08031062035502,
              40.70290215072737
            ]
          ]
        ]
      }
    },
    {
      "id": "71",
      "type": "Feature",
      "properties": {
        "tile_id": 71,
        "average_temperature": 32.154,
        "min_temperature": 32.154,
        "max_temperature": 32.154
      },
      "geometry": {
        "type": "Polygon",
        "coordinates": [
          [
            [
              -74.07914241275488,
              40.702892837574026
            ],
            [
              -74.07797420570124,
              40.702883512601204
            ],
            [
              -74.07796178933003,
              40.70378382739204
            ],
            [
              -74.07913001210979,
              40.70379315265931
            ],
            [
              -74.07914241275488,
              40.702892837574026
            ]
          ]
        ]
      }
    },
    {
      "id": "72",
      "type": "Feature",
      "properties": {
        "tile_id": 72,
        "average_temperature": 32.0922,
        "min_temperature": 32.0922,
        "max_temperature": 32.0922
      },
      "geometry": {
        "type": "Polygon",
        "coordinates": [
          [
            [
              -74.07797420570124,
              40.702883512601204
            ],
            [
              -74.07680599919483,
              40.70287417580893
            ],
            [
              -74.07679356709752,
              40.70377449030493
            ],
            [
              -74.07796178933003,
              40.70378382739204
            ],
            [
              -74.07797420570124,
              40.702883512601204
            ]
          ]
        ]
      }
    },
    {
      "id": "73",
      "type": "Feature",
      "properties": {
        "tile_id": 73,
        "average_temperature": 32.0411,
        "min_temperature": 32.0411,
        "max_temperature": 32.0411
      },
      "geometry": {
        "type": "Polygon",
        "coordinates": [
          [
            [
              -74.07680599919483,
              40.70287417580893
            ],
            [
              -74.0756377932363,
              40.70286482719719
            ],
            [
              -74.07562534541293,
              40.703765141398016
            ],
            [
              -74.07679356709752,
              40.70377449030493
            ],
            [
              -74.07680599919483,
              40.70287417580893
            ]
          ]
        ]
      }
    },
    {
      "id": "74",
      "type": "Feature",
      "properties": {
        "tile_id": 74,
        "average_temperature": 32.003,
        "min_temperature": 32.003,
        "max_temperature": 32.003
      },
      "geometry": {
        "type": "Polygon",
        "coordinates": [
          [
            [
              -74.0756377932363,
              40.70286482719719
            ],
            [
              -74.07446958782639,
              40.702855466766025
            ],
            [
              -74.07445712427698,
              40.70375578067128
            ],
            [
              -74.07562534541293,
              40.703765141398016
            ],
            [
              -74.0756377932363,
              40.70286482719719
            ]
          ]
        ]
      }
    },
    {
      "id": "75",
      "type": "Feature",
      "properties": {
        "tile_id": 75,
        "average_temperature": 31.9789,
        "min_temperature": 31.9789,
        "max_temperature": 31.9789
      },
      "geometry": {
        "type": "Polygon",
        "coordinates": [
          [
            [
              -74.07446958782639,
              40.702855466766025
            ],
            [
              -74.07330138296575,
              40.70284609451544
            ],
            [
              -74.07328890369031,
              40.70374640812477
            ],
            [
              -74.07445712427698,
              40.70375578067128
            ],
            [
              -74.07446958782639,
              40.702855466766025
            ]
          ]
        ]
      }
    },
    {
      "id": "76",
      "type": "Feature",
      "properties": {
        "tile_id": 76,
        "average_temperature": 31.9665,
        "min_temperature": 31.9665,
        "max_temperature": 31.9665
      },
      "geometry": {
        "type": "Polygon",
        "coordinates": [
          [
            [
              -74.07330138296575,
              40.70284609451544
            ],
            [
              -74.0721331786551,
              40.70283671044546
            ],
            [
              -74.07212068365368,
              40.703737023758485
            ],
            [
              -74.07328890369033,
              40.70374640812477
            ],
            [
              -74.07330138296575,
              40.70284609451544
            ]
          ]
        ]
      }
    },
    {
      "id": "77",
      "type": "Feature",
      "properties": {
        "tile_id": 77,
        "average_temperature": 31.9634,
        "min_temperature": 31.9634,
        "max_temperature": 31.9634
      },
      "geometry": {
        "type": "Polygon",
        "coordinates": [
          [
            [
              -74.0721331786551,
              40.70283671044546
            ],
            [
              -74.07096497489512,
              40.70282731455609
            ],
            [
              -74.07095246416775,
              40.703727627572434
            ],
            [
              -74.07212068365368,
              40.703737023758485
            ],
            [
              -74.0721331786551,
              40.70283671044546
            ]
          ]
        ]
      }
    },
    {
      "id": "78",
      "type": "Feature",
      "properties": {
        "tile_id": 78,
        "average_temperature": 31.9671,
        "min_temperature": 31.9671,
        "max_temperature": 31.9671
      },
      "geometry": {
        "type": "Polygon",
        "coordinates": [
          [
            [
              -74.07096497489512,
              40.70282731455609
            ],
            [
              -74.0697967716865,
              40.70281790684734
            ],
            [
              -74.0697842452332,
              40.70371821956663
            ],
            [
              -74.07095246416775,
              40.703727627572434
            ],
            [
              -74.07096497489512,
              40.70282731455609
            ]
          ]
        ]
      }
    },
    {
      "id": "79",
      "type": "Feature",
      "properties": {
        "tile_id": 79,
        "average_temperature": 31.9753,
        "min_temperature": 31.9753,
        "max_temperature": 31.9753
      },
      "geometry": {
        "type": "Polygon",
        "coordinates": [
          [
            [
              -74.0697967716865,
              40.70281790684734
            ],
            [
              -74.06862856902994,
              40.70280848731927
            ],
            [
              -74.06861602685075,
              40.70370879974113
            ],
            [
              -74.0697842452332,
              40.70371821956663
            ],
            [
              -74.0697967716865,
              40.70281790684734
            ]
          ]
        ]
      }
    },
    {
      "id": "80",
      "type": "Feature",
      "properties": {
        "tile_id": 80,
        "average_temperature": 31.9853,
        "min_temperature": 31.9853,
        "max_temperature": 31.9853
      },
      "geometry": {
        "type": "Polygon",
        "coordinates": [
          [
            [
              -74.06862856902994,
              40.70280848731927
            ],
            [
              -74.06746036692613,
              40.70279905597185
            ],
            [
              -74.06744780902108,
              40.70369936809591
            ],
            [
              -74.06861602685075,
              40.70370879974113
            ],
            [
              -74.06862856902994,
              40.70280848731927
            ]
          ]
        ]
      }
    },
    {
      "id": "81",
      "type": "Feature",
      "properties": {
        "tile_id": 81,
        "average_temperature": 31.9949,
        "min_temperature": 31.9949,
        "max_temperature": 31.9949
      },
      "geometry": {
        "type": "Polygon",
        "coordinates": [
          [
            [
              -74.06746036692613,
              40.70279905597185
            ],
            [
              -74.06629216537578,
              40.70278961280511
            ],
            [
              -74.06627959174486,
              40.70368992463101
            ],
            [
              -74.06744780902108,
              40.70369936809591
            ],
            [
              -74.06746036692613,
              40.70279905597185
            ]
          ]
        ]
      }
    },
    {
      "id": "82",
      "type": "Feature",
      "properties": {
        "tile_id": 82,
        "average_temperature": 32.0014,
        "min_temperature": 32.0014,
        "max_temperature": 32.0014
      },
      "geometry": {
        "type": "Polygon",
        "coordinates": [
          [
            [
              -74.06629216537578,
              40.70278961280511
            ],
            [
              -74.06512396437957,
              40.70278015781907
            ],
            [
              -74.06511137502284,
              40.70368046934641
            ],
            [
              -74.06627959174486,
              40.70368992463101
            ],
            [
              -74.06629216537578,
              40.70278961280511
            ]
          ]
        ]
      }
    },
    {
      "id": "83",
      "type": "Feature",
      "properties": {
        "tile_id": 83,
        "average_temperature": 32.0026,
        "min_temperature": 32.0026,
        "max_temperature": 32.0026
      },
      "geometry": {
        "type": "Polygon",
        "coordinates": [
          [
            [
              -74.06512396437957,
              40.70278015781907
            ],
            [
              -74.06395576393818,
              40.70277069101374
            ],
            [
              -74.06394315885566,
              40.70367100224217
            ],
            [
              -74.06511137502284,
              40.70368046934641
            ],
            [
              -74.06512396437957,
              40.70278015781907
            ]
          ]
        ]
      }
    },
    {
      "id": "84",
      "type": "Feature",
      "properties": {
        "tile_id": 84,
        "average_temperature": 31.9964,
        "min_temperature": 31.9964,
        "max_temperature": 31.9964
      },
      "geometry": {
        "type": "Polygon",
        "coordinates": [
          [
            [
              -74.06395576393818,
              40.70277069101374
            ],
            [
              -74.06278756405231,
              40.70276121238914
            ],
            [
              -74.06277494324404,
              40.703661523318274
            ],
            [
              -74.06394315885566,
              40.70367100224217
            ],
            [
              -74.06395576393818,
              40.70277069101374
            ]
          ]
        ]
      }
    },
    {
      "id": "85",
      "type": "Feature",
      "properties": {
        "tile_id": 85,
        "average_temperature": 31.9832,
        "min_temperature": 31.9832,
        "max_temperature": 31.9832
      },
      "geometry": {
        "type": "Polygon",
        "coordinates": [
          [
            [
              -74.06278756405231,
              40.70276121238914
            ],
            [
              -74.06161936472267,
              40.70275172194528
            ],
            [
              -74.06160672818865,
              40.70365203257475
            ],
            [
              -74.06277494324404,
              40.703661523318274
            ],
            [
              -74.06278756405231,
              40.70276121238914
            ]
          ]
        ]
      }
    },
    {
      "id": "86",
      "type": "Feature",
      "properties": {
        "tile_id": 86,
        "average_temperature": 31.9645,
        "min_temperature": 31.9645,
        "max_temperature": 31.9645
      },
      "geometry": {
        "type": "Polygon",
        "coordinates": [
          [
            [
              -74.06161936472267,
              40.70275172194528
            ],
            [
              -74.06045116594991,
              40.7027422196822
            ],
            [
              -74.06043851369022,
              40.70364253001163
            ],
            [
              -74.06160672818865,
              40.70365203257475
            ],
            [
              -74.06161936472267,
              40.70275172194528
            ]
          ]
        ]
      }
    },
    {
      "id": "87",
      "type": "Feature",
      "properties": {
        "tile_id": 87,
        "average_temperature": 31.9419,
        "min_temperature": 31.9419,
        "max_temperature": 31.9419
      },
      "geometry": {
        "type": "Polygon",
        "coordinates": [
          [
            [
              -74.06045116594991,
              40.7027422196822
            ],
            [
              -74.05928296773479,
              40.702732705599885
            ],
            [
              -74.0592702997494,
              40.70363301562891
            ],
            [
              -74.06043851369022,
              40.70364253001163
            ],
            [
              -74.06045116594991,
              40.7027422196822
            ]
          ]
        ]
      }
    },
    {
      "id": "88",
      "type": "Feature",
      "properties": {
        "tile_id": 88,
        "average_temperature": 31.9167,
        "min_temperature": 31.9167,
        "max_temperature": 31.9167
      },
      "geometry": {
        "type": "Polygon",
        "coordinates": [
          [
            [
              -74.05928296773479,
              40.702732705599885
            ],
            [
              -74.05811477007795,
              40.70272317969838
            ],
            [
              -74.05810208636692,
              40.7036234894266
            ],
            [
              -74.0592702997494,
              40.70363301562891
            ],
            [
              -74.05928296773479,
              40.702732705599885
            ]
          ]
        ]
      }
    },
    {
      "id": "89",
      "type": "Feature",
      "properties": {
        "tile_id": 89,
        "average_temperature": 31.8906,
        "min_temperature": 31.8906,
        "max_temperature": 31.8906
      },
      "geometry": {
        "type": "Polygon",
        "coordinates": [
          [
            [
              -74.05811477007795,
              40.70272317969838
            ],
            [
              -74.0569465729801,
              40.702713641977674
            ],
            [
              -74.05693387354344,
              40.70361395140473
            ],
            [
              -74.05810208636692,
              40.7036234894266
            ],
            [
              -74.05811477007795,
              40.70272317969838
            ]
          ]
        ]
      }
    },
    {
      "id": "90",
      "type": "Feature",
      "properties": {
        "tile_id": 90,
        "average_temperature": 31.8648,
        "min_temperature": 31.8648,
        "max_temperature": 31.8648
      },
      "geometry": {
        "type": "Polygon",
        "coordinates": [
          [
            [
              -74.0569465729801,
              40.702713641977674
            ],
            [
              -74.0557783764419,
              40.7027040924378
            ],
            [
              -74.0557656612797,
              40.70360440156334
            ],
            [
              -74.05693387354344,
              40.70361395140473
            ],
            [
              -74.0569465729801,
              40.702713641977674
            ]
          ]
        ]
      }
    },
    {
      "id": "91",
      "type": "Feature",
      "properties": {
        "tile_id": 91,
        "average_temperature": 31.8409,
        "min_temperature": 31.8409,
        "max_temperature": 31.8409
      },
      "geometry": {
        "type": "Polygon",
        "coordinates": [
          [
            [
              -74.0557783764419,
              40.7027040924378
            ],
            [
              -74.05461018046411,
              40.702694531078755
            ],
            [
              -74.05459744957632,
              40.703594839902394
            ],
            [
              -74.0557656612797,
              40.70360440156334
            ],
            [
              -74.0557783764419,
              40.7027040924378
            ]
          ]
        ]
      }
    },
    {
      "id": "92",
      "type": "Feature",
      "properties": {
        "tile_id": 92,
        "average_temperature": 31.8202,
        "min_temperature": 31.8202,
        "max_temperature": 31.8202
      },
      "geometry": {
        "type": "Polygon",
        "coordinates": [
          [
            [
              -74.05461018046411,
              40.702694531078755
            ],
            [
              -74.05344198504739,
              40.70268495790058
            ],
            [
              -74.05342923843406,
              40.70358526642195
            ],
            [
              -74.05459744957632,
              40.703594839902394
            ],
            [
              -74.05461018046411,
              40.702694531078755
            ]
          ]
        ]
      }
    },
    {
      "id": "93",
      "type": "Feature",
      "properties": {
        "tile_id": 93,
        "average_temperature": 31.8041,
        "min_temperature": 31.8041,
        "max_temperature": 31.8041
      },
      "geometry": {
        "type": "Polygon",
        "coordinates": [
          [
            [
              -74.05344198504739,
              40.70268495790058
            ],
            [
              -74.0522737901924,
              40.70267537290329
            ],
            [
              -74.05226102785359,
              40.703575681122004
            ],
            [
              -74.05342923843406,
              40.70358526642195
            ],
            [
              -74.05344198504739,
              40.70268495790058
            ]
          ]
        ]
      }
    },
    {
      "id": "94",
      "type": "Feature",
      "properties": {
        "tile_id": 94,
        "average_temperature": 31.7931,
        "min_temperature": 31.7931,
        "max_temperature": 31.7931
      },
      "geometry": {
        "type": "Polygon",
        "coordinates": [
          [
            [
              -74.0522737901924,
              40.70267537290329
            ],
            [
              -74.05110559589988,
              40.702665776086896
            ],
            [
              -74.0510928178356,
              40.70356608400258
            ],
            [
              -74.05226102785359,
              40.703575681122004
            ],
            [
              -74.0522737901924,
              40.70267537290329
            ]
          ]
        ]
      }
    },
    {
      "id": "95",
      "type": "Feature",
      "properties": {
        "tile_id": 95,
        "average_temperature": 31.7866,
        "min_temperature": 31.7866,
        "max_temperature": 31.7866
      },
      "geometry": {
        "type": "Polygon",
        "coordinates": [
          [
            [
              -74.05110559589988,
              40.702665776086896
            ],
            [
              -74.04993740217051,
              40.70265616745141
            ],
            [
              -74.04992460838078,
              40.7035564750637
            ],
            [
              -74.0510928178356,
              40.70356608400258
            ],
            [
              -74.05110559589988,
              40.702665776086896
            ]
          ]
        ]
      }
    },
    {
      "id": "96",
      "type": "Feature",
      "properties": {
        "tile_id": 96,
        "average_temperature": 32.6823,
        "min_temperature": 32.6823,
        "max_temperature": 32.6823
      },
      "geometry": {
        "type": "Polygon",
        "coordinates": [
          [
            [
              -74.08730758683252,
              40.70385809857336
            ],
            [
              -74.08613936024152,
              40.703848856045404
            ],
            [
              -74.08612705339755,
              40.70474917274556
            ],
            [
              -74.08729529571559,
              40.704758415565344
            ],
            [
              -74.08730758683252,
              40.70385809857336
            ]
          ]
        ]
      }
    },
    {
      "id": "97",
      "type": "Feature",
      "properties": {
        "tile_id": 97,
        "average_temperature": 32.6134,
        "min_temperature": 32.6134,
        "max_temperature": 32.6134
      },
      "geometry": {
        "type": "Polygon",
        "coordinates": [
          [
            [
              -74.08613936024152,
              40.703848856045404
            ],
            [
              -74.08497113419288,
              40.70383960169751
            ],
            [
              -74.08495881162192,
              40.70473991810543
            ],
            [
              -74.08612705339755,
              40.70474917274556
            ],
            [
              -74.08613936024152,
              40.703848856045404
            ]
          ]
        ]
      }
    },
    {
      "id": "98",
      "type": "Feature",
      "properties": {
        "tile_id": 98,
        "average_temperature": 32.5388,
        "min_temperature": 32.5388,
        "max_temperature": 32.5388
      },
      "geometry": {
        "type": "Polygon",
        "coordinates": [
          [
            [
              -74.08497113419288,
              40.70383960169751
            ],
            [
              -74.08380290868733,
              40.703830335529666
            ],
            [
              -74.08379057038938,
              40.704730651645015
            ],
            [
              -74.08495881162192,
              40.70473991810543
            ],
            [
              -74.08497113419288,
              40.70383960169751
            ]
          ]
        ]
      }
    },
    {
      "id": "99",
      "type": "Feature",
      "properties": {
        "tile_id": 99,
        "average_temperature": 32.461,
        "min_temperature": 32.461,
        "max_temperature": 32.461
      },
      "geometry": {
        "type": "Polygon",
        "coordinates": [
          [
            [
              -74.08380290868733,
              40.703830335529666
            ],
            [
              -74.08263468372554,
              40.70382105754191
            ],
            [
              -74.08262232970065,
              40.7047213733643
            ],
            [
              -74.08379057038938,
              40.704730651645015
            ],
            [
              -74.08380290868733,
              40.703830335529666
            ]
          ]
        ]
      }
    },
    {
      "id": "100",
      "type": "Feature",
      "properties": {
        "tile_id": 100,
        "average_temperature": 32.3821,
        "min_temperature": 32.3821,
        "max_temperature": 32.3821
      },
      "geometry": {
        "type": "Polygon",
        "coordinates": [
          [
            [
              -74.08263468372554,
              40.70382105754191
            ],
            [
              -74.08146645930825,
              40.70381176773426
            ],
            [
              -74.08145408955644,
              40.70471208326332
            ],
            [
              -74.08262232970067,
              40.7047213733643
            ],
            [
              -74.08263468372554,
              40.70382105754191
            ]
          ]
        ]
      }
    },
    {
      "id": "101",
      "type": "Feature",
      "properties": {
        "tile_id": 101,
        "average_temperature": 32.3046,
        "min_temperature": 32.3046,
        "max_temperature": 32.3046
      },
      "geometry": {
        "type": "Polygon",
        "coordinates": [
          [
            [
              -74.08146645930825,
              40.70381176773426
            ],
            [
              -74.08029823543609,
              40.70380246610671
            ],
            [
              -74.08028584995739,
              40.704702781342064
            ],
            [
              -74.08145408955644,
              40.70471208326332
            ],
            [
              -74.08146645930825,
              40.70381176773426
            ]
          ]
        ]
      }
    },
    {
      "id": "102",
      "type": "Feature",
      "properties": {
        "tile_id": 102,
        "average_temperature": 32.2308,
        "min_temperature": 32.2308,
        "max_temperature": 32.2308
      },
      "geometry": {
        "type": "Polygon",
        "coordinates": [
          [
            [
              -74.08029823543609,
              40.70380246610671
            ],
            [
              -74.07913001210979,
              40.70379315265931
            ],
            [
              -74.07911761090423,
              40.704693467600585
            ],
            [
              -74.08028584995739,
              40.704702781342064
            ],
            [
              -74.08029823543609,
              40.70380246610671
            ]
          ]
        ]
      }
    },
    {
      "id": "103",
      "type": "Feature",
      "properties": {
        "tile_id": 103,
        "average_temperature": 32.163,
        "min_temperature": 32.163,
        "max_temperature": 32.163
      },
      "geometry": {
        "type": "Polygon",
        "coordinates": [
          [
            [
              -74.07913001210979,
              40.70379315265931
            ],
            [
              -74.07796178933003,
              40.70378382739204
            ],
            [
              -74.07794937239763,
              40.70468414203887
            ],
            [
              -74.07911761090423,
              40.704693467600585
            ],
            [
              -74.07913001210979,
              40.70379315265931
            ]
          ]
        ]
      }
    },
    {
      "id": "104",
      "type": "Feature",
      "properties": {
        "tile_id": 104,
        "average_temperature": 32.1036,
        "min_temperature": 32.1036,
        "max_temperature": 32.1036
      },
      "geometry": {
        "type": "Polygon",
        "coordinates": [
          [
            [
              -74.07796178933003,
              40.70378382739204
            ],
            [
              -74.07679356709752,
              40.70377449030493
            ],
            [
              -74.0767811344383,
              40.70467480465694
            ],
            [
              -74.07794937239763,
              40.70468414203887
            ],
            [
              -74.07796178933003,
              40.70378382739204
            ]
          ]
        ]
      }
    },
    {
      "id": "105",
      "type": "Feature",
      "properties": {
        "tile_id": 105,
        "average_temperature": 32.0548,
        "min_temperature": 32.0548,
        "max_temperature": 32.0548
      },
      "geometry": {
        "type": "Polygon",
        "coordinates": [
          [
            [
              -74.07679356709752,
              40.70377449030493
            ],
            [
              -74.07562534541293,
              40.703765141398016
            ],
            [
              -74.07561289702694,
              40.70466545545482
            ],
            [
              -74.0767811344383,
              40.70467480465694
            ],
            [
              -74.07679356709752,
              40.70377449030493
            ]
          ]
        ]
      }
    },
    {
      "id": "106",
      "type": "Feature",
      "properties": {
        "tile_id": 106,
        "average_temperature": 32.0191,
        "min_temperature": 32.0191,
        "max_temperature": 32.0191
      },
      "geometry": {
        "type": "Polygon",
        "coordinates": [
          [
            [
              -74.07562534541293,
              40.703765141398016
            ],
            [
              -74.07445712427698,
              40.70375578067128
            ],
            [
              -74.07444466016422,
              40.70465609443253
            ],
            [
              -74.07561289702694,
              40.70466545545482
            ],
            [
              -74.07562534541293,
              40.703765141398016
            ]
          ]
        ]
      }
    },
    {
      "id": "107",
      "type": "Feature",
      "properties": {
        "tile_id": 107,
        "average_temperature": 31.9972,
        "min_temperature": 31.9972,
        "max_temperature": 31.9972
      },
      "geometry": {
        "type": "Polygon",
        "coordinates": [
          [
            [
              -74.07445712427698,
              40.70375578067128
            ],
            [
              -74.07328890369031,
              40.70374640812477
            ],
            [
              -74.07327642385086,
              40.704646721590066
            ],
            [
              -74.07444466016422,
              40.70465609443253
            ],
            [
              -74.07445712427698,
              40.70375578067128
            ]
          ]
        ]
      }
    },
    {
      "id": "108",
      "type": "Feature",
      "properties": {
        "tile_id": 108,
        "average_temperature": 31.9869,
        "min_temperature": 31.9869,
        "max_temperature": 31.9869
      },
      "geometry": {
        "type": "Polygon",
        "coordinates": [
          [
            [
              -74.07328890369033,
              40.70374640812477
            ],
            [
              -74.07212068365368,
              40.703737023758485
            ],
            [
              -74.07210818808753,
              40.704637336927455
            ],
            [
              -74.07327642385086,
              40.704646721590066
            ],
            [
              -74.07328890369033,
              40.70374640812477
            ]
          ]
        ]
      }
    },
    {
      "id": "109",
      "type": "Feature",
      "properties": {
        "tile_id": 109,
        "average_temperature": 31.9855,
        "min_temperature": 31.9855,
        "max_temperature": 31.9855
      },
      "geometry": {
        "type": "Polygon",
        "coordinates": [
          [
            [
              -74.07212068365368,
              40.703737023758485
            ],
            [
              -74.07095246416775,
              40.703727627572434
            ],
            [
              -74.07093995287492,
              40.70462794044473
            ],
            [
              -74.07210818808753,
              40.704637336927455
            ],
            [
              -74.07212068365368,
              40.703737023758485
            ]
          ]
        ]
      }
    },
    {
      "id": "110",
      "type": "Feature",
      "properties": {
        "tile_id": 110,
        "average_temperature": 31.9904,
        "min_temperature": 31.9904,
        "max_temperature": 31.9904
      },
      "geometry": {
        "type": "Polygon",
        "coordinates": [
          [
            [
              -74.07095246416775,
              40.703727627572434
            ],
            [
              -74.0697842452332,
              40.70371821956663
            ],
            [
              -74.06977171821373,
              40.70461853214187
            ],
            [
              -74.07093995287492,
              40.70462794044473
            ],
            [
              -74.07095246416775,
              40.703727627572434
            ]
          ]
        ]
      }
    },
    {
      "id": "111",
      "type": "Feature",
      "properties": {
        "tile_id": 111,
        "average_temperature": 31.9989,
        "min_temperature": 31.9989,
        "max_temperature": 31.9989
      },
      "geometry": {
        "type": "Polygon",
        "coordinates": [
          [
            [
              -74.0697842452332,
              40.70371821956663
            ],
            [
              -74.06861602685075,
              40.70370879974113
            ],
            [
              -74.06860348410467,
              40.70460911201893
            ],
            [
              -74.06977171821373,
              40.70461853214187
            ],
            [
              -74.0697842452332,
              40.70371821956663
            ]
          ]
        ]
      }
    },
    {
      "id": "112",
      "type": "Feature",
      "properties": {
        "tile_id": 112,
        "average_temperature": 32.0085,
        "min_temperature": 32.0085,
        "max_temperature": 32.0085
      },
      "geometry": {
        "type": "Polygon",
        "coordinates": [
          [
            [
              -74.06861602685075,
              40.70370879974113
            ],
            [
              -74.06744780902108,
              40.70369936809591
            ],
            [
              -74.06743525054841,
              40.70459968007591
            ],
            [
              -74.06860348410467,
              40.70460911201893
            ],
            [
              -74.06861602685075,
              40.70370879974113
            ]
          ]
        ]
      }
    },
    {
      "id": "113",
      "type": "Feature",
      "properties": {
        "tile_id": 113,
        "average_temperature": 32.0166,
        "min_temperature": 32.0166,
        "max_temperature": 32.0166
      },
      "geometry": {
        "type": "Polygon",
        "coordinates": [
          [
            [
              -74.06744780902108,
              40.70369936809591
            ],
            [
              -74.06627959174486,
              40.70368992463101
            ],
            [
              -74.06626701754566,
              40.70459023631282
            ],
            [
              -74.06743525054841,
              40.70459968007591
            ],
            [
              -74.06744780902108,
              40.70369936809591
            ]
          ]
        ]
      }
    },
    {
      "id": "114",
      "type": "Feature",
      "properties": {
        "tile_id": 114,
        "average_temperature": 32.0205,
        "min_temperature": 32.0205,
        "max_temperature": 32.0205
      },
      "geometry": {
        "type": "Polygon",
        "coordinates": [
          [
            [
              -74.06627959174486,
              40.70368992463101
            ],
            [
              -74.06511137502284,
              40.70368046934641
            ],
            [
              -74.06509878509709,
              40.70458078072967
            ],
            [
              -74.06626701754566,
              40.70459023631282
            ],
            [
              -74.06627959174486,
              40.70368992463101
            ]
          ]
        ]
      }
    },
    {
      "id": "115",
      "type": "Feature",
      "properties": {
        "tile_id": 115,
        "average_temperature": 32.0177,
        "min_temperature": 32.0177,
        "max_temperature": 32.0177
      },
      "geometry": {
        "type": "Polygon",
        "coordinates": [
          [
            [
              -74.06511137502284,
              40.70368046934641
            ],
            [
              -74.06394315885566,
              40.70367100224217
            ],
            [
              -74.06393055320342,
              40.704571313326504
            ],
            [
              -74.06509878509709,
              40.70458078072967
            ],
            [
              -74.06511137502284,
              40.70368046934641
            ]
          ]
        ]
      }
    },
    {
      "id": "116",
      "type": "Feature",
      "properties": {
        "tile_id": 116,
        "average_temperature": 32.006,
        "min_temperature": 32.006,
        "max_temperature": 32.006
      },
      "geometry": {
        "type": "Polygon",
        "coordinates": [
          [
            [
              -74.06394315885566,
              40.70367100224217
            ],
            [
              -74.06277494324404,
              40.703661523318274
            ],
            [
              -74.06276232186534,
              40.7045618341033
            ],
            [
              -74.06393055320342,
              40.704571313326504
            ],
            [
              -74.06394315885566,
              40.70367100224217
            ]
          ]
        ]
      }
    },
    {
      "id": "117",
      "type": "Feature",
      "properties": {
        "tile_id": 117,
        "average_temperature": 31.986,
        "min_temperature": 31.986,
        "max_temperature": 31.986
      },
      "geometry": {
        "type": "Polygon",
        "coordinates": [
          [
            [
              -74.06277494324404,
              40.703661523318274
            ],
            [
              -74.06160672818865,
              40.70365203257475
            ],
            [
              -74.0615940910835,
              40.70455234306011
            ],
            [
              -74.06276232186534,
              40.7045618341033
            ],
            [
              -74.06277494324404,
              40.703661523318274
            ]
          ]
        ]
      }
    },
    {
      "id": "118",
      "type": "Feature",
      "properties": {
        "tile_id": 118,
        "average_temperature": 31.9596,
        "min_temperature": 31.9596,
        "max_temperature": 31.9596
      },
      "geometry": {
        "type": "Polygon",
        "coordinates": [
          [
            [
              -74.06160672818865,
              40.70365203257475
            ],
            [
              -74.06043851369022,
              40.70364253001163
            ],
            [
              -74.06042586085864,
              40.70454284019694
            ],
            [
              -74.0615940910835,
              40.70455234306011
            ],
            [
              -74.06160672818865,
              40.70365203257475
            ]
          ]
        ]
      }
    },
    {
      "id": "119",
      "type": "Feature",
      "properties": {
        "tile_id": 119,
        "average_temperature": 31.9285,
        "min_temperature": 31.9285,
        "max_temperature": 31.9285
      },
      "geometry": {
        "type": "Polygon",
        "coordinates": [
          [
            [
              -74.06043851369022,
              40.70364253001163
            ],
            [
              -74.0592702997494,
              40.70363301562891
            ],
            [
              -74.05925763119146,
              40.70453332551379
            ],
            [
              -74.06042586085864,
              40.70454284019694
            ],
            [
              -74.06043851369022,
              40.70364253001163
            ]
          ]
        ]
      }
    },
    {
      "id": "120",
      "type": "Feature",
      "properties": {
        "tile_id": 120,
        "average_temperature": 31.8946,
        "min_temperature": 31.8946,
        "max_temperature": 31.8946
      },
      "geometry": {
        "type": "Polygon",
        "coordinates": [
          [
            [
              -74.0592702997494,
              40.70363301562891
            ],
            [
              -74.05810208636692,
              40.7036234894266
            ],
            [
              -74.05808940208262,
              40.70452379901071
            ],
            [
              -74.05925763119146,
              40.70453332551379
            ],
            [
              -74.0592702997494,
              40.70363301562891
            ]
          ]
        ]
      }
    },
    {
      "id": "121",
      "type": "Feature",
      "properties": {
        "tile_id": 121,
        "average_temperature": 31.8596,
        "min_temperature": 31.8596,
        "max_temperature": 31.8596
      },
      "geometry": {
        "type": "Polygon",
        "coordinates": [
          [
            [
              -74.05810208636692,
              40.7036234894266
            ],
            [
              -74.05693387354344,
              40.70361395140473
            ],
            [
              -74.05692117353281,
              40.70451426068766
            ],
            [
              -74.05808940208262,
              40.70452379901071
            ],
            [
              -74.05810208636692,
              40.7036234894266
            ]
          ]
        ]
      }
    },
    {
      "id": "122",
      "type": "Feature",
      "properties": {
        "tile_id": 122,
        "average_temperature": 31.8254,
        "min_temperature": 31.8254,
        "max_temperature": 31.8254
      },
      "geometry": {
        "type": "Polygon",
        "coordinates": [
          [
            [
              -74.05693387354344,
              40.70361395140473
            ],
            [
              -74.0557656612797,
              40.70360440156334
            ],
            [
              -74.05575294554276,
              40.704504710544725
            ],
            [
              -74.05692117353281,
              40.70451426068766
            ],
            [
              -74.05693387354344,
              40.70361395140473
            ]
          ]
        ]
      }
    },
    {
      "id": "123",
      "type": "Feature",
      "properties": {
        "tile_id": 123,
        "average_temperature": 31.7936,
        "min_temperature": 31.7936,
        "max_temperature": 31.7936
      },
      "geometry": {
        "type": "Polygon",
        "coordinates": [
          [
            [
              -74.0557656612797,
              40.70360440156334
            ],
            [
              -74.05459744957632,
              40.703594839902394
            ],
            [
              -74.05458471811313,
              40.70449514858188
            ],
            [
              -74.05575294554276,
              40.704504710544725
            ],
            [
              -74.0557656612797,
              40.70360440156334
            ]
          ]
        ]
      }
    },
    {
      "id": "124",
      "type": "Feature",
      "properties": {
        "tile_id": 124,
        "average_temperature": 31.7661,
        "min_temperature": 31.7661,
        "max_temperature": 31.7661
      },
      "geometry": {
        "type": "Polygon",
        "coordinates": [
          [
            [
              -74.05459744957632,
              40.703594839902394
            ],
            [
              -74.05342923843406,
              40.70358526642195
            ],
            [
              -74.05341649124463,
              40.70448557479914
            ],
            [
              -74.05458471811313,
              40.70449514858188
            ],
            [
              -74.05459744957632,
              40.703594839902394
            ]
          ]
        ]
      }
    },
    {
      "id": "125",
      "type": "Feature",
      "properties": {
        "tile_id": 125,
        "average_temperature": 31.7445,
        "min_temperature": 31.7445,
        "max_temperature": 31.7445
      },
      "geometry": {
        "type": "Polygon",
        "coordinates": [
          [
            [
              -74.05342923843406,
              40.70358526642195
            ],
            [
              -74.05226102785359,
              40.703575681122004
            ],
            [
              -74.05224826493794,
              40.70447598919654
            ],
            [
              -74.05341649124463,
              40.70448557479914
            ],
            [
              -74.05342923843406,
              40.70358526642195
            ]
          ]
        ]
      }
    },
    {
      "id": "126",
      "type": "Feature",
      "properties": {
        "tile_id": 126,
        "average_temperature": 31.7295,
        "min_temperature": 31.7295,
        "max_temperature": 31.7295
      },
      "geometry": {
        "type": "Polygon",
        "coordinates": [
          [
            [
              -74.05226102785359,
              40.703575681122004
            ],
            [
              -74.0510928178356,
              40.70356608400258
            ],
            [
              -74.05108003919376,
              40.70446639177408
            ],
            [
              -74.05224826493794,
              40.70447598919654
            ],
            [
              -74.05226102785359,
              40.703575681122004
            ]
          ]
        ]
      }
    },
    {
      "id": "127",
      "type": "Feature",
      "properties": {
        "tile_id": 127,
        "average_temperature": 31.7203,
        "min_temperature": 31.7203,
        "max_temperature": 31.7203
      },
      "geometry": {
        "type": "Polygon",
        "coordinates": [
          [
            [
              -74.0510928178356,
              40.70356608400258
            ],
            [
              -74.04992460838078,
              40.7035564750637
            ],
            [
              -74.0499118140128,
              40.7044567825318
            ],
            [
              -74.05108003919376,
              40.70446639177408
            ],
            [
              -74.0510928178356,
              40.70356608400258
            ]
          ]
        ]
      }
    },
    {
      "id": "128",
      "type": "Feature",
      "properties": {
        "tile_id": 128,
        "average_temperature": 32.6815,
        "min_temperature": 32.6815,
        "max_temperature": 32.6815
      },
      "geometry": {
        "type": "Polygon",
        "coordinates": [
          [
            [
              -74.08729529571559,
              40.70475841556535
            ],
            [
              -74.08612705339755,
              40.70474917274556
            ],
            [
              -74.08611474599734,
              40.705649489301756
            ],
            [
              -74.08728300404313,
              40.70565873241339
            ],
            [
              -74.08729529571559,
              40.70475841556535
            ]
          ]
        ]
      }
    },
    {
      "id": "129",
      "type": "Feature",
      "properties": {
        "tile_id": 129,
        "average_temperature": 32.6125,
        "min_temperature": 32.6125,
        "max_temperature": 32.6125
      },
      "geometry": {
        "type": "Polygon",
        "coordinates": [
          [
            [
              -74.08612705339755,
              40.70474917274556
            ],
            [
              -74.08495881162192,
              40.70473991810544
            ],
            [
              -74.08494648849398,
              40.705640234369426
            ],
            [
              -74.08611474599734,
              40.705649489301756
            ],
            [
              -74.08612705339755,
              40.70474917274556
            ]
          ]
        ]
      }
    },
    {
      "id": "130",
      "type": "Feature",
      "properties": {
        "tile_id": 130,
        "average_temperature": 32.538,
        "min_temperature": 32.538,
        "max_temperature": 32.538
      },
      "geometry": {
        "type": "Polygon",
        "coordinates": [
          [
            [
              -74.08495881162192,
              40.70473991810544
            ],
            [
              -74.08379057038938,
              40.70473065164503
            ],
            [
              -74.08377823153377,
              40.70563096761641
            ],
            [
              -74.08494648849398,
              40.705640234369426
            ],
            [
              -74.08495881162192,
              40.70473991810544
            ]
          ]
        ]
      }
    },
    {
      "id": "131",
      "type": "Feature",
      "properties": {
        "tile_id": 131,
        "average_temperature": 32.4602,
        "min_temperature": 32.4602,
        "max_temperature": 32.4602
      },
      "geometry": {
        "type": "Polygon",
        "coordinates": [
          [
            [
              -74.08379057038938,
              40.70473065164503
            ],
            [
              -74.08262232970065,
              40.70472137336431
            ],
            [
              -74.08260997511739,
              40.70562168904273
            ],
            [
              -74.08377823153377,
              40.70563096761641
            ],
            [
              -74.08379057038938,
              40.70473065164503
            ]
          ]
        ]
      }
    },
    {
      "id": "132",
      "type": "Feature",
      "properties": {
        "tile_id": 132,
        "average_temperature": 32.3816,
        "min_temperature": 32.3816,
        "max_temperature": 32.3816
      },
      "geometry": {
        "type": "Polygon",
        "coordinates": [
          [
            [
              -74.08262232970065,
              40.70472137336431
            ],
            [
              -74.08145408955644,
              40.704712083263324
            ],
            [
              -74.08144171924553,
              40.70561239864841
            ],
            [
              -74.08260997511739,
              40.70562168904273
            ],
            [
              -74.08262232970065,
              40.70472137336431
            ]
          ]
        ]
      }
    },
    {
      "id": "133",
      "type": "Feature",
      "properties": {
        "tile_id": 133,
        "average_temperature": 32.3043,
        "min_temperature": 32.3043,
        "max_temperature": 32.3043
      },
      "geometry": {
        "type": "Polygon",
        "coordinates": [
          [
            [
              -74.08145408955644,
              40.704712083263324
            ],
            [
              -74.08028584995739,
              40.70470278134207
            ],
            [
              -74.08027346391889,
              40.70560309643346
            ],
            [
              -74.08144171924553,
              40.70561239864841
            ],
            [
              -74.08145408955644,
              40.704712083263324
            ]
          ]
        ]
      }
    },
    {
      "id": "134",
      "type": "Feature",
      "properties": {
        "tile_id": 134,
        "average_temperature": 32.2308,
        "min_temperature": 32.2308,
        "max_temperature": 32.2308
      },
      "geometry": {
        "type": "Polygon",
        "coordinates": [
          [
            [
              -74.08028584995739,
              40.70470278134207
            ],
            [
              -74.07911761090423,
              40.704693467600585
            ],
            [
              -74.07910520913815,
              40.705593782397884
            ],
            [
              -74.08027346391889,
              40.70560309643346
            ],
            [
              -74.08028584995739,
              40.70470278134207
            ]
          ]
        ]
      }
    },
    {
      "id": "135",
      "type": "Feature",
      "properties": {
        "tile_id": 135,
        "average_temperature": 32.1634,
        "min_temperature": 32.1634,
        "max_temperature": 32.1634
      },
      "geometry": {
        "type": "Polygon",
        "coordinates": [
          [
            [
              -74.07911761090423,
              40.704693467600585
            ],
            [
              -74.07794937239763,
              40.70468414203888
            ],
            [
              -74.077936954904,
              40.70558445654171
            ],
            [
              -74.07910520913815,
              40.705593782397884
            ],
            [
              -74.07911761090423,
              40.704693467600585
            ]
          ]
        ]
      }
    },
    {
      "id": "136",
      "type": "Feature",
      "properties": {
        "tile_id": 136,
        "average_temperature": 32.1044,
        "min_temperature": 32.1044,
        "max_temperature": 32.1044
      },
      "geometry": {
        "type": "Polygon",
        "coordinates": [
          [
            [
              -74.07794937239763,
              40.70468414203888
            ],
            [
              -74.0767811344383,
              40.70467480465695
            ],
            [
              -74.07676870121716,
              40.70557511886496
            ],
            [
              -74.077936954904,
              40.70558445654171
            ],
            [
              -74.07794937239763,
              40.70468414203888
            ]
          ]
        ]
      }
    },
    {
      "id": "137",
      "type": "Feature",
      "properties": {
        "tile_id": 137,
        "average_temperature": 32.0562,
        "min_temperature": 32.0562,
        "max_temperature": 32.0562
      },
      "geometry": {
        "type": "Polygon",
        "coordinates": [
          [
            [
              -74.0767811344383,
              40.70467480465695
            ],
            [
              -74.07561289702694,
              40.70466545545484
            ],
            [
              -74.0756004480783,
              40.70556576936764
            ],
            [
              -74.07676870121716,
              40.70557511886496
            ],
            [
              -74.0767811344383,
              40.70467480465695
            ]
          ]
        ]
      }
    },
    {
      "id": "138",
      "type": "Feature",
      "properties": {
        "tile_id": 138,
        "average_temperature": 32.021,
        "min_temperature": 32.021,
        "max_temperature": 32.021
      },
      "geometry": {
        "type": "Polygon",
        "coordinates": [
          [
            [
              -74.07561289702694,
              40.70466545545484
            ],
            [
              -74.07444466016422,
              40.704656094432536
            ],
            [
              -74.07443219548813,
              40.70555640804976
            ],
            [
              -74.0756004480783,
              40.70556576936764
            ],
            [
              -74.07561289702694,
              40.70466545545484
            ]
          ]
        ]
      }
    },
    {
      "id": "139",
      "type": "Feature",
      "properties": {
        "tile_id": 139,
        "average_temperature": 31.9997,
        "min_temperature": 31.9997,
        "max_temperature": 31.9997
      },
      "geometry": {
        "type": "Polygon",
        "coordinates": [
          [
            [
              -74.07444466016422,
              40.704656094432536
            ],
            [
              -74.07327642385086,
              40.70464672159007
            ],
            [
              -74.07326394344733,
              40.70554703491135
            ],
            [
              -74.07443219548813,
              40.70555640804976
            ],
            [
              -74.07444466016422,
              40.704656094432536
            ]
          ]
        ]
      }
    },
    {
      "id": "140",
      "type": "Feature",
      "properties": {
        "tile_id": 140,
        "average_temperature": 31.9899,
        "min_temperature": 31.9899,
        "max_temperature": 31.9899
      },
      "geometry": {
        "type": "Polygon",
        "coordinates": [
          [
            [
              -74.07327642385086,
              40.70464672159007
            ],
            [
              -74.07210818808753,
              40.70463733692746
            ],
            [
              -74.07209569195658,
              40.70553764995242
            ],
            [
              -74.07326394344733,
              40.70554703491135
            ],
            [
              -74.07327642385086,
              40.70464672159007
            ]
          ]
        ]
      }
    },
    {
      "id": "141",
      "type": "Feature",
      "properties": {
        "tile_id": 141,
        "average_temperature": 31.9889,
        "min_temperature": 31.9889,
        "max_temperature": 31.9889
      },
      "geometry": {
        "type": "Polygon",
        "coordinates": [
          [
            [
              -74.07210818808753,
              40.70463733692746
            ],
            [
              -74.07093995287492,
              40.70462794044474
            ],
            [
              -74.07092744101661,
              40.70552825317299
            ],
            [
              -74.07209569195658,
              40.70553764995242
            ],
            [
              -74.07210818808753,
              40.70463733692746
            ]
          ]
        ]
      }
    },
    {
      "id": "142",
      "type": "Feature",
      "properties": {
        "tile_id": 142,
        "average_temperature": 31.9941,
        "min_temperature": 31.9941,
        "max_temperature": 31.9941
      },
      "geometry": {
        "type": "Polygon",
        "coordinates": [
          [
            [
              -74.07093995287492,
              40.70462794044474
            ],
            [
              -74.06977171821373,
              40.704618532141886
            ],
            [
              -74.06975919062808,
              40.70551884457307
            ],
            [
              -74.07092744101661,
              40.70552825317299
            ],
            [
              -74.07093995287492,
              40.70462794044474
            ]
          ]
        ]
      }
    },
    {
      "id": "143",
      "type": "Feature",
      "properties": {
        "tile_id": 143,
        "average_temperature": 32.003,
        "min_temperature": 32.003,
        "max_temperature": 32.003
      },
      "geometry": {
        "type": "Polygon",
        "coordinates": [
          [
            [
              -74.06977171821373,
              40.704618532141886
            ],
            [
              -74.06860348410467,
              40.70460911201893
            ],
            [
              -74.06859094079168,
              40.70550942415268
            ],
            [
              -74.06975919062808,
              40.70551884457307
            ],
            [
              -74.06977171821373,
              40.704618532141886
            ]
          ]
        ]
      }
    },
    {
      "id": "144",
      "type": "Feature",
      "properties": {
        "tile_id": 144,
        "average_temperature": 32.0127,
        "min_temperature": 32.0127,
        "max_temperature": 32.0127
      },
      "geometry": {
        "type": "Polygon",
        "coordinates": [
          [
            [
              -74.06860348410467,
              40.70460911201893
            ],
            [
              -74.06743525054841,
              40.704599680075916
            ],
            [
              -74.06742269150813,
              40.705499991911836
            ],
            [
              -74.06859094079168,
              40.70550942415268
            ],
            [
              -74.06860348410467,
              40.70460911201893
            ]
          ]
        ]
      }
    },
    {
      "id": "145",
      "type": "Feature",
      "properties": {
        "tile_id": 145,
        "average_temperature": 32.0206,
        "min_temperature": 32.0206,
        "max_temperature": 32.0206
      },
      "geometry": {
        "type": "Polygon",
        "coordinates": [
          [
            [
              -74.06743525054841,
              40.704599680075916
            ],
            [
              -74.06626701754566,
              40.704590236312825
            ],
            [
              -74.0662544427781,
              40.70549054785055
            ],
            [
              -74.06742269150813,
              40.705499991911836
            ],
            [
              -74.06743525054841,
              40.704599680075916
            ]
          ]
        ]
      }
    },
    {
      "id": "146",
      "type": "Feature",
      "properties": {
        "tile_id": 146,
        "average_temperature": 32.0241,
        "min_temperature": 32.0241,
        "max_temperature": 32.0241
      },
      "geometry": {
        "type": "Polygon",
        "coordinates": [
          [
            [
              -74.06626701754566,
              40.704590236312825
            ],
            [
              -74.06509878509709,
              40.704580780729685
            ],
            [
              -74.06508619460232,
              40.70548109196885
            ],
            [
              -74.0662544427781,
              40.70549054785055
            ],
            [
              -74.06626701754566,
              40.704590236312825
            ]
          ]
        ]
      }
    },
    {
      "id": "147",
      "type": "Feature",
      "properties": {
        "tile_id": 147,
        "average_temperature": 32.0206,
        "min_temperature": 32.0206,
        "max_temperature": 32.0206
      },
      "geometry": {
        "type": "Polygon",
        "coordinates": [
          [
            [
              -74.06509878509709,
              40.704580780729685
            ],
            [
              -74.06393055320342,
              40.704571313326504
            ],
            [
              -74.06391794698143,
              40.70547162426674
            ],
            [
              -74.06508619460232,
              40.70548109196885
            ],
            [
              -74.06509878509709,
              40.704580780729685
            ]
          ]
        ]
      }
    },
    {
      "id": "148",
      "type": "Feature",
      "properties": {
        "tile_id": 148,
        "average_temperature": 32.0077,
        "min_temperature": 32.0077,
        "max_temperature": 32.0077
      },
      "geometry": {
        "type": "Polygon",
        "coordinates": [
          [
            [
              -74.06393055320342,
              40.704571313326504
            ],
            [
              -74.06276232186534,
              40.7045618341033
            ],
            [
              -74.06274969991617,
              40.70546214474424
            ],
            [
              -74.06391794698143,
              40.70547162426674
            ],
            [
              -74.06393055320342,
              40.704571313326504
            ]
          ]
        ]
      }
    },
    {
      "id": "149",
      "type": "Feature",
      "properties": {
        "tile_id": 149,
        "average_temperature": 31.9863,
        "min_temperature": 31.9863,
        "max_temperature": 31.9863
      },
      "geometry": {
        "type": "Polygon",
        "coordinates": [
          [
            [
              -74.06276232186534,
              40.7045618341033
            ],
            [
              -74.0615940910835,
              40.704552343060115
            ],
            [
              -74.0615814534072,
              40.705452653401366
            ],
            [
              -74.06274969991617,
              40.70546214474424
            ],
            [
              -74.06276232186534,
              40.7045618341033
            ]
          ]
        ]
      }
    },
    {
      "id": "150",
      "type": "Feature",
      "properties": {
        "tile_id": 150,
        "average_temperature": 31.9581,
        "min_temperature": 31.9581,
        "max_temperature": 31.9581
      },
      "geometry": {
        "type": "Polygon",
        "coordinates": [
          [
            [
              -74.0615940910835,
              40.704552343060115
            ],
            [
              -74.06042586085864,
              40.70454284019694
            ],
            [
              -74.06041320745521,
              40.70544315023814
            ],
            [
              -74.0615814534072,
              40.705452653401366
            ],
            [
              -74.0615940910835,
              40.704552343060115
            ]
          ]
        ]
      }
    },
    {
      "id": "151",
      "type": "Feature",
      "properties": {
        "tile_id": 151,
        "average_temperature": 31.925,
        "min_temperature": 31.925,
        "max_temperature": 31.925
      },
      "geometry": {
        "type": "Polygon",
        "coordinates": [
          [
            [
              -74.06042586085864,
              40.70454284019694
            ],
            [
              -74.05925763119146,
              40.7045333255138
            ],
            [
              -74.05924496206092,
              40.705433635254565
            ],
            [
              -74.06041320745521,
              40.70544315023814
            ],
            [
              -74.06042586085864,
              40.70454284019694
            ]
          ]
        ]
      }
    },
    {
      "id": "152",
      "type": "Feature",
      "properties": {
        "tile_id": 152,
        "average_temperature": 31.8889,
        "min_temperature": 31.8889,
        "max_temperature": 31.8889
      },
      "geometry": {
        "type": "Polygon",
        "coordinates": [
          [
            [
              -74.05925763119146,
              40.7045333255138
            ],
            [
              -74.05808940208262,
              40.704523799010715
            ],
            [
              -74.05807671722502,
              40.70542410845068
            ],
            [
              -74.05924496206092,
              40.705433635254565
            ],
            [
              -74.05925763119146,
              40.7045333255138
            ]
          ]
        ]
      }
    },
    {
      "id": "153",
      "type": "Feature",
      "properties": {
        "tile_id": 153,
        "average_temperature": 31.8516,
        "min_temperature": 31.8516,
        "max_temperature": 31.8516
      },
      "geometry": {
        "type": "Polygon",
        "coordinates": [
          [
            [
              -74.05808940208262,
              40.704523799010715
            ],
            [
              -74.05692117353281,
              40.704514260687674
            ],
            [
              -74.0569084729482,
              40.70541456982647
            ],
            [
              -74.05807671722502,
              40.70542410845068
            ],
            [
              -74.05808940208262,
              40.704523799010715
            ]
          ]
        ]
      }
    },
    {
      "id": "154",
      "type": "Feature",
      "properties": {
        "tile_id": 154,
        "average_temperature": 31.815,
        "min_temperature": 31.815,
        "max_temperature": 31.815
      },
      "geometry": {
        "type": "Polygon",
        "coordinates": [
          [
            [
              -74.05692117353281,
              40.704514260687674
            ],
            [
              -74.05575294554276,
              40.70450471054473
            ],
            [
              -74.05574022923112,
              40.705405019381985
            ],
            [
              -74.0569084729482,
              40.70541456982647
            ],
            [
              -74.05692117353281,
              40.704514260687674
            ]
          ]
        ]
      }
    },
    {
      "id": "155",
      "type": "Feature",
      "properties": {
        "tile_id": 155,
        "average_temperature": 31.7809,
        "min_temperature": 31.7809,
        "max_temperature": 31.7809
      },
      "geometry": {
        "type": "Polygon",
        "coordinates": [
          [
            [
              -74.05575294554276,
              40.70450471054473
            ],
            [
              -74.05458471811313,
              40.704495148581884
            ],
            [
              -74.0545719860745,
              40.70539545711721
            ],
            [
              -74.05574022923112,
              40.705405019381985
            ],
            [
              -74.05575294554276,
              40.70450471054473
            ]
          ]
        ]
      }
    },
    {
      "id": "156",
      "type": "Feature",
      "properties": {
        "tile_id": 156,
        "average_temperature": 31.7512,
        "min_temperature": 31.7512,
        "max_temperature": 31.7512
      },
      "geometry": {
        "type": "Polygon",
        "coordinates": [
          [
            [
              -74.05458471811313,
              40.704495148581884
            ],
            [
              -74.05341649124463,
              40.70448557479915
            ],
            [
              -74.05340374347907,
              40.705385883032186
            ],
            [
              -74.0545719860745,
              40.70539545711721
            ],
            [
              -74.05458471811313,
              40.704495148581884
            ]
          ]
        ]
      }
    },
    {
      "id": "157",
      "type": "Feature",
      "properties": {
        "tile_id": 157,
        "average_temperature": 31.7277,
        "min_temperature": 31.7277,
        "max_temperature": 31.7277
      },
      "geometry": {
        "type": "Polygon",
        "coordinates": [
          [
            [
              -74.05341649124463,
              40.70448557479915
            ],
            [
              -74.05224826493794,
              40.704475989196546
            ],
            [
              -74.05223550144545,
              40.70537629712691
            ],
            [
              -74.05340374347907,
              40.705385883032186
            ],
            [
              -74.05341649124463,
              40.70448557479915
            ]
          ]
        ]
      }
    },
    {
      "id": "158",
      "type": "Feature",
      "properties": {
        "tile_id": 158,
        "average_temperature": 31.7112,
        "min_temperature": 31.7112,
        "max_temperature": 31.7112
      },
      "geometry": {
        "type": "Polygon",
        "coordinates": [
          [
            [
              -74.05224826493794,
              40.704475989196546
            ],
            [
              -74.05108003919376,
              40.70446639177409
            ],
            [
              -74.05106725997439,
              40.705366699401424
            ],
            [
              -74.05223550144545,
              40.70537629712691
            ],
            [
              -74.05224826493794,
              40.704475989196546
            ]
          ]
        ]
      }
    },
    {
      "id": "159",
      "type": "Feature",
      "properties": {
        "tile_id": 159,
        "average_temperature": 31.7008,
        "min_temperature": 31.7008,
        "max_temperature": 31.7008
      },
      "geometry": {
        "type": "Polygon",
        "coordinates": [
          [
            [
              -74.05108003919376,
              40.70446639177409
            ],
            [
              -74.0499118140128,
              40.7044567825318
            ],
            [
              -74.04989901906654,
              40.70535708985572
            ],
            [
              -74.05106725997439,
              40.705366699401424
            ],
            [
              -74.05108003919376,
              40.70446639177409
            ]
          ]
        ]
      }
    },
    {
      "id": "160",
      "type": "Feature",
      "properties": {
        "tile_id": 160,
        "average_temperature": 32.6844,
        "min_temperature": 32.6844,
        "max_temperature": 32.6844
      },
      "geometry": {
        "type": "Polygon",
        "coordinates": [
          [
            [
              -74.08728300404313,
              40.7056587324134
            ],
            [
              -74.08611474599734,
              40.70564948930176
            ],
            [
              -74.08610243804084,
              40.706549805714005
            ],
            [
              -74.0872707118151,
              40.70655904911751
            ],
            [
              -74.08728300404313,
              40.7056587324134
            ]
          ]
        ]
      }
    },
    {
      "id": "161",
      "type": "Feature",
      "properties": {
        "tile_id": 161,
        "average_temperature": 32.6137,
        "min_temperature": 32.6137,
        "max_temperature": 32.6137
      },
      "geometry": {
        "type": "Polygon",
        "coordinates": [
          [
            [
              -74.08611474599734,
              40.70564948930176
            ],
            [
              -74.08494648849398,
              40.705640234369426
            ],
            [
              -74.08493416480907,
              40.70654055048946
            ],
            [
              -74.08610243804084,
              40.706549805714005
            ],
            [
              -74.08611474599734,
              40.70564948930176
            ]
          ]
        ]
      }
    },
    {
      "id": "162",
      "type": "Feature",
      "properties": {
        "tile_id": 162,
        "average_temperature": 32.5373,
        "min_temperature": 32.5373,
        "max_temperature": 32.5373
      },
      "geometry": {
        "type": "Polygon",
        "coordinates": [
          [
            [
              -74.08494648849398,
              40.705640234369426
            ],
            [
              -74.08377823153377,
              40.705630967616415
            ],
            [
              -74.08376589212047,
              40.706531283443844
            ],
            [
              -74.08493416480907,
              40.70654055048946
            ],
            [
              -74.08494648849398,
              40.705640234369426
            ]
          ]
        ]
      }
    },
    {
      "id": "163",
      "type": "Feature",
      "properties": {
        "tile_id": 163,
        "average_temperature": 32.4575,
        "min_temperature": 32.4575,
        "max_temperature": 32.4575
      },
      "geometry": {
        "type": "Polygon",
        "coordinates": [
          [
            [
              -74.08377823153377,
              40.705630967616415
            ],
            [
              -74.08260997511739,
              40.70562168904273
            ],
            [
              -74.08259761997572,
              40.70652200457719
            ],
            [
              -74.08376589212047,
              40.706531283443844
            ],
            [
              -74.08377823153377,
              40.705630967616415
            ]
          ]
        ]
      }
    },
    {
      "id": "164",
      "type": "Feature",
      "properties": {
        "tile_id": 164,
        "average_temperature": 32.3767,
        "min_temperature": 32.3767,
        "max_temperature": 32.3767
      },
      "geometry": {
        "type": "Polygon",
        "coordinates": [
          [
            [
              -74.08260997511739,
              40.70562168904273
            ],
            [
              -74.08144171924553,
              40.70561239864842
            ],
            [
              -74.08142934837552,
              40.706512713889516
            ],
            [
              -74.08259761997572,
              40.70652200457719
            ],
            [
              -74.08260997511739,
              40.70562168904273
            ]
          ]
        ]
      }
    },
    {
      "id": "165",
      "type": "Feature",
      "properties": {
        "tile_id": 165,
        "average_temperature": 32.2973,
        "min_temperature": 32.2973,
        "max_temperature": 32.2973
      },
      "geometry": {
        "type": "Polygon",
        "coordinates": [
          [
            [
              -74.08144171924553,
              40.70561239864842
            ],
            [
              -74.08027346391889,
              40.705603096433464
            ],
            [
              -74.08026107732056,
              40.706503411380844
            ],
            [
              -74.08142934837552,
              40.706512713889516
            ],
            [
              -74.08144171924553,
              40.70561239864842
            ]
          ]
        ]
      }
    },
    {
      "id": "166",
      "type": "Feature",
      "properties": {
        "tile_id": 166,
        "average_temperature": 32.2217,
        "min_temperature": 32.2217,
        "max_temperature": 32.2217
      },
      "geometry": {
        "type": "Polygon",
        "coordinates": [
          [
            [
              -74.08027346391889,
              40.705603096433464
            ],
            [
              -74.07910520913815,
              40.705593782397884
            ],
            [
              -74.07909280681153,
              40.70649409705118
            ],
            [
              -74.08026107732056,
              40.706503411380844
            ],
            [
              -74.08027346391889,
              40.705603096433464
            ]
          ]
        ]
      }
    },
    {
      "id": "167",
      "type": "Feature",
      "properties": {
        "tile_id": 167,
        "average_temperature": 32.1521,
        "min_temperature": 32.1521,
        "max_temperature": 32.1521
      },
      "geometry": {
        "type": "Polygon",
        "coordinates": [
          [
            [
              -74.07910520913815,
              40.705593782397884
            ],
            [
              -74.077936954904,
              40.70558445654171
            ],
            [
              -74.07792453684912,
              40.706484770900545
            ],
            [
              -74.07909280681153,
              40.70649409705118
            ],
            [
              -74.07910520913815,
              40.705593782397884
            ]
          ]
        ]
      }
    },
    {
      "id": "168",
      "type": "Feature",
      "properties": {
        "tile_id": 168,
        "average_temperature": 32.091,
        "min_temperature": 32.091,
        "max_temperature": 32.091
      },
      "geometry": {
        "type": "Polygon",
        "coordinates": [
          [
            [
              -74.077936954904,
              40.70558445654171
            ],
            [
              -74.07676870121716,
              40.70557511886496
            ],
            [
              -74.07675626743406,
              40.706475432928954
            ],
            [
              -74.07792453684912,
              40.706484770900545
            ],
            [
              -74.077936954904,
              40.70558445654171
            ]
          ]
        ]
      }
    },
    {
      "id": "169",
      "type": "Feature",
      "properties": {
        "tile_id": 169,
        "average_temperature": 32.0408,
        "min_temperature": 32.0408,
        "max_temperature": 32.0408
      },
      "geometry": {
        "type": "Polygon",
        "coordinates": [
          [
            [
              -74.07676870121716,
              40.70557511886496
            ],
            [
              -74.0756004480783,
              40.70556576936764
            ],
            [
              -74.075587998567,
              40.70646608313642
            ],
            [
              -74.07675626743406,
              40.706475432928954
            ],
            [
              -74.07676870121716,
              40.70557511886496
            ]
          ]
        ]
      }
    },
    {
      "id": "170",
      "type": "Feature",
      "properties": {
        "tile_id": 170,
        "average_temperature": 32.0037,
        "min_temperature": 32.0037,
        "max_temperature": 32.0037
      },
      "geometry": {
        "type": "Polygon",
        "coordinates": [
          [
            [
              -74.0756004480783,
              40.70556576936764
            ],
            [
              -74.07443219548813,
              40.705556408049766
            ],
            [
              -74.07441973024865,
              40.706456721522954
            ],
            [
              -74.075587998567,
              40.70646608313642
            ],
            [
              -74.0756004480783,
              40.70556576936764
            ]
          ]
        ]
      }
    },
    {
      "id": "171",
      "type": "Feature",
      "properties": {
        "tile_id": 171,
        "average_temperature": 31.9805,
        "min_temperature": 31.9805,
        "max_temperature": 31.9805
      },
      "geometry": {
        "type": "Polygon",
        "coordinates": [
          [
            [
              -74.07443219548813,
              40.705556408049766
            ],
            [
              -74.07326394344733,
              40.705547034911355
            ],
            [
              -74.0732514624797,
              40.706447348088595
            ],
            [
              -74.07441973024865,
              40.706456721522954
            ],
            [
              -74.07443219548813,
              40.705556408049766
            ]
          ]
        ]
      }
    },
    {
      "id": "172",
      "type": "Feature",
      "properties": {
        "tile_id": 172,
        "average_temperature": 31.9692,
        "min_temperature": 31.9692,
        "max_temperature": 31.9692
      },
      "geometry": {
        "type": "Polygon",
        "coordinates": [
          [
            [
              -74.07326394344733,
              40.705547034911355
            ],
            [
              -74.07209569195658,
              40.705537649952426
            ],
            [
              -74.07208319526084,
              40.706437962833334
            ],
            [
              -74.0732514624797,
              40.706447348088595
            ],
            [
              -74.07326394344733,
              40.705547034911355
            ]
          ]
        ]
      }
    },
    {
      "id": "173",
      "type": "Feature",
      "properties": {
        "tile_id": 173,
        "average_temperature": 31.9671,
        "min_temperature": 31.9671,
        "max_temperature": 31.9671
      },
      "geometry": {
        "type": "Polygon",
        "coordinates": [
          [
            [
              -74.07209569195658,
              40.705537649952426
            ],
            [
              -74.07092744101661,
              40.70552825317299
            ],
            [
              -74.07091492859277,
              40.7064285657572
            ],
            [
              -74.07208319526084,
              40.706437962833334
            ],
            [
              -74.07209569195658,
              40.705537649952426
            ]
          ]
        ]
      }
    },
    {
      "id": "174",
      "type": "Feature",
      "properties": {
        "tile_id": 174,
        "average_temperature": 31.9717,
        "min_temperature": 31.9717,
        "max_temperature": 31.9717
      },
      "geometry": {
        "type": "Polygon",
        "coordinates": [
          [
            [
              -74.07092744101661,
              40.70552825317299
            ],
            [
              -74.06975919062808,
              40.70551884457307
            ],
            [
              -74.06974666247618,
              40.7064191568602
            ],
            [
              -74.07091492859277,
              40.7064285657572
            ],
            [
              -74.07092744101661,
              40.70552825317299
            ]
          ]
        ]
      }
    },
    {
      "id": "175",
      "type": "Feature",
      "properties": {
        "tile_id": 175,
        "average_temperature": 31.9805,
        "min_temperature": 31.9805,
        "max_temperature": 31.9805
      },
      "geometry": {
        "type": "Polygon",
        "coordinates": [
          [
            [
              -74.06975919062808,
              40.70551884457307
            ],
            [
              -74.06859094079168,
              40.705509424152694
            ],
            [
              -74.06857839691176,
              40.70640973614236
            ],
            [
              -74.06974666247618,
              40.7064191568602
            ],
            [
              -74.06975919062808,
              40.70551884457307
            ]
          ]
        ]
      }
    },
    {
      "id": "176",
      "type": "Feature",
      "properties": {
        "tile_id": 176,
        "average_temperature": 31.991,
        "min_temperature": 31.991,
        "max_temperature": 31.991
      },
      "geometry": {
        "type": "Polygon",
        "coordinates": [
          [
            [
              -74.06859094079168,
              40.705509424152694
            ],
            [
              -74.06742269150813,
              40.70549999191184
            ],
            [
              -74.0674101319002,
              40.706400303603694
            ],
            [
              -74.06857839691176,
              40.70640973614236
            ],
            [
              -74.06859094079168,
              40.705509424152694
            ]
          ]
        ]
      }
    },
    {
      "id": "177",
      "type": "Feature",
      "properties": {
        "tile_id": 177,
        "average_temperature": 32.0007,
        "min_temperature": 32.0007,
        "max_temperature": 32.0007
      },
      "geometry": {
        "type": "Polygon",
        "coordinates": [
          [
            [
              -74.06742269150813,
              40.70549999191184
            ],
            [
              -74.0662544427781,
              40.70549054785055
            ],
            [
              -74.06624186744222,
              40.706390859244216
            ],
            [
              -74.0674101319002,
              40.706400303603694
            ],
            [
              -74.06742269150813,
              40.70549999191184
            ]
          ]
        ]
      }
    },
    {
      "id": "178",
      "type": "Feature",
      "properties": {
        "tile_id": 178,
        "average_temperature": 32.0068,
        "min_temperature": 32.0068,
        "max_temperature": 32.0068
      },
      "geometry": {
        "type": "Polygon",
        "coordinates": [
          [
            [
              -74.0662544427781,
              40.70549054785055
            ],
            [
              -74.06508619460232,
              40.705481091968856
            ],
            [
              -74.06507360353847,
              40.70638140306394
            ],
            [
              -74.06624186744222,
              40.706390859244216
            ],
            [
              -74.0662544427781,
              40.70549054785055
            ]
          ]
        ]
      }
    },
    {
      "id": "179",
      "type": "Feature",
      "properties": {
        "tile_id": 179,
        "average_temperature": 32.007,
        "min_temperature": 32.007,
        "max_temperature": 32.007
      },
      "geometry": {
        "type": "Polygon",
        "coordinates": [
          [
            [
              -74.06508619460232,
              40.705481091968856
            ],
            [
              -74.06391794698143,
              40.70547162426675
            ],
            [
              -74.06390534018966,
              40.70637193506289
            ],
            [
              -74.06507360353847,
              40.70638140306394
            ],
            [
              -74.06508619460232,
              40.705481091968856
            ]
          ]
        ]
      }
    },
    {
      "id": "180",
      "type": "Feature",
      "properties": {
        "tile_id": 180,
        "average_temperature": 31.999,
        "min_temperature": 31.999,
        "max_temperature": 31.999
      },
      "geometry": {
        "type": "Polygon",
        "coordinates": [
          [
            [
              -74.06391794698143,
              40.70547162426675
            ],
            [
              -74.06274969991617,
              40.705462144744246
            ],
            [
              -74.0627370773965,
              40.70636245524107
            ],
            [
              -74.06390534018966,
              40.70637193506289
            ],
            [
              -74.06391794698143,
              40.70547162426675
            ]
          ]
        ]
      }
    },
    {
      "id": "181",
      "type": "Feature",
      "properties": {
        "tile_id": 181,
        "average_temperature": 31.9834,
        "min_temperature": 31.9834,
        "max_temperature": 31.9834
      },
      "geometry": {
        "type": "Polygon",
        "coordinates": [
          [
            [
              -74.06274969991617,
              40.705462144744246
            ],
            [
              -74.0615814534072,
              40.70545265340138
            ],
            [
              -74.06156881515966,
              40.70635296359851
            ],
            [
              -74.0627370773965,
              40.70636245524107
            ],
            [
              -74.06274969991617,
              40.705462144744246
            ]
          ]
        ]
      }
    },
    {
      "id": "182",
      "type": "Feature",
      "properties": {
        "tile_id": 182,
        "average_temperature": 31.9616,
        "min_temperature": 31.9616,
        "max_temperature": 31.9616
      },
      "geometry": {
        "type": "Polygon",
        "coordinates": [
          [
            [
              -74.0615814534072,
              40.70545265340138
            ],
            [
              -74.06041320745521,
              40.705443150238146
            ],
            [
              -74.06040055347987,
              40.706343460135216
            ],
            [
              -74.06156881515966,
              40.70635296359851
            ],
            [
              -74.0615814534072,
              40.70545265340138
            ]
          ]
        ]
      }
    },
    {
      "id": "183",
      "type": "Feature",
      "properties": {
        "tile_id": 183,
        "average_temperature": 31.9353,
        "min_temperature": 31.9353,
        "max_temperature": 31.9353
      },
      "geometry": {
        "type": "Polygon",
        "coordinates": [
          [
            [
              -74.06041320745521,
              40.705443150238146
            ],
            [
              -74.05924496206092,
              40.70543363525457
            ],
            [
              -74.05923229235778,
              40.70633394485121
            ],
            [
              -74.06040055347987,
              40.706343460135216
            ],
            [
              -74.06041320745521,
              40.705443150238146
            ]
          ]
        ]
      }
    },
    {
      "id": "184",
      "type": "Feature",
      "properties": {
        "tile_id": 184,
        "average_temperature": 31.9059,
        "min_temperature": 31.9059,
        "max_temperature": 31.9059
      },
      "geometry": {
        "type": "Polygon",
        "coordinates": [
          [
            [
              -74.05924496206092,
              40.70543363525457
            ],
            [
              -74.05807671722502,
              40.705424108450686
            ],
            [
              -74.05806403179409,
              40.70632441774651
            ],
            [
              -74.05923229235778,
              40.70633394485121
            ],
            [
              -74.05924496206092,
              40.70543363525457
            ]
          ]
        ]
      }
    },
    {
      "id": "185",
      "type": "Feature",
      "properties": {
        "tile_id": 185,
        "average_temperature": 31.8751,
        "min_temperature": 31.8751,
        "max_temperature": 31.8751
      },
      "geometry": {
        "type": "Polygon",
        "coordinates": [
          [
            [
              -74.05807671722502,
              40.705424108450686
            ],
            [
              -74.0569084729482,
              40.70541456982648
            ],
            [
              -74.0568957717895,
              40.70631487882113
            ],
            [
              -74.05806403179409,
              40.70632441774651
            ],
            [
              -74.05807671722502,
              40.705424108450686
            ]
          ]
        ]
      }
    },
    {
      "id": "186",
      "type": "Feature",
      "properties": {
        "tile_id": 186,
        "average_temperature": 31.8444,
        "min_temperature": 31.8444,
        "max_temperature": 31.8444
      },
      "geometry": {
        "type": "Polygon",
        "coordinates": [
          [
            [
              -74.0569084729482,
              40.70541456982648
            ],
            [
              -74.05574022923112,
              40.70540501938199
            ],
            [
              -74.05572751234473,
              40.706305328075075
            ],
            [
              -74.0568957717895,
              40.70631487882113
            ],
            [
              -74.0569084729482,
              40.70541456982648
            ]
          ]
        ]
      }
    },
    {
      "id": "187",
      "type": "Feature",
      "properties": {
        "tile_id": 187,
        "average_temperature": 31.8156,
        "min_temperature": 31.8156,
        "max_temperature": 31.8156
      },
      "geometry": {
        "type": "Polygon",
        "coordinates": [
          [
            [
              -74.05574022923112,
              40.70540501938199
            ],
            [
              -74.0545719860745,
              40.70539545711721
            ],
            [
              -74.05455925346043,
              40.70629576550838
            ],
            [
              -74.05572751234473,
              40.706305328075075
            ],
            [
              -74.05574022923112,
              40.70540501938199
            ]
          ]
        ]
      }
    },
    {
      "id": "188",
      "type": "Feature",
      "properties": {
        "tile_id": 188,
        "average_temperature": 31.7902,
        "min_temperature": 31.7902,
        "max_temperature": 31.7902
      },
      "geometry": {
        "type": "Polygon",
        "coordinates": [
          [
            [
              -74.0545719860745,
              40.70539545711721
            ],
            [
              -74.05340374347907,
              40.705385883032186
            ],
            [
              -74.0533909951373,
              40.70628619112105
            ],
            [
              -74.05455925346043,
              40.70629576550838
            ],
            [
              -74.0545719860745,
              40.70539545711721
            ]
          ]
        ]
      }
    },
    {
      "id": "189",
      "type": "Feature",
      "properties": {
        "tile_id": 189,
        "average_temperature": 31.7699,
        "min_temperature": 31.7699,
        "max_temperature": 31.7699
      },
      "geometry": {
        "type": "Polygon",
        "coordinates": [
          [
            [
              -74.05340374347907,
              40.705385883032186
            ],
            [
              -74.05223550144545,
              40.70537629712691
            ],
            [
              -74.05222273737607,
              40.70627660491312
            ],
            [
              -74.0533909951373,
              40.70628619112105
            ],
            [
              -74.05340374347907,
              40.705385883032186
            ]
          ]
        ]
      }
    },
    {
      "id": "190",
      "type": "Feature",
      "properties": {
        "tile_id": 190,
        "average_temperature": 31.7552,
        "min_temperature": 31.7552,
        "max_temperature": 31.7552
      },
      "geometry": {
        "type": "Polygon",
        "coordinates": [
          [
            [
              -74.05223550144545,
              40.70537629712691
            ],
            [
              -74.05106725997439,
              40.70536669940143
            ],
            [
              -74.0510544801774,
              40.70626700688457
            ],
            [
              -74.05222273737607,
              40.70627660491312
            ],
            [
              -74.05223550144545,
              40.70537629712691
            ]
          ]
        ]
      }
    },
    {
      "id": "191",
      "type": "Feature",
      "properties": {
        "tile_id": 191,
        "average_temperature": 31.7457,
        "min_temperature": 31.7457,
        "max_temperature": 31.7457
      },
      "geometry": {
        "type": "Polygon",
        "coordinates": [
          [
            [
              -74.05106725997439,
              40.70536669940143
            ],
            [
              -74.04989901906654,
              40.705357089855724
            ],
            [
              -74.04988622354199,
              40.70625739703544
            ],
            [
              -74.0510544801774,
              40.70626700688457
            ],
            [
              -74.05106725997439,
              40.70536669940143
            ]
          ]
        ]
      }
    },
    {
      "id": "192",
      "type": "Feature",
      "properties": {
        "tile_id": 192,
        "average_temperature": 32.6921,
        "min_temperature": 32.6921,
        "max_temperature": 32.6921
      },
      "geometry": {
        "type": "Polygon",
        "coordinates": [
          [
            [
              -74.0872707118151,
              40.70655904911752
            ],
            [
              -74.08610243804084,
              40.70654980571402
            ],
            [
              -74.08609012952805,
              40.70745012198233
            ],
            [
              -74.08725841903146,
              40.70745936567768
            ],
            [
              -74.0872707118151,
              40.70655904911752
            ]
          ]
        ]
      }
    },
    {
      "id": "193",
      "type": "Feature",
      "properties": {
        "tile_id": 193,
        "average_temperature": 32.6175,
        "min_temperature": 32.6175,
        "max_temperature": 32.6175
      },
      "geometry": {
        "type": "Polygon",
        "coordinates": [
          [
            [
              -74.08610243804084,
              40.70654980571402
            ],
            [
              -74.08493416480907,
              40.706540550489464
            ],
            [
              -74.08492184056715,
              40.70744086646554
            ],
            [
              -74.08609012952805,
              40.70745012198233
            ],
            [
              -74.08610243804084,
              40.70654980571402
            ]
          ]
        ]
      }
    },
    {
      "id": "194",
      "type": "Feature",
      "properties": {
        "tile_id": 194,
        "average_temperature": 32.5367,
        "min_temperature": 32.5367,
        "max_temperature": 32.5367
      },
      "geometry": {
        "type": "Polygon",
        "coordinates": [
          [
            [
              -74.08493416480907,
              40.706540550489464
            ],
            [
              -74.08376589212047,
              40.70653128344385
            ],
            [
              -74.08375355214942,
              40.70743159912732
            ],
            [
              -74.08492184056715,
              40.70744086646554
            ],
            [
              -74.08493416480907,
              40.706540550489464
            ]
          ]
        ]
      }
    },
    {
      "id": "195",
      "type": "Feature",
      "properties": {
        "tile_id": 195,
        "average_temperature": 32.4522,
        "min_temperature": 32.4522,
        "max_temperature": 32.4522
      },
      "geometry": {
        "type": "Polygon",
        "coordinates": [
          [
            [
              -74.08376589212047,
              40.70653128344385
            ],
            [
              -74.08259761997572,
              40.706522004577195
            ],
            [
              -74.0825852642756,
              40.707422319967684
            ],
            [
              -74.08375355214942,
              40.70743159912732
            ],
            [
              -74.08376589212047,
              40.70653128344385
            ]
          ]
        ]
      }
    },
    {
      "id": "196",
      "type": "Feature",
      "properties": {
        "tile_id": 196,
        "average_temperature": 32.3665,
        "min_temperature": 32.3665,
        "max_temperature": 32.3665
      },
      "geometry": {
        "type": "Polygon",
        "coordinates": [
          [
            [
              -74.08259761997572,
              40.706522004577195
            ],
            [
              -74.08142934837552,
              40.70651271388952
            ],
            [
              -74.08141697694634,
              40.70741302898667
            ],
            [
              -74.0825852642756,
              40.707422319967684
            ],
            [
              -74.08259761997572,
              40.706522004577195
            ]
          ]
        ]
      }
    },
    {
      "id": "197",
      "type": "Feature",
      "properties": {
        "tile_id": 197,
        "average_temperature": 32.2819,
        "min_temperature": 32.2819,
        "max_temperature": 32.2819
      },
      "geometry": {
        "type": "Polygon",
        "coordinates": [
          [
            [
              -74.08142934837552,
              40.70651271388952
            ],
            [
              -74.08026107732056,
              40.706503411380844
            ],
            [
              -74.08024869016236,
              40.70740372618426
            ],
            [
              -74.08141697694634,
              40.70741302898667
            ],
            [
              -74.08142934837552,
              40.70651271388952
            ]
          ]
        ]
      }
    },
    {
      "id": "198",
      "type": "Feature",
      "properties": {
        "tile_id": 198,
        "average_temperature": 32.201,
        "min_temperature": 32.201,
        "max_temperature": 32.201
      },
      "geometry": {
        "type": "Polygon",
        "coordinates": [
          [
            [
              -74.08026107732056,
              40.706503411380844
            ],
            [
              -74.07909280681153,
              40.70649409705119
            ],
            [
              -74.07908040392434,
              40.7073944115605
            ],
            [
              -74.08024869016236,
              40.70740372618426
            ],
            [
              -74.08026107732056,
              40.706503411380844
            ]
          ]
        ]
      }
    },
    {
      "id": "199",
      "type": "Feature",
      "properties": {
        "tile_id": 199,
        "average_temperature": 32.1261,
        "min_temperature": 32.1261,
        "max_temperature": 32.1261
      },
      "geometry": {
        "type": "Polygon",
        "coordinates": [
          [
            [
              -74.07909280681153,
              40.70649409705119
            ],
            [
              -74.07792453684912,
              40.70648477090055
            ],
            [
              -74.07791211823299,
              40.70738508511539
            ],
            [
              -74.07908040392434,
              40.7073944115605
            ],
            [
              -74.07909280681153,
              40.70649409705119
            ]
          ]
        ]
      }
    },
    {
      "id": "200",
      "type": "Feature",
      "properties": {
        "tile_id": 200,
        "average_temperature": 32.0597,
        "min_temperature": 32.0597,
        "max_temperature": 32.0597
      },
      "geometry": {
        "type": "Polygon",
        "coordinates": [
          [
            [
              -74.07792453684912,
              40.70648477090055
            ],
            [
              -74.07675626743406,
              40.70647543292896
            ],
            [
              -74.07674383308897,
              40.70737574684895
            ],
            [
              -74.07791211823299,
              40.70738508511539
            ],
            [
              -74.07792453684912,
              40.70648477090055
            ]
          ]
        ]
      }
    },
    {
      "id": "201",
      "type": "Feature",
      "properties": {
        "tile_id": 201,
        "average_temperature": 32.0042,
        "min_temperature": 32.0042,
        "max_temperature": 32.0042
      },
      "geometry": {
        "type": "Polygon",
        "coordinates": [
          [
            [
              -74.07675626743406,
              40.70647543292896
            ],
            [
              -74.075587998567,
              40.70646608313642
            ],
            [
              -74.07557554849299,
              40.707366396761195
            ],
            [
              -74.07674383308897,
              40.70737574684895
            ],
            [
              -74.07675626743406,
              40.70647543292896
            ]
          ]
        ]
      }
    },
    {
      "id": "202",
      "type": "Feature",
      "properties": {
        "tile_id": 202,
        "average_temperature": 31.9621,
        "min_temperature": 31.9621,
        "max_temperature": 31.9621
      },
      "geometry": {
        "type": "Polygon",
        "coordinates": [
          [
            [
              -74.075587998567,
              40.70646608313642
            ],
            [
              -74.07441973024865,
              40.70645672152296
            ],
            [
              -74.07440726444577,
              40.707357034852144
            ],
            [
              -74.07557554849299,
              40.707366396761195
            ],
            [
              -74.075587998567,
              40.70646608313642
            ]
          ]
        ]
      }
    },
    {
      "id": "203",
      "type": "Feature",
      "properties": {
        "tile_id": 203,
        "average_temperature": 31.9342,
        "min_temperature": 31.9342,
        "max_temperature": 31.9342
      },
      "geometry": {
        "type": "Polygon",
        "coordinates": [
          [
            [
              -74.07441973024865,
              40.70645672152296
            ],
            [
              -74.0732514624797,
              40.706447348088595
            ],
            [
              -74.07323898094795,
              40.70734766112181
            ],
            [
              -74.07440726444577,
              40.707357034852144
            ],
            [
              -74.07441973024865,
              40.70645672152296
            ]
          ]
        ]
      }
    },
    {
      "id": "204",
      "type": "Feature",
      "properties": {
        "tile_id": 204,
        "average_temperature": 31.9187,
        "min_temperature": 31.9187,
        "max_temperature": 31.9187
      },
      "geometry": {
        "type": "Polygon",
        "coordinates": [
          [
            [
              -74.0732514624797,
              40.706447348088595
            ],
            [
              -74.07208319526084,
              40.70643796283334
            ],
            [
              -74.07207069800027,
              40.70733827557021
            ],
            [
              -74.07323898094795,
              40.70734766112181
            ],
            [
              -74.0732514624797,
              40.706447348088595
            ]
          ]
        ]
      }
    },
    {
      "id": "205",
      "type": "Feature",
      "properties": {
        "tile_id": 205,
        "average_temperature": 31.9134,
        "min_temperature": 31.9134,
        "max_temperature": 31.9134
      },
      "geometry": {
        "type": "Polygon",
        "coordinates": [
          [
            [
              -74.07208319526084,
              40.70643796283334
            ],
            [
              -74.07091492859277,
              40.7064285657572
            ],
            [
              -74.0709024156034,
              40.70732887819736
            ],
            [
              -74.07207069800027,
              40.70733827557021
            ],
            [
              -74.07208319526084,
              40.70643796283334
            ]
          ]
        ]
      }
    },
    {
      "id": "206",
      "type": "Feature",
      "properties": {
        "tile_id": 206,
        "average_temperature": 31.9162,
        "min_temperature": 31.9162,
        "max_temperature": 31.9162
      },
      "geometry": {
        "type": "Polygon",
        "coordinates": [
          [
            [
              -74.07091492859277,
              40.7064285657572
            ],
            [
              -74.06974666247618,
              40.706419156860214
            ],
            [
              -74.06973413375803,
              40.70731946900329
            ],
            [
              -74.0709024156034,
              40.70732887819736
            ],
            [
              -74.07091492859277,
              40.7064285657572
            ]
          ]
        ]
      }
    },
    {
      "id": "207",
      "type": "Feature",
      "properties": {
        "tile_id": 207,
        "average_temperature": 31.9248,
        "min_temperature": 31.9248,
        "max_temperature": 31.9248
      },
      "geometry": {
        "type": "Polygon",
        "coordinates": [
          [
            [
              -74.06974666247618,
              40.706419156860214
            ],
            [
              -74.06857839691176,
              40.70640973614237
            ],
            [
              -74.06856585246487,
              40.70731004798798
            ],
            [
              -74.06973413375803,
              40.70731946900329
            ],
            [
              -74.06974666247618,
              40.706419156860214
            ]
          ]
        ]
      }
    },
    {
      "id": "208",
      "type": "Feature",
      "properties": {
        "tile_id": 208,
        "average_temperature": 31.937,
        "min_temperature": 31.937,
        "max_temperature": 31.937
      },
      "geometry": {
        "type": "Polygon",
        "coordinates": [
          [
            [
              -74.06857839691176,
              40.70640973614237
            ],
            [
              -74.0674101319002,
              40.706400303603694
            ],
            [
              -74.0673975717246,
              40.70730061515149
            ],
            [
              -74.06856585246487,
              40.70731004798798
            ],
            [
              -74.06857839691176,
              40.70640973614237
            ]
          ]
        ]
      }
    },
    {
      "id": "209",
      "type": "Feature",
      "properties": {
        "tile_id": 209,
        "average_temperature": 31.9506,
        "min_temperature": 31.9506,
        "max_temperature": 31.9506
      },
      "geometry": {
        "type": "Polygon",
        "coordinates": [
          [
            [
              -74.0674101319002,
              40.706400303603694
            ],
            [
              -74.06624186744222,
              40.706390859244216
            ],
            [
              -74.06622929153792,
              40.707291170493804
            ],
            [
              -74.0673975717246,
              40.70730061515149
            ],
            [
              -74.0674101319002,
              40.706400303603694
            ]
          ]
        ]
      }
    },
    {
      "id": "210",
      "type": "Feature",
      "properties": {
        "tile_id": 210,
        "average_temperature": 31.9634,
        "min_temperature": 31.9634,
        "max_temperature": 31.9634
      },
      "geometry": {
        "type": "Polygon",
        "coordinates": [
          [
            [
              -74.06624186744222,
              40.706390859244216
            ],
            [
              -74.06507360353847,
              40.70638140306394
            ],
            [
              -74.06506101190553,
              40.707281714014954
            ],
            [
              -74.06622929153792,
              40.707291170493804
            ],
            [
              -74.06624186744222,
              40.706390859244216
            ]
          ]
        ]
      }
    },
    {
      "id": "211",
      "type": "Feature",
      "properties": {
        "tile_id": 211,
        "average_temperature": 31.973,
        "min_temperature": 31.973,
        "max_temperature": 31.973
      },
      "geometry": {
        "type": "Polygon",
        "coordinates": [
          [
            [
              -74.06507360353847,
              40.70638140306394
            ],
            [
              -74.06390534018966,
              40.70637193506289
            ],
            [
              -74.0638927328281,
              40.70727224571495
            ],
            [
              -74.06506101190553,
              40.707281714014954
            ],
            [
              -74.06507360353847,
              40.70638140306394
            ]
          ]
        ]
      }
    },
    {
      "id": "212",
      "type": "Feature",
      "properties": {
        "tile_id": 212,
        "average_temperature": 31.9774,
        "min_temperature": 31.9774,
        "max_temperature": 31.9774
      },
      "geometry": {
        "type": "Polygon",
        "coordinates": [
          [
            [
              -74.06390534018966,
              40.70637193506289
            ],
            [
              -74.0627370773965,
              40.706362455241084
            ],
            [
              -74.06272445430633,
              40.7072627655938
            ],
            [
              -74.0638927328281,
              40.70727224571495
            ],
            [
              -74.06390534018966,
              40.70637193506289
            ]
          ]
        ]
      }
    },
    {
      "id": "213",
      "type": "Feature",
      "properties": {
        "tile_id": 213,
        "average_temperature": 31.9768,
        "min_temperature": 31.9768,
        "max_temperature": 31.9768
      },
      "geometry": {
        "type": "Polygon",
        "coordinates": [
          [
            [
              -74.0627370773965,
              40.706362455241084
            ],
            [
              -74.06156881515966,
              40.706352963598526
            ],
            [
              -74.06155617634093,
              40.707253273651546
            ],
            [
              -74.06272445430633,
              40.7072627655938
            ],
            [
              -74.0627370773965,
              40.706362455241084
            ]
          ]
        ]
      }
    },
    {
      "id": "214",
      "type": "Feature",
      "properties": {
        "tile_id": 214,
        "average_temperature": 31.9718,
        "min_temperature": 31.9718,
        "max_temperature": 31.9718
      },
      "geometry": {
        "type": "Polygon",
        "coordinates": [
          [
            [
              -74.06156881515966,
              40.706352963598526
            ],
            [
              -74.06040055347987,
              40.70634346013522
            ],
            [
              -74.06038789893258,
              40.707243769888194
            ],
            [
              -74.06155617634093,
              40.707253273651546
            ],
            [
              -74.06156881515966,
              40.706352963598526
            ]
          ]
        ]
      }
    },
    {
      "id": "215",
      "type": "Feature",
      "properties": {
        "tile_id": 215,
        "average_temperature": 31.9633,
        "min_temperature": 31.9633,
        "max_temperature": 31.9633
      },
      "geometry": {
        "type": "Polygon",
        "coordinates": [
          [
            [
              -74.06040055347987,
              40.70634346013522
            ],
            [
              -74.05923229235778,
              40.70633394485122
            ],
            [
              -74.05921962208197,
              40.707234254303735
            ],
            [
              -74.06038789893258,
              40.707243769888194
            ],
            [
              -74.06040055347987,
              40.70634346013522
            ]
          ]
        ]
      }
    },
    {
      "id": "216",
      "type": "Feature",
      "properties": {
        "tile_id": 216,
        "average_temperature": 31.952,
        "min_temperature": 31.952,
        "max_temperature": 31.952
      },
      "geometry": {
        "type": "Polygon",
        "coordinates": [
          [
            [
              -74.05923229235778,
              40.70633394485122
            ],
            [
              -74.05806403179409,
              40.70632441774652
            ],
            [
              -74.05805134578979,
              40.70722472689821
            ],
            [
              -74.05921962208197,
              40.707234254303735
            ],
            [
              -74.05923229235778,
              40.70633394485122
            ]
          ]
        ]
      }
    },
    {
      "id": "217",
      "type": "Feature",
      "properties": {
        "tile_id": 217,
        "average_temperature": 31.9389,
        "min_temperature": 31.9389,
        "max_temperature": 31.9389
      },
      "geometry": {
        "type": "Polygon",
        "coordinates": [
          [
            [
              -74.05806403179409,
              40.70632441774652
            ],
            [
              -74.0568957717895,
              40.70631487882114
            ],
            [
              -74.05688307005676,
              40.70721518767164
            ],
            [
              -74.05805134578979,
              40.70722472689821
            ],
            [
              -74.05806403179409,
              40.70632441774652
            ]
          ]
        ]
      }
    },
    {
      "id": "218",
      "type": "Feature",
      "properties": {
        "tile_id": 218,
        "average_temperature": 31.9248,
        "min_temperature": 31.9248,
        "max_temperature": 31.9248
      },
      "geometry": {
        "type": "Polygon",
        "coordinates": [
          [
            [
              -74.0568957717895,
              40.70631487882114
            ],
            [
              -74.05572751234473,
              40.70630532807508
            ],
            [
              -74.05571479488356,
              40.70720563662403
            ],
            [
              -74.05688307005676,
              40.70721518767164
            ],
            [
              -74.0568957717895,
              40.70631487882114
            ]
          ]
        ]
      }
    },
    {
      "id": "219",
      "type": "Feature",
      "properties": {
        "tile_id": 219,
        "average_temperature": 31.9109,
        "min_temperature": 31.9109,
        "max_temperature": 31.9109
      },
      "geometry": {
        "type": "Polygon",
        "coordinates": [
          [
            [
              -74.05572751234473,
              40.70630532807508
            ],
            [
              -74.05455925346043,
              40.706295765508386
            ],
            [
              -74.05454652027085,
              40.707196073755405
            ],
            [
              -74.05571479488356,
              40.70720563662403
            ],
            [
              -74.05572751234473,
              40.70630532807508
            ]
          ]
        ]
      }
    },
    {
      "id": "220",
      "type": "Feature",
      "properties": {
        "tile_id": 220,
        "average_temperature": 31.8979,
        "min_temperature": 31.8979,
        "max_temperature": 31.8979
      },
      "geometry": {
        "type": "Polygon",
        "coordinates": [
          [
            [
              -74.05455925346043,
              40.706295765508386
            ],
            [
              -74.0533909951373,
              40.70628619112105
            ],
            [
              -74.05337824621935,
              40.70718649906576
            ],
            [
              -74.05454652027085,
              40.707196073755405
            ],
            [
              -74.05455925346043,
              40.706295765508386
            ]
          ]
        ]
      }
    },
    {
      "id": "221",
      "type": "Feature",
      "properties": {
        "tile_id": 221,
        "average_temperature": 31.887,
        "min_temperature": 31.887,
        "max_temperature": 31.887
      },
      "geometry": {
        "type": "Polygon",
        "coordinates": [
          [
            [
              -74.0533909951373,
              40.70628619112105
            ],
            [
              -74.05222273737607,
              40.70627660491312
            ],
            [
              -74.05220997272977,
              40.707176912555134
            ],
            [
              -74.05337824621935,
              40.70718649906576
            ],
            [
              -74.0533909951373,
              40.70628619112105
            ]
          ]
        ]
      }
    },
    {
      "id": "222",
      "type": "Feature",
      "properties": {
        "tile_id": 222,
        "average_temperature": 31.8786,
        "min_temperature": 31.8786,
        "max_temperature": 31.8786
      },
      "geometry": {
        "type": "Polygon",
        "coordinates": [
          [
            [
              -74.05222273737607,
              40.70627660491312
            ],
            [
              -74.0510544801774,
              40.70626700688457
            ],
            [
              -74.05104169980278,
              40.70716731422354
            ],
            [
              -74.05220997272977,
              40.707176912555134
            ],
            [
              -74.05222273737607,
              40.70627660491312
            ]
          ]
        ]
      }
    },
    {
      "id": "223",
      "type": "Feature",
      "properties": {
        "tile_id": 223,
        "average_temperature": 31.8726,
        "min_temperature": 31.8726,
        "max_temperature": 31.8726
      },
      "geometry": {
        "type": "Polygon",
        "coordinates": [
          [
            [
              -74.0510544801774,
              40.70626700688457
            ],
            [
              -74.04988622354199,
              40.70625739703546
            ],
            [
              -74.04987342743908,
              40.707157704070994
            ],
            [
              -74.05104169980278,
              40.70716731422354
            ],
            [
              -74.0510544801774,
              40.70626700688457
            ]
          ]
        ]
      }
    },
    {
      "id": "224",
      "type": "Feature",
      "properties": {
        "tile_id": 224,
        "average_temperature": 32.7047,
        "min_temperature": 32.7047,
        "max_temperature": 32.7047
      },
      "geometry": {
        "type": "Polygon",
        "coordinates": [
          [
            [
              -74.08725841903146,
              40.70745936567768
            ],
            [
              -74.08609012952805,
              40.70745012198233
            ],
            [
              -74.08607782045893,
              40.70835043810669
            ],
            [
              -74.0872461256922,
              40.708359682093906
            ],
            [
              -74.08725841903146,
              40.70745936567768
            ]
          ]
        ]
      }
    },
    {
      "id": "225",
      "type": "Feature",
      "properties": {
        "tile_id": 225,
        "average_temperature": 32.6239,
        "min_temperature": 32.6239,
        "max_temperature": 32.6239
      },
      "geometry": {
        "type": "Polygon",
        "coordinates": [
          [
            [
              -74.08609012952805,
              40.70745012198233
            ],
            [
              -74.08492184056715,
              40.70744086646554
            ],
            [
              -74.08490951576817,
              40.70834118229765
            ],
            [
              -74.08607782045893,
              40.70835043810669
            ],
            [
              -74.08609012952805,
              40.70745012198233
            ]
          ]
        ]
      }
    },
    {
      "id": "226",
      "type": "Feature",
      "properties": {
        "tile_id": 226,
        "average_temperature": 32.5363,
        "min_temperature": 32.5363,
        "max_temperature": 32.5363
      },
      "geometry": {
        "type": "Polygon",
        "coordinates": [
          [
            [
              -74.08492184056715,
              40.70744086646554
            ],
            [
              -74.08375355214942,
              40.70743159912732
            ],
            [
              -74.08374121162063,
              40.708331914666815
            ],
            [
              -74.08490951576817,
              40.70834118229765
            ],
            [
              -74.08492184056715,
              40.70744086646554
            ]
          ]
        ]
      }
    },
    {
      "id": "227",
      "type": "Feature",
      "properties": {
        "tile_id": 227,
        "average_temperature": 32.4443,
        "min_temperature": 32.4443,
        "max_temperature": 32.4443
      },
      "geometry": {
        "type": "Polygon",
        "coordinates": [
          [
            [
              -74.08375355214942,
              40.70743159912732
            ],
            [
              -74.0825852642756,
              40.707422319967684
            ],
            [
              -74.08257290801701,
              40.7083226352142
            ],
            [
              -74.08374121162063,
              40.708331914666815
            ],
            [
              -74.08375355214942,
              40.70743159912732
            ]
          ]
        ]
      }
    },
    {
      "id": "228",
      "type": "Feature",
      "properties": {
        "tile_id": 228,
        "average_temperature": 32.3505,
        "min_temperature": 32.3505,
        "max_temperature": 32.3505
      },
      "geometry": {
        "type": "Polygon",
        "coordinates": [
          [
            [
              -74.0825852642756,
              40.707422319967684
            ],
            [
              -74.08141697694634,
              40.70741302898667
            ],
            [
              -74.08140460495801,
              40.708313343939814
            ],
            [
              -74.08257290801701,
              40.7083226352142
            ],
            [
              -74.0825852642756,
              40.707422319967684
            ]
          ]
        ]
      }
    },
    {
      "id": "229",
      "type": "Feature",
      "properties": {
        "tile_id": 229,
        "average_temperature": 32.2575,
        "min_temperature": 32.2575,
        "max_temperature": 32.2575
      },
      "geometry": {
        "type": "Polygon",
        "coordinates": [
          [
            [
              -74.08141697694634,
              40.70741302898667
            ],
            [
              -74.08024869016236,
              40.70740372618426
            ],
            [
              -74.08023630244428,
              40.70830404084368
            ],
            [
              -74.08140460495801,
              40.708313343939814
            ],
            [
              -74.08141697694634,
              40.70741302898667
            ]
          ]
        ]
      }
    },
    {
      "id": "230",
      "type": "Feature",
      "properties": {
        "tile_id": 230,
        "average_temperature": 32.1678,
        "min_temperature": 32.1678,
        "max_temperature": 32.1678
      },
      "geometry": {
        "type": "Polygon",
        "coordinates": [
          [
            [
              -74.08024869016236,
              40.70740372618426
            ],
            [
              -74.07908040392434,
              40.7073944115605
            ],
            [
              -74.07906800047655,
              40.7082947259258
            ],
            [
              -74.08023630244428,
              40.70830404084368
            ],
            [
              -74.08024869016236,
              40.70740372618426
            ]
          ]
        ]
      }
    },
    {
      "id": "231",
      "type": "Feature",
      "properties": {
        "tile_id": 231,
        "average_temperature": 32.0841,
        "min_temperature": 32.0841,
        "max_temperature": 32.0841
      },
      "geometry": {
        "type": "Polygon",
        "coordinates": [
          [
            [
              -74.07908040392434,
              40.7073944115605
            ],
            [
              -74.07791211823299,
              40.70738508511539
            ],
            [
              -74.07789969905551,
              40.70828539918622
            ],
            [
              -74.07906800047655,
              40.7082947259258
            ],
            [
              -74.07908040392434,
              40.7073944115605
            ]
          ]
        ]
      }
    },
    {
      "id": "232",
      "type": "Feature",
      "properties": {
        "tile_id": 232,
        "average_temperature": 32.0088,
        "min_temperature": 32.0088,
        "max_temperature": 32.0088
      },
      "geometry": {
        "type": "Polygon",
        "coordinates": [
          [
            [
              -74.07791211823299,
              40.70738508511539
            ],
            [
              -74.07674383308897,
              40.70737574684895
            ],
            [
              -74.07673139818185,
              40.708276060624925
            ],
            [
              -74.07789969905551,
              40.70828539918622
            ],
            [
              -74.07791211823299,
              40.70738508511539
            ]
          ]
        ]
      }
    },
    {
      "id": "233",
      "type": "Feature",
      "properties": {
        "tile_id": 233,
        "average_temperature": 31.9445,
        "min_temperature": 31.9445,
        "max_temperature": 31.9445
      },
      "geometry": {
        "type": "Polygon",
        "coordinates": [
          [
            [
              -74.07674383308897,
              40.70737574684895
            ],
            [
              -74.07557554849299,
              40.707366396761195
            ],
            [
              -74.07556309785625,
              40.70826671024194
            ],
            [
              -74.07673139818185,
              40.708276060624925
            ],
            [
              -74.07674383308897,
              40.70737574684895
            ]
          ]
        ]
      }
    },
    {
      "id": "234",
      "type": "Feature",
      "properties": {
        "tile_id": 234,
        "average_temperature": 31.8937,
        "min_temperature": 31.8937,
        "max_temperature": 31.8937
      },
      "geometry": {
        "type": "Polygon",
        "coordinates": [
          [
            [
              -74.07557554849299,
              40.707366396761195
            ],
            [
              -74.07440726444577,
              40.707357034852144
            ],
            [
              -74.07439479807942,
              40.708257348037286
            ],
            [
              -74.07556309785625,
              40.70826671024194
            ],
            [
              -74.07557554849299,
              40.707366396761195
            ]
          ]
        ]
      }
    },
    {
      "id": "235",
      "type": "Feature",
      "properties": {
        "tile_id": 235,
        "average_temperature": 31.8576,
        "min_temperature": 31.8576,
        "max_temperature": 31.8576
      },
      "geometry": {
        "type": "Polygon",
        "coordinates": [
          [
            [
              -74.07440726444577,
              40.707357034852144
            ],
            [
              -74.07323898094795,
              40.70734766112181
            ],
            [
              -74.07322649885205,
              40.70824797401098
            ],
            [
              -74.07439479807942,
              40.708257348037286
            ],
            [
              -74.07440726444577,
              40.707357034852144
            ]
          ]
        ]
      }
    },
    {
      "id": "236",
      "type": "Feature",
      "properties": {
        "tile_id": 236,
        "average_temperature": 31.8349,
        "min_temperature": 31.8349,
        "max_temperature": 31.8349
      },
      "geometry": {
        "type": "Polygon",
        "coordinates": [
          [
            [
              -74.07323898094795,
              40.70734766112181
            ],
            [
              -74.07207069800027,
              40.70733827557021
            ],
            [
              -74.07205820017484,
              40.708238588163034
            ],
            [
              -74.07322649885205,
              40.70824797401098
            ],
            [
              -74.07323898094795,
              40.70734766112181
            ]
          ]
        ]
      }
    },
    {
      "id": "237",
      "type": "Feature",
      "properties": {
        "tile_id": 237,
        "average_temperature": 31.824,
        "min_temperature": 31.824,
        "max_temperature": 31.824
      },
      "geometry": {
        "type": "Polygon",
        "coordinates": [
          [
            [
              -74.07207069800027,
              40.70733827557021
            ],
            [
              -74.0709024156034,
              40.70732887819736
            ],
            [
              -74.07088990204845,
              40.70822919049347
            ],
            [
              -74.07205820017484,
              40.708238588163034
            ],
            [
              -74.07207069800027,
              40.70733827557021
            ]
          ]
        ]
      }
    },
    {
      "id": "238",
      "type": "Feature",
      "properties": {
        "tile_id": 238,
        "average_temperature": 31.8234,
        "min_temperature": 31.8234,
        "max_temperature": 31.8234
      },
      "geometry": {
        "type": "Polygon",
        "coordinates": [
          [
            [
              -74.0709024156034,
              40.70732887819736
            ],
            [
              -74.06973413375803,
              40.70731946900329
            ],
            [
              -74.0697216044736,
              40.70821978100229
            ],
            [
              -74.07088990204845,
              40.70822919049347
            ],
            [
              -74.0709024156034,
              40.70732887819736
            ]
          ]
        ]
      }
    },
    {
      "id": "239",
      "type": "Feature",
      "properties": {
        "tile_id": 239,
        "average_temperature": 31.8313,
        "min_temperature": 31.8313,
        "max_temperature": 31.8313
      },
      "geometry": {
        "type": "Polygon",
        "coordinates": [
          [
            [
              -74.06973413375803,
              40.70731946900329
            ],
            [
              -74.06856585246487,
              40.70731004798798
            ],
            [
              -74.068553307451,
              40.70821035968953
            ],
            [
              -74.0697216044736,
              40.70821978100229
            ],
            [
              -74.06973413375803,
              40.70731946900329
            ]
          ]
        ]
      }
    },
    {
      "id": "240",
      "type": "Feature",
      "properties": {
        "tile_id": 240,
        "average_temperature": 31.8463,
        "min_temperature": 31.8463,
        "max_temperature": 31.8463
      },
      "geometry": {
        "type": "Polygon",
        "coordinates": [
          [
            [
              -74.06856585246487,
              40.70731004798798
            ],
            [
              -74.0673975717246,
              40.70730061515149
            ],
            [
              -74.0673850109813,
              40.708200926555186
            ],
            [
              -74.068553307451,
              40.70821035968953
            ],
            [
              -74.06856585246487,
              40.70731004798798
            ]
          ]
        ]
      }
    },
    {
      "id": "241",
      "type": "Feature",
      "properties": {
        "tile_id": 241,
        "average_temperature": 31.8665,
        "min_temperature": 31.8665,
        "max_temperature": 31.8665
      },
      "geometry": {
        "type": "Polygon",
        "coordinates": [
          [
            [
              -74.0673975717246,
              40.70730061515149
            ],
            [
              -74.06622929153792,
              40.707291170493804
            ],
            [
              -74.06621671506521,
              40.70819148159929
            ],
            [
              -74.0673850109813,
              40.708200926555186
            ],
            [
              -74.0673975717246,
              40.70730061515149
            ]
          ]
        ]
      }
    },
    {
      "id": "242",
      "type": "Feature",
      "properties": {
        "tile_id": 242,
        "average_temperature": 31.8902,
        "min_temperature": 31.8902,
        "max_temperature": 31.8902
      },
      "geometry": {
        "type": "Polygon",
        "coordinates": [
          [
            [
              -74.06622929153792,
              40.707291170493804
            ],
            [
              -74.06506101190553,
              40.707281714014954
            ],
            [
              -74.06504841970344,
              40.70818202482186
            ],
            [
              -74.06621671506521,
              40.70819148159929
            ],
            [
              -74.06622929153792,
              40.707291170493804
            ]
          ]
        ]
      }
    },
    {
      "id": "243",
      "type": "Feature",
      "properties": {
        "tile_id": 243,
        "average_temperature": 31.9158,
        "min_temperature": 31.9158,
        "max_temperature": 31.9158
      },
      "geometry": {
        "type": "Polygon",
        "coordinates": [
          [
            [
              -74.06506101190553,
              40.707281714014954
            ],
            [
              -74.0638927328281,
              40.70727224571495
            ],
            [
              -74.06388012489668,
              40.70817255622289
            ],
            [
              -74.06504841970344,
              40.70818202482186
            ],
            [
              -74.06506101190553,
              40.707281714014954
            ]
          ]
        ]
      }
    },
    {
      "id": "244",
      "type": "Feature",
      "properties": {
        "tile_id": 244,
        "average_temperature": 31.9416,
        "min_temperature": 31.9416,
        "max_temperature": 31.9416
      },
      "geometry": {
        "type": "Polygon",
        "coordinates": [
          [
            [
              -74.0638927328281,
              40.70727224571495
            ],
            [
              -74.06272445430633,
              40.7072627655938
            ],
            [
              -74.06271183064561,
              40.708163075802425
            ],
            [
              -74.06388012489668,
              40.70817255622289
            ],
            [
              -74.0638927328281,
              40.70727224571495
            ]
          ]
        ]
      }
    },
    {
      "id": "245",
      "type": "Feature",
      "properties": {
        "tile_id": 245,
        "average_temperature": 31.9667,
        "min_temperature": 31.9667,
        "max_temperature": 31.9667
      },
      "geometry": {
        "type": "Polygon",
        "coordinates": [
          [
            [
              -74.06272445430633,
              40.7072627655938
            ],
            [
              -74.06155617634093,
              40.707253273651546
            ],
            [
              -74.06154353695092,
              40.70815358356046
            ],
            [
              -74.06271183064561,
              40.708163075802425
            ],
            [
              -74.06272445430633,
              40.7072627655938
            ]
          ]
        ]
      }
    },
    {
      "id": "246",
      "type": "Feature",
      "properties": {
        "tile_id": 246,
        "average_temperature": 31.9906,
        "min_temperature": 31.9906,
        "max_temperature": 31.9906
      },
      "geometry": {
        "type": "Polygon",
        "coordinates": [
          [
            [
              -74.06155617634093,
              40.707253273651546
            ],
            [
              -74.06038789893258,
              40.707243769888194
            ],
            [
              -74.06037524381331,
              40.70814407949702
            ],
            [
              -74.06154353695092,
              40.70815358356046
            ],
            [
              -74.06155617634093,
              40.707253273651546
            ]
          ]
        ]
      }
    },
    {
      "id": "247",
      "type": "Feature",
      "properties": {
        "tile_id": 247,
        "average_temperature": 32.0129,
        "min_temperature": 32.0129,
        "max_temperature": 32.0129
      },
      "geometry": {
        "type": "Polygon",
        "coordinates": [
          [
            [
              -74.06038789893258,
              40.707243769888194
            ],
            [
              -74.05921962208197,
              40.707234254303735
            ],
            [
              -74.05920695123348,
              40.70813456361212
            ],
            [
              -74.06037524381331,
              40.70814407949702
            ],
            [
              -74.06038789893258,
              40.707243769888194
            ]
          ]
        ]
      }
    },
    {
      "id": "248",
      "type": "Feature",
      "properties": {
        "tile_id": 248,
        "average_temperature": 32.0331,
        "min_temperature": 32.0331,
        "max_temperature": 32.0331
      },
      "geometry": {
        "type": "Polygon",
        "coordinates": [
          [
            [
              -74.05921962208197,
              40.707234254303735
            ],
            [
              -74.05805134578979,
              40.70722472689821
            ],
            [
              -74.05803865921212,
              40.70812503590577
            ],
            [
              -74.05920695123348,
              40.70813456361212
            ],
            [
              -74.05921962208197,
              40.707234254303735
            ]
          ]
        ]
      }
    },
    {
      "id": "249",
      "type": "Feature",
      "properties": {
        "tile_id": 249,
        "average_temperature": 32.0509,
        "min_temperature": 32.0509,
        "max_temperature": 32.0509
      },
      "geometry": {
        "type": "Polygon",
        "coordinates": [
          [
            [
              -74.05805134578979,
              40.70722472689821
            ],
            [
              -74.05688307005676,
              40.70721518767164
            ],
            [
              -74.05687036774991,
              40.708115496378
            ],
            [
              -74.05803865921212,
              40.70812503590577
            ],
            [
              -74.05805134578979,
              40.70722472689821
            ]
          ]
        ]
      }
    },
    {
      "id": "250",
      "type": "Feature",
      "properties": {
        "tile_id": 250,
        "average_temperature": 32.066,
        "min_temperature": 32.066,
        "max_temperature": 32.066
      },
      "geometry": {
        "type": "Polygon",
        "coordinates": [
          [
            [
              -74.05688307005676,
              40.70721518767164
            ],
            [
              -74.05571479488356,
              40.70720563662403
            ],
            [
              -74.05570207684755,
              40.70810594502882
            ],
            [
              -74.05687036774991,
              40.708115496378
            ],
            [
              -74.05688307005676,
              40.70721518767164
            ]
          ]
        ]
      }
    },
    {
      "id": "251",
      "type": "Feature",
      "properties": {
        "tile_id": 251,
        "average_temperature": 32.0782,
        "min_temperature": 32.0782,
        "max_temperature": 32.0782
      },
      "geometry": {
        "type": "Polygon",
        "coordinates": [
          [
            [
              -74.05571479488356,
              40.70720563662403
            ],
            [
              -74.05454652027085,
              40.707196073755405
            ],
            [
              -74.05453378650574,
              40.70809638185824
            ],
            [
              -74.05570207684755,
              40.70810594502882
            ],
            [
              -74.05571479488356,
              40.70720563662403
            ]
          ]
        ]
      }
    },
    {
      "id": "252",
      "type": "Feature",
      "properties": {
        "tile_id": 252,
        "average_temperature": 32.0874,
        "min_temperature": 32.0874,
        "max_temperature": 32.0874
      },
      "geometry": {
        "type": "Polygon",
        "coordinates": [
          [
            [
              -74.05454652027085,
              40.707196073755405
            ],
            [
              -74.05337824621935,
              40.70718649906576
            ],
            [
              -74.05336549672518,
              40.70808680686629
            ],
            [
              -74.05453378650574,
              40.70809638185824
            ],
            [
              -74.05454652027085,
              40.707196073755405
            ]
          ]
        ]
      }
    },
    {
      "id": "253",
      "type": "Feature",
      "properties": {
        "tile_id": 253,
        "average_temperature": 32.0935,
        "min_temperature": 32.0935,
        "max_temperature": 32.0935
      },
      "geometry": {
        "type": "Polygon",
        "coordinates": [
          [
            [
              -74.05337824621935,
              40.70718649906576
            ],
            [
              -74.05220997272977,
              40.707176912555134
            ],
            [
              -74.05219720750654,
              40.70807722005297
            ],
            [
              -74.05336549672518,
              40.70808680686629
            ],
            [
              -74.05337824621935,
              40.70718649906576
            ]
          ]
        ]
      }
    },
    {
      "id": "254",
      "type": "Feature",
      "properties": {
        "tile_id": 254,
        "average_temperature": 32.0966,
        "min_temperature": 32.0966,
        "max_temperature": 32.0966
      },
      "geometry": {
        "type": "Polygon",
        "coordinates": [
          [
            [
              -74.05220997272977,
              40.707176912555134
            ],
            [
              -74.05104169980278,
              40.70716731422354
            ],
            [
              -74.05102891885052,
              40.70806762141831
            ],
            [
              -74.05219720750654,
              40.70807722005297
            ],
            [
              -74.05220997272977,
              40.707176912555134
            ]
          ]
        ]
      }
    },
    {
      "id": "255",
      "type": "Feature",
      "properties": {
        "tile_id": 255,
        "average_temperature": 32.0972,
        "min_temperature": 32.0972,
        "max_temperature": 32.0972
      },
      "geometry": {
        "type": "Polygon",
        "coordinates": [
          [
            [
              -74.05104169980278,
              40.70716731422354
            ],
            [
              -74.04987342743908,
              40.707157704070994
            ],
            [
              -74.04986063075782,
              40.70805801096231
            ],
            [
              -74.05102891885052,
              40.70806762141831
            ],
            [
              -74.05104169980278,
              40.70716731422354
            ]
          ]
        ]
      }
    },
    {
      "id": "256",
      "type": "Feature",
      "properties": {
        "tile_id": 256,
        "average_temperature": 32.7185,
        "min_temperature": 32.7185,
        "max_temperature": 32.7185
      },
      "geometry": {
        "type": "Polygon",
        "coordinates": [
          [
            [
              -74.0872461256922,
              40.70835968209391
            ],
            [
              -74.08607782045893,
              40.708350438106706
            ],
            [
              -74.08606551083342,
              40.70925075408711
            ],
            [
              -74.08723383179729,
              40.7092599983662
            ],
            [
              -74.0872461256922,
              40.70835968209391
            ]
          ]
        ]
      }
    },
    {
      "id": "257",
      "type": "Feature",
      "properties": {
        "tile_id": 257,
        "average_temperature": 32.6313,
        "min_temperature": 32.6313,
        "max_temperature": 32.6313
      },
      "geometry": {
        "type": "Polygon",
        "coordinates": [
          [
            [
              -74.08607782045893,
              40.708350438106706
            ],
            [
              -74.08490951576817,
              40.70834118229766
            ],
            [
              -74.08489719041212,
              40.70924149798583
            ],
            [
              -74.08606551083342,
              40.70925075408711
            ],
            [
              -74.08607782045893,
              40.708350438106706
            ]
          ]
        ]
      }
    },
    {
      "id": "258",
      "type": "Feature",
      "properties": {
        "tile_id": 258,
        "average_temperature": 32.5363,
        "min_temperature": 32.5363,
        "max_temperature": 32.5363
      },
      "geometry": {
        "type": "Polygon",
        "coordinates": [
          [
            [
              -74.08490951576817,
              40.70834118229766
            ],
            [
              -74.08374121162063,
              40.70833191466682
            ],
            [
              -74.08372887053406,
              40.70923223006237
            ],
            [
              -74.08489719041212,
              40.70924149798583
            ],
            [
              -74.08490951576817,
              40.70834118229766
            ]
          ]
        ]
      }
    },
    {
      "id": "259",
      "type": "Feature",
      "properties": {
        "tile_id": 259,
        "average_temperature": 32.4361,
        "min_temperature": 32.4361,
        "max_temperature": 32.4361
      },
      "geometry": {
        "type": "Polygon",
        "coordinates": [
          [
            [
              -74.08374121162063,
              40.70833191466682
            ],
            [
              -74.08257290801701,
              40.7083226352142
            ],
            [
              -74.08256055119995,
              40.70922295031675
            ],
            [
              -74.08372887053406,
              40.70923223006237
            ],
            [
              -74.08374121162063,
              40.70833191466682
            ]
          ]
        ]
      }
    },
    {
      "id": "260",
      "type": "Feature",
      "properties": {
        "tile_id": 260,
        "average_temperature": 32.3334,
        "min_temperature": 32.3334,
        "max_temperature": 32.3334
      },
      "geometry": {
        "type": "Polygon",
        "coordinates": [
          [
            [
              -74.08257290801701,
              40.7083226352142
            ],
            [
              -74.08140460495801,
              40.708313343939814
            ],
            [
              -74.08139223241045,
              40.709213658749
            ],
            [
              -74.08256055119995,
              40.70922295031675
            ],
            [
              -74.08257290801701,
              40.7083226352142
            ]
          ]
        ]
      }
    },
    {
      "id": "261",
      "type": "Feature",
      "properties": {
        "tile_id": 261,
        "average_temperature": 32.2309,
        "min_temperature": 32.2309,
        "max_temperature": 32.2309
      },
      "geometry": {
        "type": "Polygon",
        "coordinates": [
          [
            [
              -74.08140460495801,
              40.708313343939814
            ],
            [
              -74.08023630244428,
              40.708304040843686
            ],
            [
              -74.08022391416628,
              40.70920435535911
            ],
            [
              -74.08139223241045,
              40.709213658749
            ],
            [
              -74.08140460495801,
              40.708313343939814
            ]
          ]
        ]
      }
    },
    {
      "id": "262",
      "type": "Feature",
      "properties": {
        "tile_id": 262,
        "average_temperature": 32.1313,
        "min_temperature": 32.1313,
        "max_temperature": 32.1313
      },
      "geometry": {
        "type": "Polygon",
        "coordinates": [
          [
            [
              -74.08023630244428,
              40.708304040843686
            ],
            [
              -74.07906800047655,
              40.70829472592581
            ],
            [
              -74.07905559646815,
              40.70919504014713
            ],
            [
              -74.08022391416628,
              40.70920435535911
            ],
            [
              -74.08023630244428,
              40.708304040843686
            ]
          ]
        ]
      }
    },
    {
      "id": "263",
      "type": "Feature",
      "properties": {
        "tile_id": 263,
        "average_temperature": 32.0372,
        "min_temperature": 32.0372,
        "max_temperature": 32.0372
      },
      "geometry": {
        "type": "Polygon",
        "coordinates": [
          [
            [
              -74.07906800047655,
              40.70829472592581
            ],
            [
              -74.07789969905551,
              40.70828539918622
            ],
            [
              -74.07788727931671,
              40.70918571311306
            ],
            [
              -74.07905559646815,
              40.70919504014713
            ],
            [
              -74.07906800047655,
              40.70829472592581
            ]
          ]
        ]
      }
    },
    {
      "id": "264",
      "type": "Feature",
      "properties": {
        "tile_id": 264,
        "average_temperature": 31.9512,
        "min_temperature": 31.9512,
        "max_temperature": 31.9512
      },
      "geometry": {
        "type": "Polygon",
        "coordinates": [
          [
            [
              -74.07789969905551,
              40.70828539918622
            ],
            [
              -74.07673139818185,
              40.70827606062493
            ],
            [
              -74.07671896271269,
              40.7091763742569
            ],
            [
              -74.07788727931671,
              40.70918571311306
            ],
            [
              -74.07789969905551,
              40.70828539918622
            ]
          ]
        ]
      }
    },
    {
      "id": "265",
      "type": "Feature",
      "properties": {
        "tile_id": 265,
        "average_temperature": 31.8761,
        "min_temperature": 31.8761,
        "max_temperature": 31.8761
      },
      "geometry": {
        "type": "Polygon",
        "coordinates": [
          [
            [
              -74.07673139818185,
              40.70827606062493
            ],
            [
              -74.07556309785625,
              40.70826671024194
            ],
            [
              -74.07555064665677,
              40.709167023578686
            ],
            [
              -74.07671896271269,
              40.7091763742569
            ],
            [
              -74.07673139818185,
              40.70827606062493
            ]
          ]
        ]
      }
    },
    {
      "id": "266",
      "type": "Feature",
      "properties": {
        "tile_id": 266,
        "average_temperature": 31.8145,
        "min_temperature": 31.8145,
        "max_temperature": 31.8145
      },
      "geometry": {
        "type": "Polygon",
        "coordinates": [
          [
            [
              -74.07556309785625,
              40.70826671024194
            ],
            [
              -74.07439479807942,
              40.708257348037286
            ],
            [
              -74.07438233114964,
              40.70915766107842
            ],
            [
              -74.07555064665677,
              40.709167023578686
            ],
            [
              -74.07556309785625,
              40.70826671024194
            ]
          ]
        ]
      }
    },
    {
      "id": "267",
      "type": "Feature",
      "properties": {
        "tile_id": 267,
        "average_temperature": 31.7678,
        "min_temperature": 31.7678,
        "max_temperature": 31.7678
      },
      "geometry": {
        "type": "Polygon",
        "coordinates": [
          [
            [
              -74.07439479807942,
              40.708257348037286
            ],
            [
              -74.07322649885205,
              40.708247974010995
            ],
            [
              -74.07321401619197,
              40.709148286756125
            ],
            [
              -74.07438233114964,
              40.70915766107842
            ],
            [
              -74.07439479807942,
              40.708257348037286
            ]
          ]
        ]
      }
    },
    {
      "id": "268",
      "type": "Feature",
      "properties": {
        "tile_id": 268,
        "average_temperature": 31.7356,
        "min_temperature": 31.7356,
        "max_temperature": 31.7356
      },
      "geometry": {
        "type": "Polygon",
        "coordinates": [
          [
            [
              -74.07322649885205,
              40.708247974010995
            ],
            [
              -74.07205820017484,
              40.70823858816304
            ],
            [
              -74.0720457017845,
              40.70913890061184
            ],
            [
              -74.07321401619197,
              40.709148286756125
            ],
            [
              -74.07322649885205,
              40.708247974010995
            ]
          ]
        ]
      }
    },
    {
      "id": "269",
      "type": "Feature",
      "properties": {
        "tile_id": 269,
        "average_temperature": 31.7171,
        "min_temperature": 31.7171,
        "max_temperature": 31.7171
      },
      "geometry": {
        "type": "Polygon",
        "coordinates": [
          [
            [
              -74.07205820017484,
              40.70823858816304
            ],
            [
              -74.07088990204845,
              40.708229190493476
            ],
            [
              -74.07087738792791,
              40.709129502645546
            ],
            [
              -74.0720457017845,
              40.70913890061184
            ],
            [
              -74.07205820017484,
              40.70823858816304
            ]
          ]
        ]
      }
    },
    {
      "id": "270",
      "type": "Feature",
      "properties": {
        "tile_id": 270,
        "average_temperature": 31.7116,
        "min_temperature": 31.7116,
        "max_temperature": 31.7116
      },
      "geometry": {
        "type": "Polygon",
        "coordinates": [
          [
            [
              -74.07088990204845,
              40.708229190493476
            ],
            [
              -74.0697216044736,
              40.7082197810023
            ],
            [
              -74.06970907462286,
              40.70912009285727
            ],
            [
              -74.07087738792791,
              40.709129502645546
            ],
            [
              -74.07088990204845,
              40.708229190493476
            ]
          ]
        ]
      }
    },
    {
      "id": "271",
      "type": "Feature",
      "properties": {
        "tile_id": 271,
        "average_temperature": 31.7182,
        "min_temperature": 31.7182,
        "max_temperature": 31.7182
      },
      "geometry": {
        "type": "Polygon",
        "coordinates": [
          [
            [
              -74.0697216044736,
              40.7082197810023
            ],
            [
              -74.068553307451,
              40.70821035968954
            ],
            [
              -74.06854076187008,
              40.70911067124703
            ],
            [
              -74.06970907462286,
              40.70912009285727
            ],
            [
              -74.0697216044736,
              40.7082197810023
            ]
          ]
        ]
      }
    },
    {
      "id": "272",
      "type": "Feature",
      "properties": {
        "tile_id": 272,
        "average_temperature": 31.736,
        "min_temperature": 31.736,
        "max_temperature": 31.736
      },
      "geometry": {
        "type": "Polygon",
        "coordinates": [
          [
            [
              -74.068553307451,
              40.70821035968954
            ],
            [
              -74.0673850109813,
              40.70820092655519
            ],
            [
              -74.06737244967026,
              40.70910123781484
            ],
            [
              -74.06854076187008,
              40.70911067124703
            ],
            [
              -74.068553307451,
              40.70821035968954
            ]
          ]
        ]
      }
    },
    {
      "id": "273",
      "type": "Feature",
      "properties": {
        "tile_id": 273,
        "average_temperature": 31.7642,
        "min_temperature": 31.7642,
        "max_temperature": 31.7642
      },
      "geometry": {
        "type": "Polygon",
        "coordinates": [
          [
            [
              -74.0673850109813,
              40.70820092655519
            ],
            [
              -74.06621671506521,
              40.7081914815993
            ],
            [
              -74.06620413802408,
              40.70909179256072
            ],
            [
              -74.06737244967026,
              40.70910123781484
            ],
            [
              -74.0673850109813,
              40.70820092655519
            ]
          ]
        ]
      }
    },
    {
      "id": "274",
      "type": "Feature",
      "properties": {
        "tile_id": 274,
        "average_temperature": 31.8019,
        "min_temperature": 31.8019,
        "max_temperature": 31.8019
      },
      "geometry": {
        "type": "Polygon",
        "coordinates": [
          [
            [
              -74.06621671506521,
              40.7081914815993
            ],
            [
              -74.06504841970344,
              40.70818202482186
            ],
            [
              -74.06503582693223,
              40.709082335484695
            ],
            [
              -74.06620413802408,
              40.70909179256072
            ],
            [
              -74.06621671506521,
              40.7081914815993
            ]
          ]
        ]
      }
    },
    {
      "id": "275",
      "type": "Feature",
      "properties": {
        "tile_id": 275,
        "average_temperature": 31.848,
        "min_temperature": 31.848,
        "max_temperature": 31.848
      },
      "geometry": {
        "type": "Polygon",
        "coordinates": [
          [
            [
              -74.06504841970344,
              40.70818202482186
            ],
            [
              -74.06388012489668,
              40.7081725562229
            ],
            [
              -74.0638675163954,
              40.709072866586766
            ],
            [
              -74.06503582693223,
              40.709082335484695
            ],
            [
              -74.06504841970344,
              40.70818202482186
            ]
          ]
        ]
      }
    },
    {
      "id": "276",
      "type": "Feature",
      "properties": {
        "tile_id": 276,
        "average_temperature": 31.9015,
        "min_temperature": 31.9015,
        "max_temperature": 31.9015
      },
      "geometry": {
        "type": "Polygon",
        "coordinates": [
          [
            [
              -74.06388012489668,
              40.7081725562229
            ],
            [
              -74.06271183064561,
              40.70816307580243
            ],
            [
              -74.06269920641431,
              40.709063385866955
            ],
            [
              -74.0638675163954,
              40.709072866586766
            ],
            [
              -74.06388012489668,
              40.7081725562229
            ]
          ]
        ]
      }
    },
    {
      "id": "277",
      "type": "Feature",
      "properties": {
        "tile_id": 277,
        "average_temperature": 31.9603,
        "min_temperature": 31.9603,
        "max_temperature": 31.9603
      },
      "geometry": {
        "type": "Polygon",
        "coordinates": [
          [
            [
              -74.06271183064561,
              40.70816307580243
            ],
            [
              -74.06154353695092,
              40.70815358356047
            ],
            [
              -74.06153089698962,
              40.70905389332526
            ],
            [
              -74.06269920641431,
              40.709063385866955
            ],
            [
              -74.06271183064561,
              40.70816307580243
            ]
          ]
        ]
      }
    },
    {
      "id": "278",
      "type": "Feature",
      "properties": {
        "tile_id": 278,
        "average_temperature": 32.0223,
        "min_temperature": 32.0223,
        "max_temperature": 32.0223
      },
      "geometry": {
        "type": "Polygon",
        "coordinates": [
          [
            [
              -74.06154353695092,
              40.70815358356047
            ],
            [
              -74.06037524381331,
              40.708144079497025
            ],
            [
              -74.06036258812206,
              40.70904438896175
            ],
            [
              -74.06153089698962,
              40.70905389332526
            ],
            [
              -74.06154353695092,
              40.70815358356047
            ]
          ]
        ]
      }
    },
    {
      "id": "279",
      "type": "Feature",
      "properties": {
        "tile_id": 279,
        "average_temperature": 32.0854,
        "min_temperature": 32.0854,
        "max_temperature": 32.0854
      },
      "geometry": {
        "type": "Polygon",
        "coordinates": [
          [
            [
              -74.06037524381331,
              40.708144079497025
            ],
            [
              -74.05920695123348,
              40.70813456361212
            ],
            [
              -74.05919427981229,
              40.709034872776385
            ],
            [
              -74.06036258812206,
              40.70904438896175
            ],
            [
              -74.06037524381331,
              40.708144079497025
            ]
          ]
        ]
      }
    },
    {
      "id": "280",
      "type": "Feature",
      "properties": {
        "tile_id": 280,
        "average_temperature": 32.1475,
        "min_temperature": 32.1475,
        "max_temperature": 32.1475
      },
      "geometry": {
        "type": "Polygon",
        "coordinates": [
          [
            [
              -74.05920695123348,
              40.70813456361212
            ],
            [
              -74.05803865921212,
              40.70812503590579
            ],
            [
              -74.058025972061,
              40.70902534476921
            ],
            [
              -74.05919427981229,
              40.709034872776385
            ],
            [
              -74.05920695123348,
              40.70813456361212
            ]
          ]
        ]
      }
    },
    {
      "id": "281",
      "type": "Feature",
      "properties": {
        "tile_id": 281,
        "average_temperature": 32.2066,
        "min_temperature": 32.2066,
        "max_temperature": 32.2066
      },
      "geometry": {
        "type": "Polygon",
        "coordinates": [
          [
            [
              -74.05803865921212,
              40.70812503590579
            ],
            [
              -74.05687036774991,
              40.70811549637801
            ],
            [
              -74.05685766486893,
              40.709015804940236
            ],
            [
              -74.058025972061,
              40.70902534476921
            ],
            [
              -74.05803865921212,
              40.70812503590579
            ]
          ]
        ]
      }
    },
    {
      "id": "282",
      "type": "Feature",
      "properties": {
        "tile_id": 282,
        "average_temperature": 32.2609,
        "min_temperature": 32.2609,
        "max_temperature": 32.2609
      },
      "geometry": {
        "type": "Polygon",
        "coordinates": [
          [
            [
              -74.05687036774991,
              40.70811549637801
            ],
            [
              -74.05570207684755,
              40.70810594502882
            ],
            [
              -74.05568935823673,
              40.709006253289466
            ],
            [
              -74.05685766486893,
              40.709015804940236
            ],
            [
              -74.05687036774991,
              40.70811549637801
            ]
          ]
        ]
      }
    },
    {
      "id": "283",
      "type": "Feature",
      "properties": {
        "tile_id": 283,
        "average_temperature": 32.3086,
        "min_temperature": 32.3086,
        "max_temperature": 32.3086
      },
      "geometry": {
        "type": "Polygon",
        "coordinates": [
          [
            [
              -74.05570207684755,
              40.70810594502882
            ],
            [
              -74.05453378650574,
              40.70809638185825
            ],
            [
              -74.05452105216509,
              40.70899668981693
            ],
            [
              -74.05568935823673,
              40.709006253289466
            ],
            [
              -74.05570207684755,
              40.70810594502882
            ]
          ]
        ]
      }
    },
    {
      "id": "284",
      "type": "Feature",
      "properties": {
        "tile_id": 284,
        "average_temperature": 32.3479,
        "min_temperature": 32.3479,
        "max_temperature": 32.3479
      },
      "geometry": {
        "type": "Polygon",
        "coordinates": [
          [
            [
              -74.05453378650574,
              40.70809638185825
            ],
            [
              -74.05336549672518,
              40.70808680686629
            ],
            [
              -74.05335274665472,
              40.70898711452266
            ],
            [
              -74.05452105216509,
              40.70899668981693
            ],
            [
              -74.05453378650574,
              40.70809638185825
            ]
          ]
        ]
      }
    },
    {
      "id": "285",
      "type": "Feature",
      "properties": {
        "tile_id": 285,
        "average_temperature": 32.3773,
        "min_temperature": 32.3773,
        "max_temperature": 32.3773
      },
      "geometry": {
        "type": "Polygon",
        "coordinates": [
          [
            [
              -74.05336549672518,
              40.70808680686629
            ],
            [
              -74.05219720750654,
              40.70807722005298
            ],
            [
              -74.05218444170632,
              40.708977527406645
            ],
            [
              -74.05335274665472,
              40.70898711452266
            ],
            [
              -74.05336549672518,
              40.70808680686629
            ]
          ]
        ]
      }
    },
    {
      "id": "286",
      "type": "Feature",
      "properties": {
        "tile_id": 286,
        "average_temperature": 32.3964,
        "min_temperature": 32.3964,
        "max_temperature": 32.3964
      },
      "geometry": {
        "type": "Polygon",
        "coordinates": [
          [
            [
              -74.05219720750654,
              40.70807722005298
            ],
            [
              -74.05102891885052,
              40.708067621418316
            ],
            [
              -74.05101613732057,
              40.708967928468915
            ],
            [
              -74.05218444170632,
              40.708977527406645
            ],
            [
              -74.05219720750654,
              40.70807722005298
            ]
          ]
        ]
      }
    },
    {
      "id": "287",
      "type": "Feature",
      "properties": {
        "tile_id": 287,
        "average_temperature": 32.4067,
        "min_temperature": 32.4067,
        "max_temperature": 32.4067
      },
      "geometry": {
        "type": "Polygon",
        "coordinates": [
          [
            [
              -74.05102891885052,
              40.708067621418316
            ],
            [
              -74.04986063075782,
              40.70805801096232
            ],
            [
              -74.04984783349818,
              40.708958317709474
            ],
            [
              -74.05101613732057,
              40.708967928468915
            ],
            [
              -74.05102891885052,
              40.708067621418316
            ]
          ]
        ]
      }
    },
    {
      "id": "288",
      "type": "Feature",
      "properties": {
        "tile_id": 288,
        "average_temperature": 32.7289,
        "min_temperature": 32.7289,
        "max_temperature": 32.7289
      },
      "geometry": {
        "type": "Polygon",
        "coordinates": [
          [
            [
              -74.08723383179729,
              40.709259998366214
            ],
            [
              -74.08606551083342,
              40.709250754087115
            ],
            [
              -74.08605320065155,
              40.710151069923576
            ],
            [
              -74.08722153734671,
              40.71016031449456
            ],
            [
              -74.08723383179729,
              40.709259998366214
            ]
          ]
        ]
      }
    },
    {
      "id": "289",
      "type": "Feature",
      "properties": {
        "tile_id": 289,
        "average_temperature": 32.6375,
        "min_temperature": 32.6375,
        "max_temperature": 32.6375
      },
      "geometry": {
        "type": "Polygon",
        "coordinates": [
          [
            [
              -74.08606551083342,
              40.709250754087115
            ],
            [
              -74.08489719041212,
              40.70924149798583
            ],
            [
              -74.08488486449897,
              40.710141813530036
            ],
            [
              -74.08605320065155,
              40.710151069923576
            ],
            [
              -74.08606551083342,
              40.709250754087115
            ]
          ]
        ]
      }
    },
    {
      "id": "290",
      "type": "Feature",
      "properties": {
        "tile_id": 290,
        "average_temperature": 32.5375,
        "min_temperature": 32.5375,
        "max_temperature": 32.5375
      },
      "geometry": {
        "type": "Polygon",
        "coordinates": [
          [
            [
              -74.08489719041212,
              40.70924149798583
            ],
            [
              -74.08372887053406,
              40.709232230062376
            ],
            [
              -74.08371652888968,
              40.710132545313954
            ],
            [
              -74.08488486449897,
              40.710141813530036
            ],
            [
              -74.08489719041212,
              40.70924149798583
            ]
          ]
        ]
      }
    },
    {
      "id": "291",
      "type": "Feature",
      "properties": {
        "tile_id": 291,
        "average_temperature": 32.4315,
        "min_temperature": 32.4315,
        "max_temperature": 32.4315
      },
      "geometry": {
        "type": "Polygon",
        "coordinates": [
          [
            [
              -74.08372887053406,
              40.709232230062376
            ],
            [
              -74.08256055119995,
              40.709222950316764
            ],
            [
              -74.08254819382434,
              40.71012326527533
            ],
            [
              -74.08371652888968,
              40.710132545313954
            ],
            [
              -74.08372887053406,
              40.709232230062376
            ]
          ]
        ]
      }
    },
    {
      "id": "292",
      "type": "Feature",
      "properties": {
        "tile_id": 292,
        "average_temperature": 32.3222,
        "min_temperature": 32.3222,
        "max_temperature": 32.3222
      },
      "geometry": {
        "type": "Polygon",
        "coordinates": [
          [
            [
              -74.08256055119995,
              40.709222950316764
            ],
            [
              -74.08139223241045,
              40.709213658749
            ],
            [
              -74.08137985930367,
              40.7101139734142
            ],
            [
              -74.08254819382434,
              40.71012326527533
            ],
            [
              -74.08256055119995,
              40.709222950316764
            ]
          ]
        ]
      }
    },
    {
      "id": "293",
      "type": "Feature",
      "properties": {
        "tile_id": 293,
        "average_temperature": 32.2123,
        "min_temperature": 32.2123,
        "max_temperature": 32.2123
      },
      "geometry": {
        "type": "Polygon",
        "coordinates": [
          [
            [
              -74.08139223241045,
              40.709213658749
            ],
            [
              -74.08022391416628,
              40.70920435535912
            ],
            [
              -74.08021152532834,
              40.71010466973057
            ],
            [
              -74.08137985930367,
              40.7101139734142
            ],
            [
              -74.08139223241045,
              40.709213658749
            ]
          ]
        ]
      }
    },
    {
      "id": "294",
      "type": "Feature",
      "properties": {
        "tile_id": 294,
        "average_temperature": 32.1045,
        "min_temperature": 32.1045,
        "max_temperature": 32.1045
      },
      "geometry": {
        "type": "Polygon",
        "coordinates": [
          [
            [
              -74.08022391416628,
              40.70920435535912
            ],
            [
              -74.07905559646815,
              40.709195040147144
            ],
            [
              -74.07904319189907,
              40.71009535422446
            ],
            [
              -74.08021152532834,
              40.71010466973057
            ],
            [
              -74.08022391416628,
              40.70920435535912
            ]
          ]
        ]
      }
    },
    {
      "id": "295",
      "type": "Feature",
      "properties": {
        "tile_id": 295,
        "average_temperature": 32.0016,
        "min_temperature": 32.0016,
        "max_temperature": 32.0016
      },
      "geometry": {
        "type": "Polygon",
        "coordinates": [
          [
            [
              -74.07905559646815,
              40.709195040147144
            ],
            [
              -74.07788727931671,
              40.709185713113065
            ],
            [
              -74.07787485901655,
              40.71008602689588
            ],
            [
              -74.07904319189907,
              40.71009535422446
            ],
            [
              -74.07905559646815,
              40.709195040147144
            ]
          ]
        ]
      }
    },
    {
      "id": "296",
      "type": "Feature",
      "properties": {
        "tile_id": 296,
        "average_temperature": 31.9062,
        "min_temperature": 31.9062,
        "max_temperature": 31.9062
      },
      "geometry": {
        "type": "Polygon",
        "coordinates": [
          [
            [
              -74.07788727931671,
              40.709185713113065
            ],
            [
              -74.07671896271269,
              40.709176374256906
            ],
            [
              -74.07670652668145,
              40.71007668774485
            ],
            [
              -74.07787485901655,
              40.71008602689588
            ],
            [
              -74.07788727931671,
              40.709185713113065
            ]
          ]
        ]
      }
    },
    {
      "id": "297",
      "type": "Feature",
      "properties": {
        "tile_id": 297,
        "average_temperature": 31.821,
        "min_temperature": 31.821,
        "max_temperature": 31.821
      },
      "geometry": {
        "type": "Polygon",
        "coordinates": [
          [
            [
              -74.07671896271269,
              40.709176374256906
            ],
            [
              -74.07555064665677,
              40.70916702357869
            ],
            [
              -74.07553819489448,
              40.710067336771395
            ],
            [
              -74.07670652668145,
              40.71007668774485
            ],
            [
              -74.07671896271269,
              40.709176374256906
            ]
          ]
        ]
      }
    },
    {
      "id": "298",
      "type": "Feature",
      "properties": {
        "tile_id": 298,
        "average_temperature": 31.7487,
        "min_temperature": 31.7487,
        "max_temperature": 31.7487
      },
      "geometry": {
        "type": "Polygon",
        "coordinates": [
          [
            [
              -74.07555064665677,
              40.70916702357869
            ],
            [
              -74.07438233114964,
              40.70915766107843
            ],
            [
              -74.07436986365633,
              40.71005797397552
            ],
            [
              -74.07553819489448,
              40.710067336771395
            ],
            [
              -74.07555064665677,
              40.70916702357869
            ]
          ]
        ]
      }
    },
    {
      "id": "299",
      "type": "Feature",
      "properties": {
        "tile_id": 299,
        "average_temperature": 31.6912,
        "min_temperature": 31.6912,
        "max_temperature": 31.6912
      },
      "geometry": {
        "type": "Polygon",
        "coordinates": [
          [
            [
              -74.07438233114964,
              40.70915766107843
            ],
            [
              -74.07321401619197,
              40.70914828675614
            ],
            [
              -74.0732015329677,
              40.71004859935724
            ],
            [
              -74.07436986365633,
              40.71005797397552
            ],
            [
              -74.07438233114964,
              40.70915766107843
            ]
          ]
        ]
      }
    },
    {
      "id": "300",
      "type": "Feature",
      "properties": {
        "tile_id": 300,
        "average_temperature": 31.6488,
        "min_temperature": 31.6488,
        "max_temperature": 31.6488
      },
      "geometry": {
        "type": "Polygon",
        "coordinates": [
          [
            [
              -74.07321401619197,
              40.70914828675614
            ],
            [
              -74.0720457017845,
              40.70913890061184
            ],
            [
              -74.07203320282926,
              40.71003921291658
            ],
            [
              -74.0732015329677,
              40.71004859935724
            ],
            [
              -74.07321401619197,
              40.70914828675614
            ]
          ]
        ]
      }
    },
    {
      "id": "301",
      "type": "Feature",
      "properties": {
        "tile_id": 301,
        "average_temperature": 31.6218,
        "min_temperature": 31.6218,
        "max_temperature": 31.6218
      },
      "geometry": {
        "type": "Polygon",
        "coordinates": [
          [
            [
              -74.0720457017845,
              40.70913890061184
            ],
            [
              -74.07087738792791,
              40.709129502645546
            ],
            [
              -74.07086487324173,
              40.710029814653545
            ],
            [
              -74.07203320282926,
              40.71003921291658
            ],
            [
              -74.0720457017845,
              40.70913890061184
            ]
          ]
        ]
      }
    },
    {
      "id": "302",
      "type": "Feature",
      "properties": {
        "tile_id": 302,
        "average_temperature": 31.6104,
        "min_temperature": 31.6104,
        "max_temperature": 31.6104
      },
      "geometry": {
        "type": "Polygon",
        "coordinates": [
          [
            [
              -74.07087738792791,
              40.709129502645546
            ],
            [
              -74.06970907462286,
              40.70912009285727
            ],
            [
              -74.06969654420578,
              40.71002040456817
            ],
            [
              -74.07086487324173,
              40.710029814653545
            ],
            [
              -74.07087738792791,
              40.709129502645546
            ]
          ]
        ]
      }
    },
    {
      "id": "303",
      "type": "Feature",
      "properties": {
        "tile_id": 303,
        "average_temperature": 31.6147,
        "min_temperature": 31.6147,
        "max_temperature": 31.6147
      },
      "geometry": {
        "type": "Polygon",
        "coordinates": [
          [
            [
              -74.06970907462286,
              40.70912009285727
            ],
            [
              -74.06854076187008,
              40.70911067124704
            ],
            [
              -74.06852821572213,
              40.71001098266045
            ],
            [
              -74.06969654420578,
              40.71002040456817
            ],
            [
              -74.06970907462286,
              40.70912009285727
            ]
          ]
        ]
      }
    },
    {
      "id": "304",
      "type": "Feature",
      "properties": {
        "tile_id": 304,
        "average_temperature": 31.6348,
        "min_temperature": 31.6348,
        "max_temperature": 31.6348
      },
      "geometry": {
        "type": "Polygon",
        "coordinates": [
          [
            [
              -74.06854076187008,
              40.70911067124704
            ],
            [
              -74.06737244967026,
              40.70910123781485
            ],
            [
              -74.06735988779145,
              40.7100015489304
            ],
            [
              -74.06852821572213,
              40.71001098266045
            ],
            [
              -74.06854076187008,
              40.70911067124704
            ]
          ]
        ]
      }
    },
    {
      "id": "305",
      "type": "Feature",
      "properties": {
        "tile_id": 305,
        "average_temperature": 31.6708,
        "min_temperature": 31.6708,
        "max_temperature": 31.6708
      },
      "geometry": {
        "type": "Polygon",
        "coordinates": [
          [
            [
              -74.06737244967026,
              40.70910123781485
            ],
            [
              -74.06620413802408,
              40.70909179256073
            ],
            [
              -74.06619156041445,
              40.709992103378056
            ],
            [
              -74.06735988779145,
              40.7100015489304
            ],
            [
              -74.06737244967026,
              40.70910123781485
            ]
          ]
        ]
      }
    },
    {
      "id": "306",
      "type": "Feature",
      "properties": {
        "tile_id": 306,
        "average_temperature": 31.7228,
        "min_temperature": 31.7228,
        "max_temperature": 31.7228
      },
      "geometry": {
        "type": "Polygon",
        "coordinates": [
          [
            [
              -74.06620413802408,
              40.70909179256073
            ],
            [
              -74.06503582693223,
              40.709082335484695
            ],
            [
              -74.06502323359182,
              40.70998264600343
            ],
            [
              -74.06619156041445,
              40.709992103378056
            ],
            [
              -74.06620413802408,
              40.70909179256073
            ]
          ]
        ]
      }
    },
    {
      "id": "307",
      "type": "Feature",
      "properties": {
        "tile_id": 307,
        "average_temperature": 31.7906,
        "min_temperature": 31.7906,
        "max_temperature": 31.7906
      },
      "geometry": {
        "type": "Polygon",
        "coordinates": [
          [
            [
              -74.06503582693223,
              40.709082335484695
            ],
            [
              -74.0638675163954,
              40.709072866586766
            ],
            [
              -74.06385490732424,
              40.70997317680652
            ],
            [
              -74.06502323359182,
              40.70998264600343
            ],
            [
              -74.06503582693223,
              40.709082335484695
            ]
          ]
        ]
      }
    },
    {
      "id": "308",
      "type": "Feature",
      "properties": {
        "tile_id": 308,
        "average_temperature": 31.8737,
        "min_temperature": 31.8737,
        "max_temperature": 31.8737
      },
      "geometry": {
        "type": "Polygon",
        "coordinates": [
          [
            [
              -74.0638675163954,
              40.709072866586766
            ],
            [
              -74.06269920641431,
              40.709063385866955
            ],
            [
              -74.06268658161241,
              40.70996369578736
            ],
            [
              -74.06385490732424,
              40.70997317680652
            ],
            [
              -74.0638675163954,
              40.709072866586766
            ]
          ]
        ]
      }
    },
    {
      "id": "309",
      "type": "Feature",
      "properties": {
        "tile_id": 309,
        "average_temperature": 31.969,
        "min_temperature": 31.969,
        "max_temperature": 31.969
      },
      "geometry": {
        "type": "Polygon",
        "coordinates": [
          [
            [
              -74.06269920641431,
              40.709063385866955
            ],
            [
              -74.06153089698962,
              40.709053893325276
            ],
            [
              -74.06151825645702,
              40.709954202945966
            ],
            [
              -74.06268658161241,
              40.70996369578736
            ],
            [
              -74.06269920641431,
              40.709063385866955
            ]
          ]
        ]
      }
    },
    {
      "id": "310",
      "type": "Feature",
      "properties": {
        "tile_id": 310,
        "average_temperature": 32.0724,
        "min_temperature": 32.0724,
        "max_temperature": 32.0724
      },
      "geometry": {
        "type": "Polygon",
        "coordinates": [
          [
            [
              -74.06153089698962,
              40.709053893325276
            ],
            [
              -74.06036258812206,
              40.70904438896175
            ],
            [
              -74.06034993185878,
              40.70994469828235
            ],
            [
              -74.06151825645702,
              40.709954202945966
            ],
            [
              -74.06153089698962,
              40.709053893325276
            ]
          ]
        ]
      }
    },
    {
      "id": "311",
      "type": "Feature",
      "properties": {
        "tile_id": 311,
        "average_temperature": 32.1801,
        "min_temperature": 32.1801,
        "max_temperature": 32.1801
      },
      "geometry": {
        "type": "Polygon",
        "coordinates": [
          [
            [
              -74.06036258812206,
              40.70904438896175
            ],
            [
              -74.05919427981229,
              40.70903487277639
            ],
            [
              -74.05918160781836,
              40.70993518179652
            ],
            [
              -74.06034993185878,
              40.70994469828235
            ],
            [
              -74.06036258812206,
              40.70904438896175
            ]
          ]
        ]
      }
    },
    {
      "id": "312",
      "type": "Feature",
      "properties": {
        "tile_id": 312,
        "average_temperature": 32.2882,
        "min_temperature": 32.2882,
        "max_temperature": 32.2882
      },
      "geometry": {
        "type": "Polygon",
        "coordinates": [
          [
            [
              -74.05919427981229,
              40.70903487277639
            ],
            [
              -74.058025972061,
              40.709025344769216
            ],
            [
              -74.05801328433647,
              40.7099256534885
            ],
            [
              -74.05918160781836,
              40.70993518179652
            ],
            [
              -74.05919427981229,
              40.70903487277639
            ]
          ]
        ]
      }
    },
    {
      "id": "313",
      "type": "Feature",
      "properties": {
        "tile_id": 313,
        "average_temperature": 32.3929,
        "min_temperature": 32.3929,
        "max_temperature": 32.3929
      },
      "geometry": {
        "type": "Polygon",
        "coordinates": [
          [
            [
              -74.058025972061,
              40.709025344769216
            ],
            [
              -74.05685766486893,
              40.70901580494024
            ],
            [
              -74.05684496141379,
              40.709916113358304
            ],
            [
              -74.05801328433647,
              40.7099256534885
            ],
            [
              -74.058025972061,
              40.709025344769216
            ]
          ]
        ]
      }
    },
    {
      "id": "314",
      "type": "Feature",
      "properties": {
        "tile_id": 314,
        "average_temperature": 32.4906,
        "min_temperature": 32.4906,
        "max_temperature": 32.4906
      },
      "geometry": {
        "type": "Polygon",
        "coordinates": [
          [
            [
              -74.05685766486893,
              40.70901580494024
            ],
            [
              -74.05568935823673,
              40.70900625328948
            ],
            [
              -74.05567663905101,
              40.70990656140596
            ],
            [
              -74.05684496141379,
              40.709916113358304
            ],
            [
              -74.05685766486893,
              40.70901580494024
            ]
          ]
        ]
      }
    },
    {
      "id": "315",
      "type": "Feature",
      "properties": {
        "tile_id": 315,
        "average_temperature": 32.5776,
        "min_temperature": 32.5776,
        "max_temperature": 32.5776
      },
      "geometry": {
        "type": "Polygon",
        "coordinates": [
          [
            [
              -74.05568935823673,
              40.70900625328948
            ],
            [
              -74.05452105216509,
              40.70899668981694
            ],
            [
              -74.05450831724886,
              40.70989699763146
            ],
            [
              -74.05567663905101,
              40.70990656140596
            ],
            [
              -74.05568935823673,
              40.70900625328948
            ]
          ]
        ]
      }
    },
    {
      "id": "316",
      "type": "Feature",
      "properties": {
        "tile_id": 316,
        "average_temperature": 32.6505,
        "min_temperature": 32.6505,
        "max_temperature": 32.6505
      },
      "geometry": {
        "type": "Polygon",
        "coordinates": [
          [
            [
              -74.05452105216509,
              40.70899668981694
            ],
            [
              -74.05335274665472,
              40.708987114522664
            ],
            [
              -74.05333999600798,
              40.70988742203485
            ],
            [
              -74.05450831724886,
              40.70989699763146
            ],
            [
              -74.05452105216509,
              40.70899668981694
            ]
          ]
        ]
      }
    },
    {
      "id": "317",
      "type": "Feature",
      "properties": {
        "tile_id": 317,
        "average_temperature": 32.7058,
        "min_temperature": 32.7058,
        "max_temperature": 32.7058
      },
      "geometry": {
        "type": "Polygon",
        "coordinates": [
          [
            [
              -74.05335274665472,
              40.708987114522664
            ],
            [
              -74.05218444170632,
              40.70897752740665
            ],
            [
              -74.0521716753291,
              40.70987783461613
            ],
            [
              -74.05333999600798,
              40.70988742203485
            ],
            [
              -74.05335274665472,
              40.708987114522664
            ]
          ]
        ]
      }
    },
    {
      "id": "318",
      "type": "Feature",
      "properties": {
        "tile_id": 318,
        "average_temperature": 32.7431,
        "min_temperature": 32.7431,
        "max_temperature": 32.7431
      },
      "geometry": {
        "type": "Polygon",
        "coordinates": [
          [
            [
              -74.05218444170632,
              40.70897752740665
            ],
            [
              -74.05101613732057,
              40.70896792846892
            ],
            [
              -74.05100335521291,
              40.709868235375325
            ],
            [
              -74.0521716753291,
              40.70987783461613
            ],
            [
              -74.05218444170632,
              40.70897752740665
            ]
          ]
        ]
      }
    },
    {
      "id": "319",
      "type": "Feature",
      "properties": {
        "tile_id": 319,
        "average_temperature": 32.7644,
        "min_temperature": 32.7644,
        "max_temperature": 32.7644
      },
      "geometry": {
        "type": "Polygon",
        "coordinates": [
          [
            [
              -74.05101613732057,
              40.70896792846892
            ],
            [
              -74.04984783349818,
              40.708958317709474
            ],
            [
              -74.0498350356601,
              40.709858624312425
            ],
            [
              -74.05100335521291,
              40.709868235375325
            ],
            [
              -74.05101613732057,
              40.70896792846892
            ]
          ]
        ]
      }
    },
    {
      "id": "320",
      "type": "Feature",
      "properties": {
        "tile_id": 320,
        "average_temperature": 32.7311,
        "min_temperature": 32.7311,
        "max_temperature": 32.7311
      },
      "geometry": {
        "type": "Polygon",
        "coordinates": [
          [
            [
              -74.08722153734671,
              40.710160314494566
            ],
            [
              -74.08605320065155,
              40.71015106992358
            ],
            [
              -74.08604088991325,
              40.711051385616095
            ],
            [
              -74.08720924234042,
              40.71106063047897
            ],
            [
              -74.08722153734671,
              40.710160314494566
            ]
          ]
        ]
      }
    },
    {
      "id": "321",
      "type": "Feature",
      "properties": {
        "tile_id": 321,
        "average_temperature": 32.6403,
        "min_temperature": 32.6403,
        "max_temperature": 32.6403
      },
      "geometry": {
        "type": "Polygon",
        "coordinates": [
          [
            [
              -74.08605320065155,
              40.71015106992358
            ],
            [
              -74.08488486449897,
              40.71014181353004
            ],
            [
              -74.0848725380287,
              40.71104212893029
            ],
            [
              -74.08604088991325,
              40.711051385616095
            ],
            [
              -74.08605320065155,
              40.71015106992358
            ]
          ]
        ]
      }
    },
    {
      "id": "322",
      "type": "Feature",
      "properties": {
        "tile_id": 322,
        "average_temperature": 32.5405,
        "min_temperature": 32.5405,
        "max_temperature": 32.5405
      },
      "geometry": {
        "type": "Polygon",
        "coordinates": [
          [
            [
              -74.08488486449897,
              40.71014181353004
            ],
            [
              -74.08371652888968,
              40.710132545313954
            ],
            [
              -74.08370418668744,
              40.711032860421554
            ],
            [
              -74.0848725380287,
              40.71104212893029
            ],
            [
              -74.08488486449897,
              40.71014181353004
            ]
          ]
        ]
      }
    },
    {
      "id": "323",
      "type": "Feature",
      "properties": {
        "tile_id": 323,
        "average_temperature": 32.4341,
        "min_temperature": 32.4341,
        "max_temperature": 32.4341
      },
      "geometry": {
        "type": "Polygon",
        "coordinates": [
          [
            [
              -74.08371652888968,
              40.710132545313954
            ],
            [
              -74.08254819382434,
              40.710123265275335
            ],
            [
              -74.08253583589018,
              40.71102358008993
            ],
            [
              -74.08370418668744,
              40.711032860421554
            ],
            [
              -74.08371652888968,
              40.710132545313954
            ]
          ]
        ]
      }
    },
    {
      "id": "324",
      "type": "Feature",
      "properties": {
        "tile_id": 324,
        "average_temperature": 32.3236,
        "min_temperature": 32.3236,
        "max_temperature": 32.3236
      },
      "geometry": {
        "type": "Polygon",
        "coordinates": [
          [
            [
              -74.08254819382434,
              40.710123265275335
            ],
            [
              -74.08137985930367,
              40.71011397341421
            ],
            [
              -74.08136748563761,
              40.71101428793541
            ],
            [
              -74.08253583589018,
              40.71102358008993
            ],
            [
              -74.08254819382434,
              40.710123265275335
            ]
          ]
        ]
      }
    },
    {
      "id": "325",
      "type": "Feature",
      "properties": {
        "tile_id": 325,
        "average_temperature": 32.2117,
        "min_temperature": 32.2117,
        "max_temperature": 32.2117
      },
      "geometry": {
        "type": "Polygon",
        "coordinates": [
          [
            [
              -74.08137985930367,
              40.71011397341421
            ],
            [
              -74.08021152532834,
              40.710104669730576
            ],
            [
              -74.08019913593044,
              40.71100498395803
            ],
            [
              -74.08136748563761,
              40.71101428793541
            ],
            [
              -74.08137985930367,
              40.71011397341421
            ]
          ]
        ]
      }
    },
    {
      "id": "326",
      "type": "Feature",
      "properties": {
        "tile_id": 326,
        "average_temperature": 32.1009,
        "min_temperature": 32.1009,
        "max_temperature": 32.1009
      },
      "geometry": {
        "type": "Polygon",
        "coordinates": [
          [
            [
              -74.08021152532834,
              40.710104669730576
            ],
            [
              -74.07904319189907,
              40.710095354224464
            ],
            [
              -74.07903078676932,
              40.71099566815778
            ],
            [
              -74.08019913593044,
              40.71100498395803
            ],
            [
              -74.08021152532834,
              40.710104669730576
            ]
          ]
        ]
      }
    },
    {
      "id": "327",
      "type": "Feature",
      "properties": {
        "tile_id": 327,
        "average_temperature": 31.9938,
        "min_temperature": 31.9938,
        "max_temperature": 31.9938
      },
      "geometry": {
        "type": "Polygon",
        "coordinates": [
          [
            [
              -74.07904319189907,
              40.710095354224464
            ],
            [
              -74.07787485901655,
              40.71008602689589
            ],
            [
              -74.07786243815498,
              40.7109863405347
            ],
            [
              -74.07903078676932,
              40.71099566815778
            ],
            [
              -74.07904319189907,
              40.710095354224464
            ]
          ]
        ]
      }
    },
    {
      "id": "328",
      "type": "Feature",
      "properties": {
        "tile_id": 328,
        "average_temperature": 31.8931,
        "min_temperature": 31.8931,
        "max_temperature": 31.8931
      },
      "geometry": {
        "type": "Polygon",
        "coordinates": [
          [
            [
              -74.07787485901655,
              40.71008602689589
            ],
            [
              -74.07670652668145,
              40.710076687744866
            ],
            [
              -74.07669409008811,
              40.7109770010888
            ],
            [
              -74.07786243815498,
              40.7109863405347
            ],
            [
              -74.07787485901655,
              40.71008602689589
            ]
          ]
        ]
      }
    },
    {
      "id": "329",
      "type": "Feature",
      "properties": {
        "tile_id": 329,
        "average_temperature": 31.8012,
        "min_temperature": 31.8012,
        "max_temperature": 31.8012
      },
      "geometry": {
        "type": "Polygon",
        "coordinates": [
          [
            [
              -74.07670652668145,
              40.710076687744866
            ],
            [
              -74.07553819489448,
              40.7100673367714
            ],
            [
              -74.07552574256938,
              40.7109676498201
            ],
            [
              -74.07669409008811,
              40.7109770010888
            ],
            [
              -74.07670652668145,
              40.710076687744866
            ]
          ]
        ]
      }
    },
    {
      "id": "330",
      "type": "Feature",
      "properties": {
        "tile_id": 330,
        "average_temperature": 31.7208,
        "min_temperature": 31.7208,
        "max_temperature": 31.7208
      },
      "geometry": {
        "type": "Polygon",
        "coordinates": [
          [
            [
              -74.07553819489448,
              40.7100673367714
            ],
            [
              -74.07436986365633,
              40.71005797397552
            ],
            [
              -74.0743573955995,
              40.71095828672859
            ],
            [
              -74.07552574256938,
              40.7109676498201
            ],
            [
              -74.07553819489448,
              40.7100673367714
            ]
          ]
        ]
      }
    },
    {
      "id": "331",
      "type": "Feature",
      "properties": {
        "tile_id": 331,
        "average_temperature": 31.6542,
        "min_temperature": 31.6542,
        "max_temperature": 31.6542
      },
      "geometry": {
        "type": "Polygon",
        "coordinates": [
          [
            [
              -74.07436986365633,
              40.71005797397552
            ],
            [
              -74.0732015329677,
              40.71004859935724
            ],
            [
              -74.07318904917916,
              40.71094891181431
            ],
            [
              -74.0743573955995,
              40.71095828672859
            ],
            [
              -74.07436986365633,
              40.71005797397552
            ]
          ]
        ]
      }
    },
    {
      "id": "332",
      "type": "Feature",
      "properties": {
        "tile_id": 332,
        "average_temperature": 31.6025,
        "min_temperature": 31.6025,
        "max_temperature": 31.6025
      },
      "geometry": {
        "type": "Polygon",
        "coordinates": [
          [
            [
              -74.0732015329677,
              40.71004859935724
            ],
            [
              -74.07203320282926,
              40.71003921291659
            ],
            [
              -74.07202070330906,
              40.710939525077286
            ],
            [
              -74.07318904917916,
              40.71094891181431
            ],
            [
              -74.0732015329677,
              40.71004859935724
            ]
          ]
        ]
      }
    },
    {
      "id": "333",
      "type": "Feature",
      "properties": {
        "tile_id": 333,
        "average_temperature": 31.5672,
        "min_temperature": 31.5672,
        "max_temperature": 31.5672
      },
      "geometry": {
        "type": "Polygon",
        "coordinates": [
          [
            [
              -74.07203320282926,
              40.71003921291659
            ],
            [
              -74.07086487324173,
              40.71002981465355
            ],
            [
              -74.07085235798988,
              40.71093012651752
            ],
            [
              -74.07202070330906,
              40.710939525077286
            ],
            [
              -74.07203320282926,
              40.71003921291659
            ]
          ]
        ]
      }
    },
    {
      "id": "334",
      "type": "Feature",
      "properties": {
        "tile_id": 334,
        "average_temperature": 31.5495,
        "min_temperature": 31.5495,
        "max_temperature": 31.5495
      },
      "geometry": {
        "type": "Polygon",
        "coordinates": [
          [
            [
              -74.07086487324173,
              40.71002981465355
            ],
            [
              -74.06969654420578,
              40.710020404568176
            ],
            [
              -74.06968401322234,
              40.71092071613501
            ],
            [
              -74.07085235798988,
              40.71093012651752
            ],
            [
              -74.07086487324173,
              40.71002981465355
            ]
          ]
        ]
      }
    },
    {
      "id": "335",
      "type": "Feature",
      "properties": {
        "tile_id": 335,
        "average_temperature": 31.5505,
        "min_temperature": 31.5505,
        "max_temperature": 31.5505
      },
      "geometry": {
        "type": "Polygon",
        "coordinates": [
          [
            [
              -74.06969654420578,
              40.710020404568176
            ],
            [
              -74.06852821572213,
              40.71001098266045
            ],
            [
              -74.0685156690071,
              40.7109112939298
            ],
            [
              -74.06968401322234,
              40.71092071613501
            ],
            [
              -74.06969654420578,
              40.710020404568176
            ]
          ]
        ]
      }
    },
    {
      "id": "336",
      "type": "Feature",
      "properties": {
        "tile_id": 336,
        "average_temperature": 31.5714,
        "min_temperature": 31.5714,
        "max_temperature": 31.5714
      },
      "geometry": {
        "type": "Polygon",
        "coordinates": [
          [
            [
              -74.06852821572213,
              40.71001098266045
            ],
            [
              -74.06735988779145,
              40.710001548930414
            ],
            [
              -74.06734732534485,
              40.710901859901895
            ],
            [
              -74.0685156690071,
              40.7109112939298
            ],
            [
              -74.06852821572213,
              40.71001098266045
            ]
          ]
        ]
      }
    },
    {
      "id": "337",
      "type": "Feature",
      "properties": {
        "tile_id": 337,
        "average_temperature": 31.6133,
        "min_temperature": 31.6133,
        "max_temperature": 31.6133
      },
      "geometry": {
        "type": "Polygon",
        "coordinates": [
          [
            [
              -74.06735988779145,
              40.710001548930414
            ],
            [
              -74.06619156041445,
              40.70999210337806
            ],
            [
              -74.06617898223632,
              40.710892414051315
            ],
            [
              -74.06734732534485,
              40.710901859901895
            ],
            [
              -74.06735988779145,
              40.710001548930414
            ]
          ]
        ]
      }
    },
    {
      "id": "338",
      "type": "Feature",
      "properties": {
        "tile_id": 338,
        "average_temperature": 31.6773,
        "min_temperature": 31.6773,
        "max_temperature": 31.6773
      },
      "geometry": {
        "type": "Polygon",
        "coordinates": [
          [
            [
              -74.06619156041445,
              40.70999210337806
            ],
            [
              -74.06502323359182,
              40.70998264600343
            ],
            [
              -74.06501063968219,
              40.710882956378065
            ],
            [
              -74.06617898223632,
              40.710892414051315
            ],
            [
              -74.06619156041445,
              40.70999210337806
            ]
          ]
        ]
      }
    },
    {
      "id": "339",
      "type": "Feature",
      "properties": {
        "tile_id": 339,
        "average_temperature": 31.7644,
        "min_temperature": 31.7644,
        "max_temperature": 31.7644
      },
      "geometry": {
        "type": "Polygon",
        "coordinates": [
          [
            [
              -74.06502323359182,
              40.70998264600343
            ],
            [
              -74.06385490732424,
              40.709973176806535
            ],
            [
              -74.06384229768314,
              40.710873486882186
            ],
            [
              -74.06501063968219,
              40.710882956378065
            ],
            [
              -74.06502323359182,
              40.70998264600343
            ]
          ]
        ]
      }
    },
    {
      "id": "340",
      "type": "Feature",
      "properties": {
        "tile_id": 340,
        "average_temperature": 31.8747,
        "min_temperature": 31.8747,
        "max_temperature": 31.8747
      },
      "geometry": {
        "type": "Polygon",
        "coordinates": [
          [
            [
              -74.06385490732424,
              40.709973176806535
            ],
            [
              -74.06268658161241,
              40.709963695787366
            ],
            [
              -74.06267395623986,
              40.710864005563664
            ],
            [
              -74.06384229768314,
              40.710873486882186
            ],
            [
              -74.06385490732424,
              40.709973176806535
            ]
          ]
        ]
      }
    },
    {
      "id": "341",
      "type": "Feature",
      "properties": {
        "tile_id": 341,
        "average_temperature": 32.0038,
        "min_temperature": 32.0038,
        "max_temperature": 32.0038
      },
      "geometry": {
        "type": "Polygon",
        "coordinates": [
          [
            [
              -74.06268658161241,
              40.709963695787366
            ],
            [
              -74.06151825645702,
              40.70995420294597
            ],
            [
              -74.06150561535307,
              40.71085451242254
            ],
            [
              -74.06267395623986,
              40.710864005563664
            ],
            [
              -74.06268658161241,
              40.709963695787366
            ]
          ]
        ]
      }
    },
    {
      "id": "342",
      "type": "Feature",
      "properties": {
        "tile_id": 342,
        "average_temperature": 32.1462,
        "min_temperature": 32.1462,
        "max_temperature": 32.1462
      },
      "geometry": {
        "type": "Polygon",
        "coordinates": [
          [
            [
              -74.06151825645702,
              40.70995420294597
            ],
            [
              -74.06034993185878,
              40.70994469828235
            ],
            [
              -74.06033727502344,
              40.710845007458815
            ],
            [
              -74.06150561535307,
              40.71085451242254
            ],
            [
              -74.06151825645702,
              40.70995420294597
            ]
          ]
        ]
      }
    },
    {
      "id": "343",
      "type": "Feature",
      "properties": {
        "tile_id": 343,
        "average_temperature": 32.296,
        "min_temperature": 32.296,
        "max_temperature": 32.296
      },
      "geometry": {
        "type": "Polygon",
        "coordinates": [
          [
            [
              -74.06034993185878,
              40.70994469828235
            ],
            [
              -74.05918160781836,
              40.70993518179652
            ],
            [
              -74.05916893525165,
              40.71083549067251
            ],
            [
              -74.06033727502344,
              40.710845007458815
            ],
            [
              -74.06034993185878,
              40.70994469828235
            ]
          ]
        ]
      }
    },
    {
      "id": "344",
      "type": "Feature",
      "properties": {
        "tile_id": 344,
        "average_temperature": 32.4478,
        "min_temperature": 32.4478,
        "max_temperature": 32.4478
      },
      "geometry": {
        "type": "Polygon",
        "coordinates": [
          [
            [
              -74.05918160781836,
              40.70993518179652
            ],
            [
              -74.05801328433647,
              40.709925653488504
            ],
            [
              -74.05800059603843,
              40.710825962063645
            ],
            [
              -74.05916893525165,
              40.71083549067251
            ],
            [
              -74.05918160781836,
              40.70993518179652
            ]
          ]
        ]
      }
    },
    {
      "id": "345",
      "type": "Feature",
      "properties": {
        "tile_id": 345,
        "average_temperature": 32.5961,
        "min_temperature": 32.5961,
        "max_temperature": 32.5961
      },
      "geometry": {
        "type": "Polygon",
        "coordinates": [
          [
            [
              -74.05801328433647,
              40.709925653488504
            ],
            [
              -74.05684496141379,
              40.709916113358304
            ],
            [
              -74.05683225738446,
              40.71081642163223
            ],
            [
              -74.05800059603843,
              40.710825962063645
            ],
            [
              -74.05801328433647,
              40.709925653488504
            ]
          ]
        ]
      }
    },
    {
      "id": "346",
      "type": "Feature",
      "properties": {
        "tile_id": 346,
        "average_temperature": 32.7353,
        "min_temperature": 32.7353,
        "max_temperature": 32.7353
      },
      "geometry": {
        "type": "Polygon",
        "coordinates": [
          [
            [
              -74.05684496141379,
              40.709916113358304
            ],
            [
              -74.05567663905101,
              40.709906561405965
            ],
            [
              -74.05566391929041,
              40.710806869378295
            ],
            [
              -74.05683225738446,
              40.71081642163223
            ],
            [
              -74.05684496141379,
              40.709916113358304
            ]
          ]
        ]
      }
    },
    {
      "id": "347",
      "type": "Feature",
      "properties": {
        "tile_id": 347,
        "average_temperature": 32.8602,
        "min_temperature": 32.8602,
        "max_temperature": 32.8602
      },
      "geometry": {
        "type": "Polygon",
        "coordinates": [
          [
            [
              -74.05567663905101,
              40.709906561405965
            ],
            [
              -74.05450831724886,
              40.709896997631475
            ],
            [
              -74.05449558175701,
              40.71079730530183
            ],
            [
              -74.05566391929041,
              40.710806869378295
            ],
            [
              -74.05567663905101,
              40.709906561405965
            ]
          ]
        ]
      }
    },
    {
      "id": "348",
      "type": "Feature",
      "properties": {
        "tile_id": 348,
        "average_temperature": 32.9655,
        "min_temperature": 32.9655,
        "max_temperature": 32.9655
      },
      "geometry": {
        "type": "Polygon",
        "coordinates": [
          [
            [
              -74.05450831724886,
              40.709896997631475
            ],
            [
              -74.05333999600798,
              40.70988742203486
            ],
            [
              -74.05332724478492,
              40.71078772940288
            ],
            [
              -74.05449558175701,
              40.71079730530183
            ],
            [
              -74.05450831724886,
              40.709896997631475
            ]
          ]
        ]
      }
    },
    {
      "id": "349",
      "type": "Feature",
      "properties": {
        "tile_id": 349,
        "average_temperature": 33.0461,
        "min_temperature": 33.0461,
        "max_temperature": 33.0461
      },
      "geometry": {
        "type": "Polygon",
        "coordinates": [
          [
            [
              -74.05333999600798,
              40.70988742203486
            ],
            [
              -74.0521716753291,
              40.70987783461613
            ],
            [
              -74.05215890837486,
              40.710778141681445
            ],
            [
              -74.05332724478492,
              40.71078772940288
            ],
            [
              -74.05333999600798,
              40.70988742203486
            ]
          ]
        ]
      }
    },
    {
      "id": "350",
      "type": "Feature",
      "properties": {
        "tile_id": 350,
        "average_temperature": 33.101,
        "min_temperature": 33.101,
        "max_temperature": 33.101
      },
      "geometry": {
        "type": "Polygon",
        "coordinates": [
          [
            [
              -74.0521716753291,
              40.70987783461613
            ],
            [
              -74.05100335521291,
              40.709868235375325
            ],
            [
              -74.05099057252751,
              40.71076854213754
            ],
            [
              -74.05215890837486,
              40.710778141681445
            ],
            [
              -74.0521716753291,
              40.70987783461613
            ]
          ]
        ]
      }
    },
    {
      "id": "351",
      "type": "Feature",
      "properties": {
        "tile_id": 351,
        "average_temperature": 33.1331,
        "min_temperature": 33.1331,
        "max_temperature": 33.1331
      },
      "geometry": {
        "type": "Polygon",
        "coordinates": [
          [
            [
              -74.05100335521291,
              40.709868235375325
            ],
            [
              -74.0498350356601,
              40.70985862431243
            ],
            [
              -74.04982223724356,
              40.710758930771185
            ],
            [
              -74.05099057252751,
              40.71076854213754
            ],
            [
              -74.05100335521291,
              40.709868235375325
            ]
          ]
        ]
      }
    },
    {
      "id": "352",
      "type": "Feature",
      "properties": {
        "tile_id": 352,
        "average_temperature": 32.7205,
        "min_temperature": 32.7205,
        "max_temperature": 32.7205
      },
      "geometry": {
        "type": "Polygon",
        "coordinates": [
          [
            [
              -74.08720924234042,
              40.71106063047897
            ],
            [
              -74.08604088991325,
              40.71105138561611
            ],
            [
              -74.08602857861851,
              40.71195170116467
            ],
            [
              -74.08719694677839,
              40.71196094631945
            ],
            [
              -74.08720924234042,
              40.71106063047897
            ]
          ]
        ]
      }
    },
    {
      "id": "353",
      "type": "Feature",
      "properties": {
        "tile_id": 353,
        "average_temperature": 32.6378,
        "min_temperature": 32.6378,
        "max_temperature": 32.6378
      },
      "geometry": {
        "type": "Polygon",
        "coordinates": [
          [
            [
              -74.08604088991325,
              40.71105138561611
            ],
            [
              -74.0848725380287,
              40.711042128930295
            ],
            [
              -74.08486021100126,
              40.711942444186576
            ],
            [
              -74.08602857861851,
              40.71195170116467
            ],
            [
              -74.08604088991325,
              40.71105138561611
            ]
          ]
        ]
      }
    },
    {
      "id": "354",
      "type": "Feature",
      "properties": {
        "tile_id": 354,
        "average_temperature": 32.5462,
        "min_temperature": 32.5462,
        "max_temperature": 32.5462
      },
      "geometry": {
        "type": "Polygon",
        "coordinates": [
          [
            [
              -74.0848725380287,
              40.711042128930295
            ],
            [
              -74.08370418668744,
              40.71103286042156
            ],
            [
              -74.08369184392735,
              40.71193317538521
            ],
            [
              -74.08486021100126,
              40.711942444186576
            ],
            [
              -74.0848725380287,
              40.711042128930295
            ]
          ]
        ]
      }
    },
    {
      "id": "355",
      "type": "Feature",
      "properties": {
        "tile_id": 355,
        "average_temperature": 32.4478,
        "min_temperature": 32.4478,
        "max_temperature": 32.4478
      },
      "geometry": {
        "type": "Polygon",
        "coordinates": [
          [
            [
              -74.08370418668744,
              40.71103286042156
            ],
            [
              -74.08253583589018,
              40.71102358008994
            ],
            [
              -74.08252347739746,
              40.71192389476056
            ],
            [
              -74.08369184392735,
              40.71193317538521
            ],
            [
              -74.08370418668744,
              40.71103286042156
            ]
          ]
        ]
      }
    },
    {
      "id": "356",
      "type": "Feature",
      "properties": {
        "tile_id": 356,
        "average_temperature": 32.3448,
        "min_temperature": 32.3448,
        "max_temperature": 32.3448
      },
      "geometry": {
        "type": "Polygon",
        "coordinates": [
          [
            [
              -74.08253583589018,
              40.71102358008994
            ],
            [
              -74.08136748563761,
              40.71101428793542
            ],
            [
              -74.08135511141228,
              40.71191460231265
            ],
            [
              -74.08252347739746,
              40.71192389476056
            ],
            [
              -74.08253583589018,
              40.71102358008994
            ]
          ]
        ]
      }
    },
    {
      "id": "357",
      "type": "Feature",
      "properties": {
        "tile_id": 357,
        "average_temperature": 32.2394,
        "min_temperature": 32.2394,
        "max_temperature": 32.2394
      },
      "geometry": {
        "type": "Polygon",
        "coordinates": [
          [
            [
              -74.08136748563761,
              40.71101428793542
            ],
            [
              -74.08019913593044,
              40.71100498395803
            ],
            [
              -74.08018674597253,
              40.7119052980415
            ],
            [
              -74.08135511141228,
              40.71191460231265
            ],
            [
              -74.08136748563761,
              40.71101428793542
            ]
          ]
        ]
      }
    },
    {
      "id": "358",
      "type": "Feature",
      "properties": {
        "tile_id": 358,
        "average_temperature": 32.1339,
        "min_temperature": 32.1339,
        "max_temperature": 32.1339
      },
      "geometry": {
        "type": "Polygon",
        "coordinates": [
          [
            [
              -74.08019913593044,
              40.71100498395803
            ],
            [
              -74.07903078676932,
              40.71099566815778
            ],
            [
              -74.07901838107887,
              40.71189598194713
            ],
            [
              -74.08018674597253,
              40.7119052980415
            ],
            [
              -74.08019913593044,
              40.71100498395803
            ]
          ]
        ]
      }
    },
    {
      "id": "359",
      "type": "Feature",
      "properties": {
        "tile_id": 359,
        "average_temperature": 32.0304,
        "min_temperature": 32.0304,
        "max_temperature": 32.0304
      },
      "geometry": {
        "type": "Polygon",
        "coordinates": [
          [
            [
              -74.07903078676932,
              40.71099566815778
            ],
            [
              -74.07786243815498,
              40.7109863405347
            ],
            [
              -74.077850016732,
              40.71188665402953
            ],
            [
              -74.07901838107887,
              40.71189598194713
            ],
            [
              -74.07903078676932,
              40.71099566815778
            ]
          ]
        ]
      }
    },
    {
      "id": "360",
      "type": "Feature",
      "properties": {
        "tile_id": 360,
        "average_temperature": 31.9314,
        "min_temperature": 31.9314,
        "max_temperature": 31.9314
      },
      "geometry": {
        "type": "Polygon",
        "coordinates": [
          [
            [
              -74.07786243815498,
              40.7109863405347
            ],
            [
              -74.07669409008811,
              40.71097700108881
            ],
            [
              -74.07668165293262,
              40.71187731428874
            ],
            [
              -74.077850016732,
              40.71188665402953
            ],
            [
              -74.07786243815498,
              40.7109863405347
            ]
          ]
        ]
      }
    },
    {
      "id": "361",
      "type": "Feature",
      "properties": {
        "tile_id": 361,
        "average_temperature": 31.839,
        "min_temperature": 31.839,
        "max_temperature": 31.839
      },
      "geometry": {
        "type": "Polygon",
        "coordinates": [
          [
            [
              -74.07669409008811,
              40.71097700108881
            ],
            [
              -74.07552574256938,
              40.7109676498201
            ],
            [
              -74.07551328968144,
              40.711867962724774
            ],
            [
              -74.07668165293262,
              40.71187731428874
            ],
            [
              -74.07669409008811,
              40.71097700108881
            ]
          ]
        ]
      }
    },
    {
      "id": "362",
      "type": "Feature",
      "properties": {
        "tile_id": 362,
        "average_temperature": 31.7555,
        "min_temperature": 31.7555,
        "max_temperature": 31.7555
      },
      "geometry": {
        "type": "Polygon",
        "coordinates": [
          [
            [
              -74.07552574256938,
              40.7109676498201
            ],
            [
              -74.0743573955995,
              40.7109582867286
            ],
            [
              -74.07434492697911,
              40.71185859933764
            ],
            [
              -74.07551328968144,
              40.711867962724774
            ],
            [
              -74.07552574256938,
              40.7109676498201
            ]
          ]
        ]
      }
    },
    {
      "id": "363",
      "type": "Feature",
      "properties": {
        "tile_id": 363,
        "average_temperature": 31.6834,
        "min_temperature": 31.6834,
        "max_temperature": 31.6834
      },
      "geometry": {
        "type": "Polygon",
        "coordinates": [
          [
            [
              -74.0743573955995,
              40.7109582867286
            ],
            [
              -74.07318904917916,
              40.71094891181433
            ],
            [
              -74.07317656482637,
              40.71184922412736
            ],
            [
              -74.07434492697911,
              40.71185859933764
            ],
            [
              -74.0743573955995,
              40.7109582867286
            ]
          ]
        ]
      }
    },
    {
      "id": "364",
      "type": "Feature",
      "properties": {
        "tile_id": 364,
        "average_temperature": 31.625,
        "min_temperature": 31.625,
        "max_temperature": 31.625
      },
      "geometry": {
        "type": "Polygon",
        "coordinates": [
          [
            [
              -74.07318904917916,
              40.71094891181433
            ],
            [
              -74.07202070330906,
              40.71093952507729
            ],
            [
              -74.07200820322389,
              40.711839837093954
            ],
            [
              -74.07317656482637,
              40.71184922412736
            ],
            [
              -74.07318904917916,
              40.71094891181433
            ]
          ]
        ]
      }
    },
    {
      "id": "365",
      "type": "Feature",
      "properties": {
        "tile_id": 365,
        "average_temperature": 31.5826,
        "min_temperature": 31.5826,
        "max_temperature": 31.5826
      },
      "geometry": {
        "type": "Polygon",
        "coordinates": [
          [
            [
              -74.07202070330906,
              40.71093952507729
            ],
            [
              -74.07085235798988,
              40.71093012651752
            ],
            [
              -74.07083984217236,
              40.71183043823742
            ],
            [
              -74.07200820322389,
              40.711839837093954
            ],
            [
              -74.07202070330906,
              40.71093952507729
            ]
          ]
        ]
      }
    },
    {
      "id": "366",
      "type": "Feature",
      "properties": {
        "tile_id": 366,
        "average_temperature": 31.5585,
        "min_temperature": 31.5585,
        "max_temperature": 31.5585
      },
      "geometry": {
        "type": "Polygon",
        "coordinates": [
          [
            [
              -74.07085235798988,
              40.71093012651752
            ],
            [
              -74.06968401322234,
              40.710920716135014
            ],
            [
              -74.06967148167249,
              40.711821027557804
            ],
            [
              -74.07083984217236,
              40.71183043823742
            ],
            [
              -74.07085235798988,
              40.71093012651752
            ]
          ]
        ]
      }
    },
    {
      "id": "367",
      "type": "Feature",
      "properties": {
        "tile_id": 367,
        "average_temperature": 31.555,
        "min_temperature": 31.555,
        "max_temperature": 31.555
      },
      "geometry": {
        "type": "Polygon",
        "coordinates": [
          [
            [
              -74.06968401322234,
              40.710920716135014
            ],
            [
              -74.0685156690071,
              40.710911293929804
            ],
            [
              -74.06850312172494,
              40.71181160505509
            ],
            [
              -74.06967148167249,
              40.711821027557804
            ],
            [
              -74.06968401322234,
              40.710920716135014
            ]
          ]
        ]
      }
    },
    {
      "id": "368",
      "type": "Feature",
      "properties": {
        "tile_id": 368,
        "average_temperature": 31.5743,
        "min_temperature": 31.5743,
        "max_temperature": 31.5743
      },
      "geometry": {
        "type": "Polygon",
        "coordinates": [
          [
            [
              -74.0685156690071,
              40.710911293929804
            ],
            [
              -74.06734732534485,
              40.710901859901895
            ],
            [
              -74.06733476233045,
              40.711802170729314
            ],
            [
              -74.06850312172494,
              40.71181160505509
            ],
            [
              -74.0685156690071,
              40.710911293929804
            ]
          ]
        ]
      }
    },
    {
      "id": "369",
      "type": "Feature",
      "properties": {
        "tile_id": 369,
        "average_temperature": 31.6186,
        "min_temperature": 31.6186,
        "max_temperature": 31.6186
      },
      "geometry": {
        "type": "Polygon",
        "coordinates": [
          [
            [
              -74.06734732534485,
              40.710901859901895
            ],
            [
              -74.06617898223632,
              40.71089241405132
            ],
            [
              -74.06616640348967,
              40.711792724580484
            ],
            [
              -74.06733476233045,
              40.711802170729314
            ],
            [
              -74.06734732534485,
              40.710901859901895
            ]
          ]
        ]
      }
    },
    {
      "id": "370",
      "type": "Feature",
      "properties": {
        "tile_id": 370,
        "average_temperature": 31.6899,
        "min_temperature": 31.6899,
        "max_temperature": 31.6899
      },
      "geometry": {
        "type": "Polygon",
        "coordinates": [
          [
            [
              -74.06617898223632,
              40.71089241405132
            ],
            [
              -74.06501063968219,
              40.71088295637808
            ],
            [
              -74.06499804520332,
              40.71178326660863
            ],
            [
              -74.06616640348967,
              40.711792724580484
            ],
            [
              -74.06617898223632,
              40.71089241405132
            ]
          ]
        ]
      }
    },
    {
      "id": "371",
      "type": "Feature",
      "properties": {
        "tile_id": 371,
        "average_temperature": 31.7903,
        "min_temperature": 31.7903,
        "max_temperature": 31.7903
      },
      "geometry": {
        "type": "Polygon",
        "coordinates": [
          [
            [
              -74.06501063968219,
              40.71088295637808
            ],
            [
              -74.06384229768314,
              40.71087348688219
            ],
            [
              -74.06382968747208,
              40.71177379681375
            ],
            [
              -74.06499804520332,
              40.71178326660863
            ],
            [
              -74.06501063968219,
              40.71088295637808
            ]
          ]
        ]
      }
    },
    {
      "id": "372",
      "type": "Feature",
      "properties": {
        "tile_id": 372,
        "average_temperature": 31.9207,
        "min_temperature": 31.9207,
        "max_temperature": 31.9207
      },
      "geometry": {
        "type": "Polygon",
        "coordinates": [
          [
            [
              -74.06384229768314,
              40.71087348688219
            ],
            [
              -74.06267395623986,
              40.71086400556367
            ],
            [
              -74.06266133029666,
              40.71176431519587
            ],
            [
              -74.06382968747208,
              40.71177379681375
            ],
            [
              -74.06384229768314,
              40.71087348688219
            ]
          ]
        ]
      }
    },
    {
      "id": "373",
      "type": "Feature",
      "properties": {
        "tile_id": 373,
        "average_temperature": 32.0759,
        "min_temperature": 32.0759,
        "max_temperature": 32.0759
      },
      "geometry": {
        "type": "Polygon",
        "coordinates": [
          [
            [
              -74.06267395623986,
              40.71086400556367
            ],
            [
              -74.06150561535307,
              40.71085451242255
            ],
            [
              -74.06149297367773,
              40.71175482175501
            ],
            [
              -74.06266133029666,
              40.71176431519587
            ],
            [
              -74.06267395623986,
              40.71086400556367
            ]
          ]
        ]
      }
    },
    {
      "id": "374",
      "type": "Feature",
      "properties": {
        "tile_id": 374,
        "average_temperature": 32.2487,
        "min_temperature": 32.2487,
        "max_temperature": 32.2487
      },
      "geometry": {
        "type": "Polygon",
        "coordinates": [
          [
            [
              -74.06150561535307,
              40.71085451242255
            ],
            [
              -74.06033727502344,
              40.71084500745882
            ],
            [
              -74.060324617616,
              40.71174531649117
            ],
            [
              -74.06149297367773,
              40.71175482175501
            ],
            [
              -74.06150561535307,
              40.71085451242255
            ]
          ]
        ]
      }
    },
    {
      "id": "375",
      "type": "Feature",
      "properties": {
        "tile_id": 375,
        "average_temperature": 32.432,
        "min_temperature": 32.432,
        "max_temperature": 32.432
      },
      "geometry": {
        "type": "Polygon",
        "coordinates": [
          [
            [
              -74.06033727502344,
              40.71084500745882
            ],
            [
              -74.05916893525165,
              40.710835490672515
            ],
            [
              -74.05915626211215,
              40.71173579940438
            ],
            [
              -74.060324617616,
              40.71174531649117
            ],
            [
              -74.06033727502344,
              40.71084500745882
            ]
          ]
        ]
      }
    },
    {
      "id": "376",
      "type": "Feature",
      "properties": {
        "tile_id": 376,
        "average_temperature": 32.6188,
        "min_temperature": 32.6188,
        "max_temperature": 32.6188
      },
      "geometry": {
        "type": "Polygon",
        "coordinates": [
          [
            [
              -74.05916893525165,
              40.710835490672515
            ],
            [
              -74.05800059603843,
              40.71082596206365
            ],
            [
              -74.05798790716689,
              40.71172627049466
            ],
            [
              -74.05915626211215,
              40.71173579940438
            ],
            [
              -74.05916893525165,
              40.710835490672515
            ]
          ]
        ]
      }
    },
    {
      "id": "377",
      "type": "Feature",
      "properties": {
        "tile_id": 377,
        "average_temperature": 32.8022,
        "min_temperature": 32.8022,
        "max_temperature": 32.8022
      },
      "geometry": {
        "type": "Polygon",
        "coordinates": [
          [
            [
              -74.05800059603843,
              40.71082596206365
            ],
            [
              -74.05683225738446,
              40.71081642163224
            ],
            [
              -74.05681955278091,
              40.711716729762024
            ],
            [
              -74.05798790716689,
              40.71172627049466
            ],
            [
              -74.05800059603843,
              40.71082596206365
            ]
          ]
        ]
      }
    },
    {
      "id": "378",
      "type": "Feature",
      "properties": {
        "tile_id": 378,
        "average_temperature": 32.9753,
        "min_temperature": 32.9753,
        "max_temperature": 32.9753
      },
      "geometry": {
        "type": "Polygon",
        "coordinates": [
          [
            [
              -74.05683225738446,
              40.71081642163224
            ],
            [
              -74.05566391929041,
              40.7108068693783
            ],
            [
              -74.05565119895488,
              40.71170717720648
            ],
            [
              -74.05681955278091,
              40.711716729762024
            ],
            [
              -74.05683225738446,
              40.71081642163224
            ]
          ]
        ]
      }
    },
    {
      "id": "379",
      "type": "Feature",
      "properties": {
        "tile_id": 379,
        "average_temperature": 33.1313,
        "min_temperature": 33.1313,
        "max_temperature": 33.1313
      },
      "geometry": {
        "type": "Polygon",
        "coordinates": [
          [
            [
              -74.05566391929041,
              40.7108068693783
            ],
            [
              -74.05449558175701,
              40.71079730530184
            ],
            [
              -74.05448284568953,
              40.71169761282803
            ],
            [
              -74.05565119895488,
              40.71170717720648
            ],
            [
              -74.05566391929041,
              40.7108068693783
            ]
          ]
        ]
      }
    },
    {
      "id": "380",
      "type": "Feature",
      "properties": {
        "tile_id": 380,
        "average_temperature": 33.2632,
        "min_temperature": 33.2632,
        "max_temperature": 33.2632
      },
      "geometry": {
        "type": "Polygon",
        "coordinates": [
          [
            [
              -74.05449558175701,
              40.71079730530184
            ],
            [
              -74.05332724478492,
              40.71078772940288
            ],
            [
              -74.05331449298552,
              40.71168803662673
            ],
            [
              -74.05448284568953,
              40.71169761282803
            ],
            [
              -74.05449558175701,
              40.71079730530184
            ]
          ]
        ]
      }
    },
    {
      "id": "381",
      "type": "Feature",
      "properties": {
        "tile_id": 381,
        "average_temperature": 33.3647,
        "min_temperature": 33.3647,
        "max_temperature": 33.3647
      },
      "geometry": {
        "type": "Polygon",
        "coordinates": [
          [
            [
              -74.05332724478492,
              40.71078772940288
            ],
            [
              -74.05215890837486,
              40.710778141681445
            ],
            [
              -74.05214614084355,
              40.71167844860258
            ],
            [
              -74.05331449298552,
              40.71168803662673
            ],
            [
              -74.05332724478492,
              40.71078772940288
            ]
          ]
        ]
      }
    },
    {
      "id": "382",
      "type": "Feature",
      "properties": {
        "tile_id": 382,
        "average_temperature": 33.4343,
        "min_temperature": 33.4343,
        "max_temperature": 33.4343
      },
      "geometry": {
        "type": "Polygon",
        "coordinates": [
          [
            [
              -74.05215890837486,
              40.710778141681445
            ],
            [
              -74.05099057252751,
              40.71076854213754
            ],
            [
              -74.05097778926434,
              40.71166884875557
            ],
            [
              -74.05214614084355,
              40.71167844860258
            ],
            [
              -74.05215890837486,
              40.710778141681445
            ]
          ]
        ]
      }
    },
    {
      "id": "383",
      "type": "Feature",
      "properties": {
        "tile_id": 383,
        "average_temperature": 33.4756,
        "min_temperature": 33.4756,
        "max_temperature": 33.4756
      },
      "geometry": {
        "type": "Polygon",
        "coordinates": [
          [
            [
              -74.05099057252751,
              40.71076854213754
            ],
            [
              -74.04982223724356,
              40.71075893077119
            ],
            [
              -74.04980943824854,
              40.71165923708577
            ],
            [
              -74.05097778926434,
              40.71166884875557
            ],
            [
              -74.05099057252751,
              40.71076854213754
            ]
          ]
        ]
      }
    },
    {
      "id": "384",
      "type": "Feature",
      "properties": {
        "tile_id": 384,
        "average_temperature": 32.6926,
        "min_temperature": 32.6926,
        "max_temperature": 32.6926
      },
      "geometry": {
        "type": "Polygon",
        "coordinates": [
          [
            [
              -74.08719694677839,
              40.71196094631945
            ],
            [
              -74.08602857861851,
              40.71195170116467
            ],
            [
              -74.08601626676729,
              40.71285201656928
            ],
            [
              -74.08718465066059,
              40.71286126201596
            ],
            [
              -74.08719694677839,
              40.71196094631945
            ]
          ]
        ]
      }
    },
    {
      "id": "385",
      "type": "Feature",
      "properties": {
        "tile_id": 385,
        "average_temperature": 32.6281,
        "min_temperature": 32.6281,
        "max_temperature": 32.6281
      },
      "geometry": {
        "type": "Polygon",
        "coordinates": [
          [
            [
              -74.08602857861851,
              40.71195170116467
            ],
            [
              -74.08486021100126,
              40.711942444186576
            ],
            [
              -74.08484788341663,
              40.71284275929891
            ],
            [
              -74.08601626676729,
              40.71285201656928
            ],
            [
              -74.08602857861851,
              40.71195170116467
            ]
          ]
        ]
      }
    },
    {
      "id": "386",
      "type": "Feature",
      "properties": {
        "tile_id": 386,
        "average_temperature": 32.5557,
        "min_temperature": 32.5557,
        "max_temperature": 32.5557
      },
      "geometry": {
        "type": "Polygon",
        "coordinates": [
          [
            [
              -74.08486021100126,
              40.711942444186576
            ],
            [
              -74.08369184392735,
              40.71193317538521
            ],
            [
              -74.08367950060935,
              40.712833490204886
            ],
            [
              -74.08484788341663,
              40.71284275929891
            ],
            [
              -74.08486021100126,
              40.711942444186576
            ]
          ]
        ]
      }
    },
    {
      "id": "387",
      "type": "Feature",
      "properties": {
        "tile_id": 387,
        "average_temperature": 32.4768,
        "min_temperature": 32.4768,
        "max_temperature": 32.4768
      },
      "geometry": {
        "type": "Polygon",
        "coordinates": [
          [
            [
              -74.08369184392735,
              40.71193317538521
            ],
            [
              -74.08252347739746,
              40.71192389476056
            ],
            [
              -74.08251111834612,
              40.71282420928722
            ],
            [
              -74.08367950060935,
              40.712833490204886
            ],
            [
              -74.08369184392735,
              40.71193317538521
            ]
          ]
        ]
      }
    },
    {
      "id": "388",
      "type": "Feature",
      "properties": {
        "tile_id": 388,
        "average_temperature": 32.3931,
        "min_temperature": 32.3931,
        "max_temperature": 32.3931
      },
      "geometry": {
        "type": "Polygon",
        "coordinates": [
          [
            [
              -74.08252347739746,
              40.71192389476056
            ],
            [
              -74.08135511141228,
              40.71191460231265
            ],
            [
              -74.08134273662763,
              40.7128149165459
            ],
            [
              -74.08251111834612,
              40.71282420928722
            ],
            [
              -74.08252347739746,
              40.71192389476056
            ]
          ]
        ]
      }
    },
    {
      "id": "389",
      "type": "Feature",
      "properties": {
        "tile_id": 389,
        "average_temperature": 32.3059,
        "min_temperature": 32.3059,
        "max_temperature": 32.3059
      },
      "geometry": {
        "type": "Polygon",
        "coordinates": [
          [
            [
              -74.08135511141228,
              40.71191460231265
            ],
            [
              -74.08018674597253,
              40.7119052980415
            ],
            [
              -74.08017435545457,
              40.71280561198098
            ],
            [
              -74.08134273662763,
              40.7128149165459
            ],
            [
              -74.08135511141228,
              40.71191460231265
            ]
          ]
        ]
      }
    },
    {
      "id": "390",
      "type": "Feature",
      "properties": {
        "tile_id": 390,
        "average_temperature": 32.2171,
        "min_temperature": 32.2171,
        "max_temperature": 32.2171
      },
      "geometry": {
        "type": "Polygon",
        "coordinates": [
          [
            [
              -74.08018674597253,
              40.7119052980415
            ],
            [
              -74.07901838107887,
              40.71189598194713
            ],
            [
              -74.07900597482765,
              40.71279629559245
            ],
            [
              -74.08017435545457,
              40.71280561198098
            ],
            [
              -74.08018674597253,
              40.7119052980415
            ]
          ]
        ]
      }
    },
    {
      "id": "391",
      "type": "Feature",
      "properties": {
        "tile_id": 391,
        "average_temperature": 32.1281,
        "min_temperature": 32.1281,
        "max_temperature": 32.1281
      },
      "geometry": {
        "type": "Polygon",
        "coordinates": [
          [
            [
              -74.07901838107887,
              40.71189598194713
            ],
            [
              -74.077850016732,
              40.71188665402953
            ],
            [
              -74.07783759474756,
              40.71278696738034
            ],
            [
              -74.07900597482765,
              40.71279629559245
            ],
            [
              -74.07901838107887,
              40.71189598194713
            ]
          ]
        ]
      }
    },
    {
      "id": "392",
      "type": "Feature",
      "properties": {
        "tile_id": 392,
        "average_temperature": 32.0407,
        "min_temperature": 32.0407,
        "max_temperature": 32.0407
      },
      "geometry": {
        "type": "Polygon",
        "coordinates": [
          [
            [
              -74.077850016732,
              40.71188665402953
            ],
            [
              -74.07668165293262,
              40.71187731428874
            ],
            [
              -74.07666921521499,
              40.71277762734466
            ],
            [
              -74.07783759474756,
              40.71278696738034
            ],
            [
              -74.077850016732,
              40.71188665402953
            ]
          ]
        ]
      }
    },
    {
      "id": "393",
      "type": "Feature",
      "properties": {
        "tile_id": 393,
        "average_temperature": 31.9565,
        "min_temperature": 31.9565,
        "max_temperature": 31.9565
      },
      "geometry": {
        "type": "Polygon",
        "coordinates": [
          [
            [
              -74.07668165293262,
              40.71187731428874
            ],
            [
              -74.07551328968144,
              40.711867962724774
            ],
            [
              -74.07550083623062,
              40.712768275485416
            ],
            [
              -74.07666921521499,
              40.71277762734466
            ],
            [
              -74.07668165293262,
              40.71187731428874
            ]
          ]
        ]
      }
    },
    {
      "id": "394",
      "type": "Feature",
      "properties": {
        "tile_id": 394,
        "average_temperature": 31.8773,
        "min_temperature": 31.8773,
        "max_temperature": 31.8773
      },
      "geometry": {
        "type": "Polygon",
        "coordinates": [
          [
            [
              -74.07551328968144,
              40.711867962724774
            ],
            [
              -74.07434492697911,
              40.71185859933764
            ],
            [
              -74.07433245779515,
              40.712758911802645
            ],
            [
              -74.07550083623062,
              40.712768275485416
            ],
            [
              -74.07551328968144,
              40.711867962724774
            ]
          ]
        ]
      }
    },
    {
      "id": "395",
      "type": "Feature",
      "properties": {
        "tile_id": 395,
        "average_temperature": 31.8055,
        "min_temperature": 31.8055,
        "max_temperature": 31.8055
      },
      "geometry": {
        "type": "Polygon",
        "coordinates": [
          [
            [
              -74.07434492697911,
              40.71185859933764
            ],
            [
              -74.07317656482637,
              40.71184922412736
            ],
            [
              -74.07316407990929,
              40.71274953629636
            ],
            [
              -74.07433245779515,
              40.712758911802645
            ],
            [
              -74.07434492697911,
              40.71185859933764
            ]
          ]
        ]
      }
    },
    {
      "id": "396",
      "type": "Feature",
      "properties": {
        "tile_id": 396,
        "average_temperature": 31.7444,
        "min_temperature": 31.7444,
        "max_temperature": 31.7444
      },
      "geometry": {
        "type": "Polygon",
        "coordinates": [
          [
            [
              -74.07317656482637,
              40.71184922412736
            ],
            [
              -74.07200820322389,
              40.711839837093954
            ],
            [
              -74.07199570257372,
              40.71274014896655
            ],
            [
              -74.07316407990929,
              40.71274953629636
            ],
            [
              -74.07317656482637,
              40.71184922412736
            ]
          ]
        ]
      }
    },
    {
      "id": "397",
      "type": "Feature",
      "properties": {
        "tile_id": 397,
        "average_temperature": 31.6972,
        "min_temperature": 31.6972,
        "max_temperature": 31.6972
      },
      "geometry": {
        "type": "Polygon",
        "coordinates": [
          [
            [
              -74.07200820322389,
              40.711839837093954
            ],
            [
              -74.07083984217236,
              40.71183043823742
            ],
            [
              -74.07082732578911,
              40.712730749813275
            ],
            [
              -74.07199570257372,
              40.71274014896655
            ],
            [
              -74.07200820322389,
              40.711839837093954
            ]
          ]
        ]
      }
    },
    {
      "id": "398",
      "type": "Feature",
      "properties": {
        "tile_id": 398,
        "average_temperature": 31.6673,
        "min_temperature": 31.6673,
        "max_temperature": 31.6673
      },
      "geometry": {
        "type": "Polygon",
        "coordinates": [
          [
            [
              -74.07083984217236,
              40.71183043823742
            ],
            [
              -74.06967148167249,
              40.711821027557804
            ],
            [
              -74.06965894955621,
              40.712721338836516
            ],
            [
              -74.07082732578911,
              40.712730749813275
            ],
            [
              -74.07083984217236,
              40.71183043823742
            ]
          ]
        ]
      }
    },
    {
      "id": "399",
      "type": "Feature",
      "properties": {
        "tile_id": 399,
        "average_temperature": 31.6579,
        "min_temperature": 31.6579,
        "max_temperature": 31.6579
      },
      "geometry": {
        "type": "Polygon",
        "coordinates": [
          [
            [
              -74.06967148167249,
              40.711821027557804
            ],
            [
              -74.06850312172494,
              40.71181160505509
            ],
            [
              -74.06849057387565,
              40.7127119160363
            ],
            [
              -74.06965894955621,
              40.712721338836516
            ],
            [
              -74.06967148167249,
              40.711821027557804
            ]
          ]
        ]
      }
    },
    {
      "id": "400",
      "type": "Feature",
      "properties": {
        "tile_id": 400,
        "average_temperature": 31.6722,
        "min_temperature": 31.6722,
        "max_temperature": 31.6722
      },
      "geometry": {
        "type": "Polygon",
        "coordinates": [
          [
            [
              -74.06850312172494,
              40.71181160505509
            ],
            [
              -74.06733476233045,
              40.711802170729314
            ],
            [
              -74.06732219874817,
              40.71270248141265
            ],
            [
              -74.06849057387565,
              40.7127119160363
            ],
            [
              -74.06850312172494,
              40.71181160505509
            ]
          ]
        ]
      }
    },
    {
      "id": "401",
      "type": "Feature",
      "properties": {
        "tile_id": 401,
        "average_temperature": 31.7134,
        "min_temperature": 31.7134,
        "max_temperature": 31.7134
      },
      "geometry": {
        "type": "Polygon",
        "coordinates": [
          [
            [
              -74.06733476233045,
              40.711802170729314
            ],
            [
              -74.06616640348967,
              40.711792724580484
            ],
            [
              -74.06615382417445,
              40.712693034965575
            ],
            [
              -74.06732219874817,
              40.71270248141265
            ],
            [
              -74.06733476233045,
              40.711802170729314
            ]
          ]
        ]
      }
    },
    {
      "id": "402",
      "type": "Feature",
      "properties": {
        "tile_id": 402,
        "average_temperature": 31.7846,
        "min_temperature": 31.7846,
        "max_temperature": 31.7846
      },
      "geometry": {
        "type": "Polygon",
        "coordinates": [
          [
            [
              -74.06616640348967,
              40.711792724580484
            ],
            [
              -74.06499804520332,
              40.71178326660863
            ],
            [
              -74.06498545015518,
              40.71268357669508
            ],
            [
              -74.06615382417445,
              40.712693034965575
            ],
            [
              -74.06616640348967,
              40.711792724580484
            ]
          ]
        ]
      }
    },
    {
      "id": "403",
      "type": "Feature",
      "properties": {
        "tile_id": 403,
        "average_temperature": 31.8889,
        "min_temperature": 31.8889,
        "max_temperature": 31.8889
      },
      "geometry": {
        "type": "Polygon",
        "coordinates": [
          [
            [
              -74.06499804520332,
              40.71178326660863
            ],
            [
              -74.06382968747208,
              40.71177379681375
            ],
            [
              -74.06381707669105,
              40.7126741066012
            ],
            [
              -74.06498545015519,
              40.71268357669508
            ],
            [
              -74.06499804520332,
              40.71178326660863
            ]
          ]
        ]
      }
    },
    {
      "id": "404",
      "type": "Feature",
      "properties": {
        "tile_id": 404,
        "average_temperature": 32.0279,
        "min_temperature": 32.0279,
        "max_temperature": 32.0279
      },
      "geometry": {
        "type": "Polygon",
        "coordinates": [
          [
            [
              -74.06382968747208,
              40.71177379681375
            ],
            [
              -74.06266133029666,
              40.71176431519587
            ],
            [
              -74.06264870378276,
              40.71266462468395
            ],
            [
              -74.06381707669105,
              40.7126741066012
            ],
            [
              -74.06382968747208,
              40.71177379681375
            ]
          ]
        ]
      }
    },
    {
      "id": "405",
      "type": "Feature",
      "properties": {
        "tile_id": 405,
        "average_temperature": 32.1958,
        "min_temperature": 32.1958,
        "max_temperature": 32.1958
      },
      "geometry": {
        "type": "Polygon",
        "coordinates": [
          [
            [
              -74.06266133029666,
              40.71176431519587
            ],
            [
              -74.06149297367773,
              40.71175482175501
            ],
            [
              -74.061480331431,
              40.71265513094334
            ],
            [
              -74.06264870378276,
              40.71266462468395
            ],
            [
              -74.06266133029666,
              40.71176431519587
            ]
          ]
        ]
      }
    },
    {
      "id": "406",
      "type": "Feature",
      "properties": {
        "tile_id": 406,
        "average_temperature": 32.3846,
        "min_temperature": 32.3846,
        "max_temperature": 32.3846
      },
      "geometry": {
        "type": "Polygon",
        "coordinates": [
          [
            [
              -74.06149297367773,
              40.71175482175501
            ],
            [
              -74.060324617616,
              40.71174531649117
            ],
            [
              -74.06031195963645,
              40.712645625379395
            ],
            [
              -74.061480331431,
              40.71265513094334
            ],
            [
              -74.06149297367773,
              40.71175482175501
            ]
          ]
        ]
      }
    },
    {
      "id": "407",
      "type": "Feature",
      "properties": {
        "tile_id": 407,
        "average_temperature": 32.5864,
        "min_temperature": 32.5864,
        "max_temperature": 32.5864
      },
      "geometry": {
        "type": "Polygon",
        "coordinates": [
          [
            [
              -74.060324617616,
              40.71174531649117
            ],
            [
              -74.05915626211215,
              40.71173579940438
            ],
            [
              -74.05914358839983,
              40.71263610799212
            ],
            [
              -74.06031195963645,
              40.712645625379395
            ],
            [
              -74.060324617616,
              40.71174531649117
            ]
          ]
        ]
      }
    },
    {
      "id": "408",
      "type": "Feature",
      "properties": {
        "tile_id": 408,
        "average_temperature": 32.7933,
        "min_temperature": 32.7933,
        "max_temperature": 32.7933
      },
      "geometry": {
        "type": "Polygon",
        "coordinates": [
          [
            [
              -74.05915626211215,
              40.71173579940438
            ],
            [
              -74.05798790716689,
              40.71172627049466
            ],
            [
              -74.05797521772182,
              40.71262657878153
            ],
            [
              -74.05914358839983,
              40.71263610799212
            ],
            [
              -74.05915626211215,
              40.71173579940438
            ]
          ]
        ]
      }
    },
    {
      "id": "409",
      "type": "Feature",
      "properties": {
        "tile_id": 409,
        "average_temperature": 32.9973,
        "min_temperature": 32.9973,
        "max_temperature": 32.9973
      },
      "geometry": {
        "type": "Polygon",
        "coordinates": [
          [
            [
              -74.05798790716689,
              40.71172627049466
            ],
            [
              -74.05681955278091,
              40.711716729762024
            ],
            [
              -74.05680684760311,
              40.712617037747634
            ],
            [
              -74.05797521772182,
              40.71262657878153
            ],
            [
              -74.05798790716689,
              40.71172627049466
            ]
          ]
        ]
      }
    },
    {
      "id": "410",
      "type": "Feature",
      "properties": {
        "tile_id": 410,
        "average_temperature": 33.1906,
        "min_temperature": 33.1906,
        "max_temperature": 33.1906
      },
      "geometry": {
        "type": "Polygon",
        "coordinates": [
          [
            [
              -74.05681955278091,
              40.711716729762024
            ],
            [
              -74.05565119895488,
              40.71170717720648
            ],
            [
              -74.0556384780444,
              40.71260748489048
            ],
            [
              -74.05680684760311,
              40.712617037747634
            ],
            [
              -74.05681955278091,
              40.711716729762024
            ]
          ]
        ]
      }
    },
    {
      "id": "411",
      "type": "Feature",
      "properties": {
        "tile_id": 411,
        "average_temperature": 33.3653,
        "min_temperature": 33.3653,
        "max_temperature": 33.3653
      },
      "geometry": {
        "type": "Polygon",
        "coordinates": [
          [
            [
              -74.05565119895488,
              40.71170717720648
            ],
            [
              -74.05448284568953,
              40.71169761282803
            ],
            [
              -74.05447010904636,
              40.71259792021006
            ],
            [
              -74.0556384780444,
              40.71260748489048
            ],
            [
              -74.05565119895488,
              40.71170717720648
            ]
          ]
        ]
      }
    },
    {
      "id": "412",
      "type": "Feature",
      "properties": {
        "tile_id": 412,
        "average_temperature": 33.5137,
        "min_temperature": 33.5137,
        "max_temperature": 33.5137
      },
      "geometry": {
        "type": "Polygon",
        "coordinates": [
          [
            [
              -74.05448284568953,
              40.71169761282803
            ],
            [
              -74.05331449298552,
              40.71168803662673
            ],
            [
              -74.05330174060973,
              40.7125883437064
            ],
            [
              -74.05447010904636,
              40.71259792021006
            ],
            [
              -74.05448284568953,
              40.71169761282803
            ]
          ]
        ]
      }
    },
    {
      "id": "413",
      "type": "Feature",
      "properties": {
        "tile_id": 413,
        "average_temperature": 33.6281,
        "min_temperature": 33.6281,
        "max_temperature": 33.6281
      },
      "geometry": {
        "type": "Polygon",
        "coordinates": [
          [
            [
              -74.05331449298552,
              40.71168803662673
            ],
            [
              -74.05214614084355,
              40.71167844860258
            ],
            [
              -74.05213337273516,
              40.71257875537952
            ],
            [
              -74.05330174060973,
              40.7125883437064
            ],
            [
              -74.05331449298552,
              40.71168803662673
            ]
          ]
        ]
      }
    },
    {
      "id": "414",
      "type": "Feature",
      "properties": {
        "tile_id": 414,
        "average_temperature": 33.7071,
        "min_temperature": 33.7071,
        "max_temperature": 33.7071
      },
      "geometry": {
        "type": "Polygon",
        "coordinates": [
          [
            [
              -74.05214614084355,
              40.71167844860258
            ],
            [
              -74.05097778926434,
              40.71166884875557
            ],
            [
              -74.05096500542335,
              40.71256915522941
            ],
            [
              -74.05213337273516,
              40.71257875537952
            ],
            [
              -74.05214614084355,
              40.71167844860258
            ]
          ]
        ]
      }
    },
    {
      "id": "415",
      "type": "Feature",
      "properties": {
        "tile_id": 415,
        "average_temperature": 33.7546,
        "min_temperature": 33.7546,
        "max_temperature": 33.7546
      },
      "geometry": {
        "type": "Polygon",
        "coordinates": [
          [
            [
              -74.05097778926434,
              40.71166884875557
            ],
            [
              -74.04980943824854,
              40.71165923708577
            ],
            [
              -74.04979663867502,
              40.71255954325611
            ],
            [
              -74.05096500542335,
              40.71256915522941
            ],
            [
              -74.05097778926434,
              40.71166884875557
            ]
          ]
        ]
      }
    },
    {
      "id": "416",
      "type": "Feature",
      "properties": {
        "tile_id": 416,
        "average_temperature": 32.6449,
        "min_temperature": 32.6449,
        "max_temperature": 32.6449
      },
      "geometry": {
        "type": "Polygon",
        "coordinates": [
          [
            [
              -74.08718465066059,
              40.71286126201597
            ],
            [
              -74.08601626676729,
              40.71285201656928
            ],
            [
              -74.08600395435955,
              40.71375233182996
            ],
            [
              -74.087172353987,
              40.71376157756855
            ],
            [
              -74.08718465066059,
              40.71286126201597
            ]
          ]
        ]
      }
    },
    {
      "id": "417",
      "type": "Feature",
      "properties": {
        "tile_id": 417,
        "average_temperature": 32.6105,
        "min_temperature": 32.6105,
        "max_temperature": 32.6105
      },
      "geometry": {
        "type": "Polygon",
        "coordinates": [
          [
            [
              -74.08601626676729,
              40.71285201656928
            ],
            [
              -74.08484788341663,
              40.712842759298915
            ],
            [
              -74.08483555527481,
              40.7137430742673
            ],
            [
              -74.08600395435955,
              40.71375233182996
            ],
            [
              -74.08601626676729,
              40.71285201656928
            ]
          ]
        ]
      }
    },
    {
      "id": "418",
      "type": "Feature",
      "properties": {
        "tile_id": 418,
        "average_temperature": 32.5704,
        "min_temperature": 32.5704,
        "max_temperature": 32.5704
      },
      "geometry": {
        "type": "Polygon",
        "coordinates": [
          [
            [
              -74.08484788341663,
              40.712842759298915
            ],
            [
              -74.08367950060935,
              40.71283349020489
            ],
            [
              -74.08366715673343,
              40.71373380488061
            ],
            [
              -74.08483555527481,
              40.7137430742673
            ],
            [
              -74.08484788341663,
              40.712842759298915
            ]
          ]
        ]
      }
    },
    {
      "id": "419",
      "type": "Feature",
      "properties": {
        "tile_id": 419,
        "average_temperature": 32.5249,
        "min_temperature": 32.5249,
        "max_temperature": 32.5249
      },
      "geometry": {
        "type": "Polygon",
        "coordinates": [
          [
            [
              -74.08367950060935,
              40.71283349020489
            ],
            [
              -74.08251111834612,
              40.71282420928723
            ],
            [
              -74.08249875873614,
              40.7137245236699
            ],
            [
              -74.08366715673343,
              40.71373380488061
            ],
            [
              -74.08367950060935,
              40.71283349020489
            ]
          ]
        ]
      }
    },
    {
      "id": "420",
      "type": "Feature",
      "properties": {
        "tile_id": 420,
        "average_temperature": 32.4746,
        "min_temperature": 32.4746,
        "max_temperature": 32.4746
      },
      "geometry": {
        "type": "Polygon",
        "coordinates": [
          [
            [
              -74.08251111834612,
              40.71282420928723
            ],
            [
              -74.08134273662763,
              40.71281491654591
            ],
            [
              -74.08133036128362,
              40.71371523063518
            ],
            [
              -74.08249875873614,
              40.7137245236699
            ],
            [
              -74.08251111834612,
              40.71282420928723
            ]
          ]
        ]
      }
    },
    {
      "id": "421",
      "type": "Feature",
      "properties": {
        "tile_id": 421,
        "average_temperature": 32.4201,
        "min_temperature": 32.4201,
        "max_temperature": 32.4201
      },
      "geometry": {
        "type": "Polygon",
        "coordinates": [
          [
            [
              -74.08134273662763,
              40.71281491654591
            ],
            [
              -74.08017435545457,
              40.71280561198099
            ],
            [
              -74.08016196437657,
              40.713705925776466
            ],
            [
              -74.08133036128362,
              40.71371523063518
            ],
            [
              -74.08134273662763,
              40.71281491654591
            ]
          ]
        ]
      }
    },
    {
      "id": "422",
      "type": "Feature",
      "properties": {
        "tile_id": 422,
        "average_temperature": 32.3619,
        "min_temperature": 32.3619,
        "max_temperature": 32.3619
      },
      "geometry": {
        "type": "Polygon",
        "coordinates": [
          [
            [
              -74.08017435545457,
              40.71280561198099
            ],
            [
              -74.07900597482765,
              40.712796295592454
            ],
            [
              -74.07899356801568,
              40.7136966090938
            ],
            [
              -74.08016196437657,
              40.713705925776466
            ],
            [
              -74.08017435545457,
              40.71280561198099
            ]
          ]
        ]
      }
    },
    {
      "id": "423",
      "type": "Feature",
      "properties": {
        "tile_id": 423,
        "average_temperature": 32.3009,
        "min_temperature": 32.3009,
        "max_temperature": 32.3009
      },
      "geometry": {
        "type": "Polygon",
        "coordinates": [
          [
            [
              -74.07900597482765,
              40.712796295592454
            ],
            [
              -74.07783759474756,
              40.712786967380346
            ],
            [
              -74.07782517220164,
              40.71368728058715
            ],
            [
              -74.07899356801568,
              40.7136966090938
            ],
            [
              -74.07900597482765,
              40.712796295592454
            ]
          ]
        ]
      }
    },
    {
      "id": "424",
      "type": "Feature",
      "properties": {
        "tile_id": 424,
        "average_temperature": 32.2376,
        "min_temperature": 32.2376,
        "max_temperature": 32.2376
      },
      "geometry": {
        "type": "Polygon",
        "coordinates": [
          [
            [
              -74.07783759474756,
              40.712786967380346
            ],
            [
              -74.07666921521499,
              40.712777627344664
            ],
            [
              -74.07665677693514,
              40.71367794025657
            ],
            [
              -74.07782517220164,
              40.71368728058715
            ],
            [
              -74.07783759474756,
              40.712786967380346
            ]
          ]
        ]
      }
    },
    {
      "id": "425",
      "type": "Feature",
      "properties": {
        "tile_id": 425,
        "average_temperature": 32.1728,
        "min_temperature": 32.1728,
        "max_temperature": 32.1728
      },
      "geometry": {
        "type": "Polygon",
        "coordinates": [
          [
            [
              -74.07666921521499,
              40.712777627344664
            ],
            [
              -74.07550083623062,
              40.71276827548543
            ],
            [
              -74.07548838221689,
              40.71366858810207
            ],
            [
              -74.07665677693514,
              40.71367794025657
            ],
            [
              -74.07666921521499,
              40.712777627344664
            ]
          ]
        ]
      }
    },
    {
      "id": "426",
      "type": "Feature",
      "properties": {
        "tile_id": 426,
        "average_temperature": 32.1075,
        "min_temperature": 32.1075,
        "max_temperature": 32.1075
      },
      "geometry": {
        "type": "Polygon",
        "coordinates": [
          [
            [
              -74.07550083623062,
              40.71276827548543
            ],
            [
              -74.07433245779515,
              40.71275891180266
            ],
            [
              -74.07431998804758,
              40.71365922412363
            ],
            [
              -74.07548838221689,
              40.71366858810207
            ],
            [
              -74.07550083623062,
              40.71276827548543
            ]
          ]
        ]
      }
    },
    {
      "id": "427",
      "type": "Feature",
      "properties": {
        "tile_id": 427,
        "average_temperature": 32.0436,
        "min_temperature": 32.0436,
        "max_temperature": 32.0436
      },
      "geometry": {
        "type": "Polygon",
        "coordinates": [
          [
            [
              -74.07433245779515,
              40.71275891180266
            ],
            [
              -74.07316407990929,
              40.712749536296364
            ],
            [
              -74.07315159442787,
              40.713649848321324
            ],
            [
              -74.07431998804758,
              40.71365922412363
            ],
            [
              -74.07433245779515,
              40.71275891180266
            ]
          ]
        ]
      }
    },
    {
      "id": "428",
      "type": "Feature",
      "properties": {
        "tile_id": 428,
        "average_temperature": 31.9853,
        "min_temperature": 31.9853,
        "max_temperature": 31.9853
      },
      "geometry": {
        "type": "Polygon",
        "coordinates": [
          [
            [
              -74.07316407990929,
              40.712749536296364
            ],
            [
              -74.07199570257372,
              40.71274014896657
            ],
            [
              -74.07198320135849,
              40.71364046069514
            ],
            [
              -74.07315159442787,
              40.713649848321324
            ],
            [
              -74.07316407990929,
              40.712749536296364
            ]
          ]
        ]
      }
    },
    {
      "id": "429",
      "type": "Feature",
      "properties": {
        "tile_id": 429,
        "average_temperature": 31.9367,
        "min_temperature": 31.9367,
        "max_temperature": 31.9367
      },
      "geometry": {
        "type": "Polygon",
        "coordinates": [
          [
            [
              -74.07199570257372,
              40.71274014896657
            ],
            [
              -74.07082732578911,
              40.712730749813275
            ],
            [
              -74.07081480884013,
              40.71363106124508
            ],
            [
              -74.07198320135849,
              40.71364046069514
            ],
            [
              -74.07199570257372,
              40.71274014896657
            ]
          ]
        ]
      }
    },
    {
      "id": "430",
      "type": "Feature",
      "properties": {
        "tile_id": 430,
        "average_temperature": 31.902,
        "min_temperature": 31.902,
        "max_temperature": 31.902
      },
      "geometry": {
        "type": "Polygon",
        "coordinates": [
          [
            [
              -74.07082732578911,
              40.712730749813275
            ],
            [
              -74.06965894955621,
              40.712721338836516
            ],
            [
              -74.06964641687347,
              40.71362164997118
            ],
            [
              -74.07081480884013,
              40.71363106124508
            ],
            [
              -74.07082732578911,
              40.712730749813275
            ]
          ]
        ]
      }
    },
    {
      "id": "431",
      "type": "Feature",
      "properties": {
        "tile_id": 431,
        "average_temperature": 31.8852,
        "min_temperature": 31.8852,
        "max_temperature": 31.8852
      },
      "geometry": {
        "type": "Polygon",
        "coordinates": [
          [
            [
              -74.06965894955621,
              40.712721338836516
            ],
            [
              -74.06849057387565,
              40.712711916036305
            ],
            [
              -74.0684780254592,
              40.71361222687346
            ],
            [
              -74.06964641687347,
              40.71362164997118
            ],
            [
              -74.06965894955621,
              40.712721338836516
            ]
          ]
        ]
      }
    },
    {
      "id": "432",
      "type": "Feature",
      "properties": {
        "tile_id": 432,
        "average_temperature": 31.8904,
        "min_temperature": 31.8904,
        "max_temperature": 31.8904
      },
      "geometry": {
        "type": "Polygon",
        "coordinates": [
          [
            [
              -74.06849057387565,
              40.712711916036305
            ],
            [
              -74.06732219874817,
              40.712702481412656
            ],
            [
              -74.06730963459805,
              40.713602791951914
            ],
            [
              -74.0684780254592,
              40.71361222687346
            ],
            [
              -74.06849057387565,
              40.712711916036305
            ]
          ]
        ]
      }
    },
    {
      "id": "433",
      "type": "Feature",
      "properties": {
        "tile_id": 433,
        "average_temperature": 31.9217,
        "min_temperature": 31.9217,
        "max_temperature": 31.9217
      },
      "geometry": {
        "type": "Polygon",
        "coordinates": [
          [
            [
              -74.06732219874817,
              40.712702481412656
            ],
            [
              -74.06615382417445,
              40.712693034965575
            ],
            [
              -74.06614124429065,
              40.713593345206576
            ],
            [
              -74.06730963459805,
              40.713602791951914
            ],
            [
              -74.06732219874817,
              40.712702481412656
            ]
          ]
        ]
      }
    },
    {
      "id": "434",
      "type": "Feature",
      "properties": {
        "tile_id": 434,
        "average_temperature": 31.9832,
        "min_temperature": 31.9832,
        "max_temperature": 31.9832
      },
      "geometry": {
        "type": "Polygon",
        "coordinates": [
          [
            [
              -74.06615382417445,
              40.712693034965575
            ],
            [
              -74.06498545015518,
              40.71268357669509
            ],
            [
              -74.06497285453774,
              40.71358388663745
            ],
            [
              -74.06614124429065,
              40.713593345206576
            ],
            [
              -74.06615382417445,
              40.712693034965575
            ]
          ]
        ]
      }
    },
    {
      "id": "435",
      "type": "Feature",
      "properties": {
        "tile_id": 435,
        "average_temperature": 32.0786,
        "min_temperature": 32.0786,
        "max_temperature": 32.0786
      },
      "geometry": {
        "type": "Polygon",
        "coordinates": [
          [
            [
              -74.06498545015519,
              40.71268357669509
            ],
            [
              -74.06381707669105,
              40.71267410660121
            ],
            [
              -74.06380446534001,
              40.713574416244576
            ],
            [
              -74.06497285453774,
              40.71358388663745
            ],
            [
              -74.06498545015519,
              40.71268357669509
            ]
          ]
        ]
      }
    },
    {
      "id": "436",
      "type": "Feature",
      "properties": {
        "tile_id": 436,
        "average_temperature": 32.2105,
        "min_temperature": 32.2105,
        "max_temperature": 32.2105
      },
      "geometry": {
        "type": "Polygon",
        "coordinates": [
          [
            [
              -74.06381707669105,
              40.71267410660121
            ],
            [
              -74.06264870378276,
              40.71266462468397
            ],
            [
              -74.06263607669814,
              40.71356493402794
            ],
            [
              -74.06380446534001,
              40.713574416244576
            ],
            [
              -74.06381707669105,
              40.71267410660121
            ]
          ]
        ]
      }
    },
    {
      "id": "437",
      "type": "Feature",
      "properties": {
        "tile_id": 437,
        "average_temperature": 32.3729,
        "min_temperature": 32.3729,
        "max_temperature": 32.3729
      },
      "geometry": {
        "type": "Polygon",
        "coordinates": [
          [
            [
              -74.06264870378276,
              40.71266462468397
            ],
            [
              -74.061480331431,
              40.71265513094335
            ],
            [
              -74.06146768861284,
              40.71355543998758
            ],
            [
              -74.06263607669814,
              40.71356493402794
            ],
            [
              -74.06264870378276,
              40.71266462468397
            ]
          ]
        ]
      }
    },
    {
      "id": "438",
      "type": "Feature",
      "properties": {
        "tile_id": 438,
        "average_temperature": 32.5579,
        "min_temperature": 32.5579,
        "max_temperature": 32.5579
      },
      "geometry": {
        "type": "Polygon",
        "coordinates": [
          [
            [
              -74.061480331431,
              40.71265513094335
            ],
            [
              -74.06031195963645,
              40.7126456253794
            ],
            [
              -74.06029930108478,
              40.713545934123495
            ],
            [
              -74.06146768861284,
              40.71355543998758
            ],
            [
              -74.061480331431,
              40.71265513094335
            ]
          ]
        ]
      }
    },
    {
      "id": "439",
      "type": "Feature",
      "properties": {
        "tile_id": 439,
        "average_temperature": 32.7573,
        "min_temperature": 32.7573,
        "max_temperature": 32.7573
      },
      "geometry": {
        "type": "Polygon",
        "coordinates": [
          [
            [
              -74.06031195963645,
              40.7126456253794
            ],
            [
              -74.05914358839983,
              40.712636107992125
            ],
            [
              -74.05913091411465,
              40.71353641643571
            ],
            [
              -74.06029930108478,
              40.713545934123495
            ],
            [
              -74.06031195963645,
              40.7126456253794
            ]
          ]
        ]
      }
    },
    {
      "id": "440",
      "type": "Feature",
      "properties": {
        "tile_id": 440,
        "average_temperature": 32.9631,
        "min_temperature": 32.9631,
        "max_temperature": 32.9631
      },
      "geometry": {
        "type": "Polygon",
        "coordinates": [
          [
            [
              -74.05914358839983,
              40.712636107992125
            ],
            [
              -74.05797521772182,
              40.71262657878153
            ],
            [
              -74.05796252770317,
              40.71352688692426
            ],
            [
              -74.05913091411465,
              40.71353641643571
            ],
            [
              -74.05914358839983,
              40.712636107992125
            ]
          ]
        ]
      }
    },
    {
      "id": "441",
      "type": "Feature",
      "properties": {
        "tile_id": 441,
        "average_temperature": 33.1672,
        "min_temperature": 33.1672,
        "max_temperature": 33.1672
      },
      "geometry": {
        "type": "Polygon",
        "coordinates": [
          [
            [
              -74.05797521772182,
              40.71262657878153
            ],
            [
              -74.05680684760311,
              40.71261703774765
            ],
            [
              -74.05679414185103,
              40.71351734558914
            ],
            [
              -74.05796252770317,
              40.71352688692426
            ],
            [
              -74.05797521772182,
              40.71262657878153
            ]
          ]
        ]
      }
    },
    {
      "id": "442",
      "type": "Feature",
      "properties": {
        "tile_id": 442,
        "average_temperature": 33.3614,
        "min_temperature": 33.3614,
        "max_temperature": 33.3614
      },
      "geometry": {
        "type": "Polygon",
        "coordinates": [
          [
            [
              -74.05680684760311,
              40.71261703774765
            ],
            [
              -74.0556384780444,
              40.71260748489049
            ],
            [
              -74.05562575655891,
              40.71350779243035
            ],
            [
              -74.05679414185103,
              40.71351734558914
            ],
            [
              -74.05680684760311,
              40.71261703774765
            ]
          ]
        ]
      }
    },
    {
      "id": "443",
      "type": "Feature",
      "properties": {
        "tile_id": 443,
        "average_temperature": 33.5377,
        "min_temperature": 33.5377,
        "max_temperature": 33.5377
      },
      "geometry": {
        "type": "Polygon",
        "coordinates": [
          [
            [
              -74.0556384780444,
              40.71260748489049
            ],
            [
              -74.05447010904636,
              40.71259792021007
            ],
            [
              -74.05445737182751,
              40.71349822744794
            ],
            [
              -74.05562575655891,
              40.71350779243035
            ],
            [
              -74.0556384780444,
              40.71260748489049
            ]
          ]
        ]
      }
    },
    {
      "id": "444",
      "type": "Feature",
      "properties": {
        "tile_id": 444,
        "average_temperature": 33.6878,
        "min_temperature": 33.6878,
        "max_temperature": 33.6878
      },
      "geometry": {
        "type": "Polygon",
        "coordinates": [
          [
            [
              -74.05447010904636,
              40.71259792021007
            ],
            [
              -74.05330174060973,
              40.712588343706415
            ],
            [
              -74.05328898765751,
              40.713488650641914
            ],
            [
              -74.05445737182751,
              40.71349822744794
            ],
            [
              -74.05447010904636,
              40.71259792021007
            ]
          ]
        ]
      }
    },
    {
      "id": "445",
      "type": "Feature",
      "properties": {
        "tile_id": 445,
        "average_temperature": 33.8041,
        "min_temperature": 33.8041,
        "max_temperature": 33.8041
      },
      "geometry": {
        "type": "Polygon",
        "coordinates": [
          [
            [
              -74.05330174060973,
              40.712588343706415
            ],
            [
              -74.05213337273516,
              40.712578755379525
            ],
            [
              -74.05212060404963,
              40.71347906201229
            ],
            [
              -74.05328898765751,
              40.713488650641914
            ],
            [
              -74.05330174060973,
              40.712588343706415
            ]
          ]
        ]
      }
    },
    {
      "id": "446",
      "type": "Feature",
      "properties": {
        "tile_id": 446,
        "average_temperature": 33.8848,
        "min_temperature": 33.8848,
        "max_temperature": 33.8848
      },
      "geometry": {
        "type": "Polygon",
        "coordinates": [
          [
            [
              -74.05213337273516,
              40.712578755379525
            ],
            [
              -74.05096500542335,
              40.71256915522941
            ],
            [
              -74.05095222100454,
              40.71346946155907
            ],
            [
              -74.05212060404963,
              40.71347906201229
            ],
            [
              -74.05213337273516,
              40.712578755379525
            ]
          ]
        ]
      }
    },
    {
      "id": "447",
      "type": "Feature",
      "properties": {
        "tile_id": 447,
        "average_temperature": 33.9337,
        "min_temperature": 33.9337,
        "max_temperature": 33.9337
      },
      "geometry": {
        "type": "Polygon",
        "coordinates": [
          [
            [
              -74.05096500542335,
              40.71256915522941
            ],
            [
              -74.04979663867502,
              40.71255954325612
            ],
            [
              -74.04978383852294,
              40.71345984928229
            ],
            [
              -74.05095222100454,
              40.71346946155907
            ],
            [
              -74.05096500542335,
              40.71256915522941
            ]
          ]
        ]
      }
    },
    {
      "id": "448",
      "type": "Feature",
      "properties": {
        "tile_id": 448,
        "average_temperature": 32.5884,
        "min_temperature": 32.5884,
        "max_temperature": 32.5884
      },
      "geometry": {
        "type": "Polygon",
        "coordinates": [
          [
            [
              -74.087172353987,
              40.71376157756855
            ],
            [
              -74.08600395435955,
              40.71375233182996
            ],
            [
              -74.0859916413953,
              40.71465264694666
            ],
            [
              -74.0871600567576,
              40.71466189297718
            ],
            [
              -74.087172353987,
              40.71376157756855
            ]
          ]
        ]
      }
    },
    {
      "id": "449",
      "type": "Feature",
      "properties": {
        "tile_id": 449,
        "average_temperature": 32.5929,
        "min_temperature": 32.5929,
        "max_temperature": 32.5929
      },
      "geometry": {
        "type": "Polygon",
        "coordinates": [
          [
            [
              -74.08600395435955,
              40.71375233182996
            ],
            [
              -74.08483555527481,
              40.713743074267306
            ],
            [
              -74.08482322657572,
              40.71464338909171
            ],
            [
              -74.0859916413953,
              40.71465264694666
            ],
            [
              -74.08600395435955,
              40.71375233182996
            ]
          ]
        ]
      }
    },
    {
      "id": "450",
      "type": "Feature",
      "properties": {
        "tile_id": 450,
        "average_temperature": 32.5947,
        "min_temperature": 32.5947,
        "max_temperature": 32.5947
      },
      "geometry": {
        "type": "Polygon",
        "coordinates": [
          [
            [
              -74.08483555527481,
              40.713743074267306
            ],
            [
              -74.08366715673343,
              40.713733804880626
            ],
            [
              -74.08365481229956,
              40.71463411941236
            ],
            [
              -74.08482322657572,
              40.71464338909171
            ],
            [
              -74.08483555527481,
              40.713743074267306
            ]
          ]
        ]
      }
    },
    {
      "id": "451",
      "type": "Feature",
      "properties": {
        "tile_id": 451,
        "average_temperature": 32.593,
        "min_temperature": 32.593,
        "max_temperature": 32.593
      },
      "geometry": {
        "type": "Polygon",
        "coordinates": [
          [
            [
              -74.08366715673343,
              40.713733804880626
            ],
            [
              -74.08249875873614,
              40.71372452366991
            ],
            [
              -74.0824863985675,
              40.71462483790861
            ],
            [
              -74.08365481229956,
              40.71463411941236
            ],
            [
              -74.08366715673343,
              40.713733804880626
            ]
          ]
        ]
      }
    },
    {
      "id": "452",
      "type": "Feature",
      "properties": {
        "tile_id": 452,
        "average_temperature": 32.5871,
        "min_temperature": 32.5871,
        "max_temperature": 32.5871
      },
      "geometry": {
        "type": "Polygon",
        "coordinates": [
          [
            [
              -74.08249875873614,
              40.71372452366991
            ],
            [
              -74.08133036128362,
              40.713715230635195
            ],
            [
              -74.08131798538024,
              40.71461554458048
            ],
            [
              -74.0824863985675,
              40.71462483790861
            ],
            [
              -74.08249875873614,
              40.71372452366991
            ]
          ]
        ]
      }
    },
    {
      "id": "453",
      "type": "Feature",
      "properties": {
        "tile_id": 453,
        "average_temperature": 32.5763,
        "min_temperature": 32.5763,
        "max_temperature": 32.5763
      },
      "geometry": {
        "type": "Polygon",
        "coordinates": [
          [
            [
              -74.08133036128362,
              40.713715230635195
            ],
            [
              -74.08016196437657,
              40.71370592577648
            ],
            [
              -74.08014957273849,
              40.71460623942797
            ],
            [
              -74.08131798538024,
              40.71461554458048
            ],
            [
              -74.08133036128362,
              40.713715230635195
            ]
          ]
        ]
      }
    },
    {
      "id": "454",
      "type": "Feature",
      "properties": {
        "tile_id": 454,
        "average_temperature": 32.5601,
        "min_temperature": 32.5601,
        "max_temperature": 32.5601
      },
      "geometry": {
        "type": "Polygon",
        "coordinates": [
          [
            [
              -74.08016196437657,
              40.71370592577648
            ],
            [
              -74.07899356801568,
              40.71369660909381
            ],
            [
              -74.07898116064291,
              40.71459692245113
            ],
            [
              -74.08014957273849,
              40.71460623942797
            ],
            [
              -74.08016196437657,
              40.71370592577648
            ]
          ]
        ]
      }
    },
    {
      "id": "455",
      "type": "Feature",
      "properties": {
        "tile_id": 455,
        "average_temperature": 32.5377,
        "min_temperature": 32.5377,
        "max_temperature": 32.5377
      },
      "geometry": {
        "type": "Polygon",
        "coordinates": [
          [
            [
              -74.07899356801568,
              40.71369660909381
            ],
            [
              -74.07782517220164,
              40.713687280587166
            ],
            [
              -74.0778127490942,
              40.71458759364995
            ],
            [
              -74.07898116064291,
              40.71459692245113
            ],
            [
              -74.07899356801568,
              40.71369660909381
            ]
          ]
        ]
      }
    },
    {
      "id": "456",
      "type": "Feature",
      "properties": {
        "tile_id": 456,
        "average_temperature": 32.5088,
        "min_temperature": 32.5088,
        "max_temperature": 32.5088
      },
      "geometry": {
        "type": "Polygon",
        "coordinates": [
          [
            [
              -74.07782517220164,
              40.713687280587166
            ],
            [
              -74.07665677693514,
              40.713677940256574
            ],
            [
              -74.07664433809309,
              40.714578253024456
            ],
            [
              -74.0778127490942,
              40.71458759364995
            ],
            [
              -74.07782517220164,
              40.713687280587166
            ]
          ]
        ]
      }
    },
    {
      "id": "457",
      "type": "Feature",
      "properties": {
        "tile_id": 457,
        "average_temperature": 32.4729,
        "min_temperature": 32.4729,
        "max_temperature": 32.4729
      },
      "geometry": {
        "type": "Polygon",
        "coordinates": [
          [
            [
              -74.07665677693514,
              40.713677940256574
            ],
            [
              -74.07548838221689,
              40.71366858810207
            ],
            [
              -74.07547592764024,
              40.71456890057467
            ],
            [
              -74.07664433809309,
              40.714578253024456
            ],
            [
              -74.07665677693514,
              40.713677940256574
            ]
          ]
        ]
      }
    },
    {
      "id": "458",
      "type": "Feature",
      "properties": {
        "tile_id": 458,
        "average_temperature": 32.4295,
        "min_temperature": 32.4295,
        "max_temperature": 32.4295
      },
      "geometry": {
        "type": "Polygon",
        "coordinates": [
          [
            [
              -74.07548838221689,
              40.71366858810207
            ],
            [
              -74.07431998804758,
              40.71365922412364
            ],
            [
              -74.07430751773634,
              40.71455953630059
            ],
            [
              -74.07547592764024,
              40.71456890057467
            ],
            [
              -74.07548838221689,
              40.71366858810207
            ]
          ]
        ]
      }
    },
    {
      "id": "459",
      "type": "Feature",
      "properties": {
        "tile_id": 459,
        "average_temperature": 32.3805,
        "min_temperature": 32.3805,
        "max_temperature": 32.3805
      },
      "geometry": {
        "type": "Polygon",
        "coordinates": [
          [
            [
              -74.07431998804758,
              40.71365922412364
            ],
            [
              -74.07315159442787,
              40.71364984832133
            ],
            [
              -74.0731391083821,
              40.71455016020224
            ],
            [
              -74.07430751773634,
              40.71455953630059
            ],
            [
              -74.07431998804758,
              40.71365922412364
            ]
          ]
        ]
      }
    },
    {
      "id": "460",
      "type": "Feature",
      "properties": {
        "tile_id": 460,
        "average_temperature": 32.3303,
        "min_temperature": 32.3303,
        "max_temperature": 32.3303
      },
      "geometry": {
        "type": "Polygon",
        "coordinates": [
          [
            [
              -74.07315159442787,
              40.71364984832133
            ],
            [
              -74.07198320135849,
              40.71364046069514
            ],
            [
              -74.07197069957822,
              40.714540772279655
            ],
            [
              -74.07313910838211,
              40.71455016020224
            ],
            [
              -74.07315159442787,
              40.71364984832133
            ]
          ]
        ]
      }
    },
    {
      "id": "461",
      "type": "Feature",
      "properties": {
        "tile_id": 461,
        "average_temperature": 32.2839,
        "min_temperature": 32.2839,
        "max_temperature": 32.2839
      },
      "geometry": {
        "type": "Polygon",
        "coordinates": [
          [
            [
              -74.07198320135849,
              40.71364046069514
            ],
            [
              -74.07081480884013,
              40.71363106124509
            ],
            [
              -74.07080229132536,
              40.714531372532825
            ],
            [
              -74.07197069957822,
              40.714540772279655
            ],
            [
              -74.07198320135849,
              40.71364046069514
            ]
          ]
        ]
      }
    },
    {
      "id": "462",
      "type": "Feature",
      "properties": {
        "tile_id": 462,
        "average_temperature": 32.2459,
        "min_temperature": 32.2459,
        "max_temperature": 32.2459
      },
      "geometry": {
        "type": "Polygon",
        "coordinates": [
          [
            [
              -74.07081480884013,
              40.71363106124509
            ],
            [
              -74.06964641687347,
              40.71362164997119
            ],
            [
              -74.06963388362425,
              40.71452196096178
            ],
            [
              -74.07080229132536,
              40.714531372532825
            ],
            [
              -74.07081480884013,
              40.71363106124509
            ]
          ]
        ]
      }
    },
    {
      "id": "463",
      "type": "Feature",
      "properties": {
        "tile_id": 463,
        "average_temperature": 32.2211,
        "min_temperature": 32.2211,
        "max_temperature": 32.2211
      },
      "geometry": {
        "type": "Polygon",
        "coordinates": [
          [
            [
              -74.06964641687347,
              40.71362164997119
            ],
            [
              -74.0684780254592,
              40.713612226873465
            ],
            [
              -74.06846547647555,
              40.71451253756653
            ],
            [
              -74.06963388362425,
              40.71452196096178
            ],
            [
              -74.06964641687347,
              40.71362164997119
            ]
          ]
        ]
      }
    },
    {
      "id": "464",
      "type": "Feature",
      "properties": {
        "tile_id": 464,
        "average_temperature": 32.2143,
        "min_temperature": 32.2143,
        "max_temperature": 32.2143
      },
      "geometry": {
        "type": "Polygon",
        "coordinates": [
          [
            [
              -74.0684780254592,
              40.713612226873465
            ],
            [
              -74.06730963459803,
              40.71360279195192
            ],
            [
              -74.06729706987997,
              40.7145031023471
            ],
            [
              -74.06846547647555,
              40.71451253756653
            ],
            [
              -74.0684780254592,
              40.713612226873465
            ]
          ]
        ]
      }
    },
    {
      "id": "465",
      "type": "Feature",
      "properties": {
        "tile_id": 465,
        "average_temperature": 32.2301,
        "min_temperature": 32.2301,
        "max_temperature": 32.2301
      },
      "geometry": {
        "type": "Polygon",
        "coordinates": [
          [
            [
              -74.06730963459803,
              40.71360279195192
            ],
            [
              -74.06614124429065,
              40.71359334520658
            ],
            [
              -74.06612866383823,
              40.71449365530349
            ],
            [
              -74.06729706987997,
              40.7145031023471
            ],
            [
              -74.06730963459803,
              40.71360279195192
            ]
          ]
        ]
      }
    },
    {
      "id": "466",
      "type": "Feature",
      "properties": {
        "tile_id": 466,
        "average_temperature": 32.2734,
        "min_temperature": 32.2734,
        "max_temperature": 32.2734
      },
      "geometry": {
        "type": "Polygon",
        "coordinates": [
          [
            [
              -74.06614124429065,
              40.71359334520658
            ],
            [
              -74.06497285453774,
              40.71358388663746
            ],
            [
              -74.06496025835098,
              40.714484196435734
            ],
            [
              -74.06612866383823,
              40.71449365530349
            ],
            [
              -74.06614124429065,
              40.71359334520658
            ]
          ]
        ]
      }
    },
    {
      "id": "467",
      "type": "Feature",
      "properties": {
        "tile_id": 467,
        "average_temperature": 32.3486,
        "min_temperature": 32.3486,
        "max_temperature": 32.3486
      },
      "geometry": {
        "type": "Polygon",
        "coordinates": [
          [
            [
              -74.06497285453774,
              40.71358388663746
            ],
            [
              -74.06380446534001,
              40.71357441624458
            ],
            [
              -74.06379185341893,
              40.714474725743834
            ],
            [
              -74.06496025835098,
              40.714484196435734
            ],
            [
              -74.06497285453774,
              40.71358388663746
            ]
          ]
        ]
      }
    },
    {
      "id": "468",
      "type": "Feature",
      "properties": {
        "tile_id": 468,
        "average_temperature": 32.4588,
        "min_temperature": 32.4588,
        "max_temperature": 32.4588
      },
      "geometry": {
        "type": "Polygon",
        "coordinates": [
          [
            [
              -74.06380446534001,
              40.71357441624458
            ],
            [
              -74.06263607669814,
              40.71356493402794
            ],
            [
              -74.06262344904277,
              40.71446524322781
            ],
            [
              -74.06379185341893,
              40.714474725743834
            ],
            [
              -74.06380446534001,
              40.71357441624458
            ]
          ]
        ]
      }
    },
    {
      "id": "469",
      "type": "Feature",
      "properties": {
        "tile_id": 469,
        "average_temperature": 32.5988,
        "min_temperature": 32.5988,
        "max_temperature": 32.5988
      },
      "geometry": {
        "type": "Polygon",
        "coordinates": [
          [
            [
              -74.06263607669814,
              40.71356493402794
            ],
            [
              -74.06146768861284,
              40.71355543998758
            ],
            [
              -74.0614550452232,
              40.71445574888769
            ],
            [
              -74.06262344904277,
              40.71446524322781
            ],
            [
              -74.06263607669814,
              40.71356493402794
            ]
          ]
        ]
      }
    },
    {
      "id": "470",
      "type": "Feature",
      "properties": {
        "tile_id": 470,
        "average_temperature": 32.761,
        "min_temperature": 32.761,
        "max_temperature": 32.761
      },
      "geometry": {
        "type": "Polygon",
        "coordinates": [
          [
            [
              -74.06146768861284,
              40.71355543998758
            ],
            [
              -74.06029930108478,
              40.71354593412351
            ],
            [
              -74.06028664196091,
              40.714446242723476
            ],
            [
              -74.0614550452232,
              40.71445574888769
            ],
            [
              -74.06146768861284,
              40.71355543998758
            ]
          ]
        ]
      }
    },
    {
      "id": "471",
      "type": "Feature",
      "properties": {
        "tile_id": 471,
        "average_temperature": 32.9381,
        "min_temperature": 32.9381,
        "max_temperature": 32.9381
      },
      "geometry": {
        "type": "Polygon",
        "coordinates": [
          [
            [
              -74.06029930108478,
              40.71354593412351
            ],
            [
              -74.05913091411465,
              40.71353641643572
            ],
            [
              -74.05911823925659,
              40.71443672473519
            ],
            [
              -74.06028664196091,
              40.714446242723476
            ],
            [
              -74.06029930108478,
              40.71354593412351
            ]
          ]
        ]
      }
    },
    {
      "id": "472",
      "type": "Feature",
      "properties": {
        "tile_id": 472,
        "average_temperature": 33.1224,
        "min_temperature": 33.1224,
        "max_temperature": 33.1224
      },
      "geometry": {
        "type": "Polygon",
        "coordinates": [
          [
            [
              -74.05913091411465,
              40.71353641643572
            ],
            [
              -74.05796252770317,
              40.71352688692426
            ],
            [
              -74.05794983711094,
              40.71442719492285
            ],
            [
              -74.05911823925659,
              40.71443672473519
            ],
            [
              -74.05913091411465,
              40.71353641643572
            ]
          ]
        ]
      }
    },
    {
      "id": "473",
      "type": "Feature",
      "properties": {
        "tile_id": 473,
        "average_temperature": 33.3064,
        "min_temperature": 33.3064,
        "max_temperature": 33.3064
      },
      "geometry": {
        "type": "Polygon",
        "coordinates": [
          [
            [
              -74.05796252770317,
              40.71352688692426
            ],
            [
              -74.05679414185103,
              40.71351734558914
            ],
            [
              -74.05678143552466,
              40.71441765328646
            ],
            [
              -74.05794983711094,
              40.71442719492285
            ],
            [
              -74.05796252770317,
              40.71352688692426
            ]
          ]
        ]
      }
    },
    {
      "id": "474",
      "type": "Feature",
      "properties": {
        "tile_id": 474,
        "average_temperature": 33.4824,
        "min_temperature": 33.4824,
        "max_temperature": 33.4824
      },
      "geometry": {
        "type": "Polygon",
        "coordinates": [
          [
            [
              -74.05679414185103,
              40.71351734558914
            ],
            [
              -74.05562575655891,
              40.71350779243036
            ],
            [
              -74.0556130344984,
              40.71440809982606
            ],
            [
              -74.05678143552466,
              40.71441765328646
            ],
            [
              -74.05679414185103,
              40.71351734558914
            ]
          ]
        ]
      }
    },
    {
      "id": "475",
      "type": "Feature",
      "properties": {
        "tile_id": 475,
        "average_temperature": 33.6429,
        "min_temperature": 33.6429,
        "max_temperature": 33.6429
      },
      "geometry": {
        "type": "Polygon",
        "coordinates": [
          [
            [
              -74.05562575655891,
              40.71350779243036
            ],
            [
              -74.05445737182751,
              40.71349822744795
            ],
            [
              -74.05444463403293,
              40.71439853454165
            ],
            [
              -74.0556130344984,
              40.71440809982606
            ],
            [
              -74.05562575655891,
              40.71350779243036
            ]
          ]
        ]
      }
    },
    {
      "id": "476",
      "type": "Feature",
      "properties": {
        "tile_id": 476,
        "average_temperature": 33.7801,
        "min_temperature": 33.7801,
        "max_temperature": 33.7801
      },
      "geometry": {
        "type": "Polygon",
        "coordinates": [
          [
            [
              -74.05445737182751,
              40.71349822744795
            ],
            [
              -74.05328898765751,
              40.713488650641914
            ],
            [
              -74.05327623412887,
              40.71438895743324
            ],
            [
              -74.05444463403293,
              40.71439853454165
            ],
            [
              -74.05445737182751,
              40.71349822744795
            ]
          ]
        ]
      }
    },
    {
      "id": "477",
      "type": "Feature",
      "properties": {
        "tile_id": 477,
        "average_temperature": 33.8866,
        "min_temperature": 33.8866,
        "max_temperature": 33.8866
      },
      "geometry": {
        "type": "Polygon",
        "coordinates": [
          [
            [
              -74.05328898765751,
              40.713488650641914
            ],
            [
              -74.05212060404963,
              40.71347906201229
            ],
            [
              -74.05210783478697,
              40.71437936850087
            ],
            [
              -74.05327623412887,
              40.71438895743324
            ],
            [
              -74.05328898765751,
              40.713488650641914
            ]
          ]
        ]
      }
    },
    {
      "id": "478",
      "type": "Feature",
      "properties": {
        "tile_id": 478,
        "average_temperature": 33.9608,
        "min_temperature": 33.9608,
        "max_temperature": 33.9608
      },
      "geometry": {
        "type": "Polygon",
        "coordinates": [
          [
            [
              -74.05212060404963,
              40.71347906201229
            ],
            [
              -74.05095222100454,
              40.71346946155907
            ],
            [
              -74.05093943600788,
              40.714369767744536
            ],
            [
              -74.05210783478697,
              40.71437936850087
            ],
            [
              -74.05212060404963,
              40.71347906201229
            ]
          ]
        ]
      }
    },
    {
      "id": "479",
      "type": "Feature",
      "properties": {
        "tile_id": 479,
        "average_temperature": 34.0062,
        "min_temperature": 34.0062,
        "max_temperature": 34.0062
      },
      "geometry": {
        "type": "Polygon",
        "coordinates": [
          [
            [
              -74.05095222100454,
              40.71346946155907
            ],
            [
              -74.04978383852294,
              40.713459849282295
            ],
            [
              -74.0497710377923,
              40.714360155164265
            ],
            [
              -74.05093943600788,
              40.714369767744536
            ],
            [
              -74.05095222100454,
              40.71346946155907
            ]
          ]
        ]
      }
    },
    {
      "id": "480",
      "type": "Feature",
      "properties": {
        "tile_id": 480,
        "average_temperature": 32.5399,
        "min_temperature": 32.5399,
        "max_temperature": 32.5399
      },
      "geometry": {
        "type": "Polygon",
        "coordinates": [
          [
            [
              -74.0871600567576,
              40.71466189297719
            ],
            [
              -74.0859916413953,
              40.71465264694666
            ],
            [
              -74.08597932787448,
              40.71555296191943
            ],
            [
              -74.08714775897234,
              40.71556220824188
            ],
            [
              -74.0871600567576,
              40.71466189297719
            ]
          ]
        ]
      }
    },
    {
      "id": "481",
      "type": "Feature",
      "properties": {
        "tile_id": 481,
        "average_temperature": 32.5867,
        "min_temperature": 32.5867,
        "max_temperature": 32.5867
      },
      "geometry": {
        "type": "Polygon",
        "coordinates": [
          [
            [
              -74.0859916413953,
              40.71465264694666
            ],
            [
              -74.08482322657572,
              40.71464338909171
            ],
            [
              -74.08481089731937,
              40.715543703772184
            ],
            [
              -74.08597932787448,
              40.71555296191943
            ],
            [
              -74.0859916413953,
              40.71465264694666
            ]
          ]
        ]
      }
    },
    {
      "id": "482",
      "type": "Feature",
      "properties": {
        "tile_id": 482,
        "average_temperature": 32.6343,
        "min_temperature": 32.6343,
        "max_temperature": 32.6343
      },
      "geometry": {
        "type": "Polygon",
        "coordinates": [
          [
            [
              -74.08482322657572,
              40.71464338909171
            ],
            [
              -74.08365481229956,
              40.714634119412366
            ],
            [
              -74.0836424673077,
              40.71553443380014
            ],
            [
              -74.08481089731937,
              40.715543703772184
            ],
            [
              -74.08482322657572,
              40.71464338909171
            ]
          ]
        ]
      }
    },
    {
      "id": "483",
      "type": "Feature",
      "properties": {
        "tile_id": 483,
        "average_temperature": 32.6808,
        "min_temperature": 32.6808,
        "max_temperature": 32.6808
      },
      "geometry": {
        "type": "Polygon",
        "coordinates": [
          [
            [
              -74.08365481229956,
              40.714634119412366
            ],
            [
              -74.0824863985675,
              40.71462483790861
            ],
            [
              -74.08247403784016,
              40.71552515200334
            ],
            [
              -74.0836424673077,
              40.71553443380014
            ],
            [
              -74.08365481229956,
              40.714634119412366
            ]
          ]
        ]
      }
    },
    {
      "id": "484",
      "type": "Feature",
      "properties": {
        "tile_id": 484,
        "average_temperature": 32.7239,
        "min_temperature": 32.7239,
        "max_temperature": 32.7239
      },
      "geometry": {
        "type": "Polygon",
        "coordinates": [
          [
            [
              -74.0824863985675,
              40.71462483790861
            ],
            [
              -74.08131798538024,
              40.71461554458048
            ],
            [
              -74.08130560891745,
              40.71551585838178
            ],
            [
              -74.08247403784016,
              40.71552515200334
            ],
            [
              -74.0824863985675,
              40.71462483790861
            ]
          ]
        ]
      }
    },
    {
      "id": "485",
      "type": "Feature",
      "properties": {
        "tile_id": 485,
        "average_temperature": 32.7617,
        "min_temperature": 32.7617,
        "max_temperature": 32.7617
      },
      "geometry": {
        "type": "Polygon",
        "coordinates": [
          [
            [
              -74.08131798538024,
              40.71461554458048
            ],
            [
              -74.08014957273849,
              40.71460623942798
            ],
            [
              -74.08013718054028,
              40.71550655293548
            ],
            [
              -74.08130560891745,
              40.71551585838178
            ],
            [
              -74.08131798538024,
              40.71461554458048
            ]
          ]
        ]
      }
    },
    {
      "id": "486",
      "type": "Feature",
      "properties": {
        "tile_id": 486,
        "average_temperature": 32.7922,
        "min_temperature": 32.7922,
        "max_temperature": 32.7922
      },
      "geometry": {
        "type": "Polygon",
        "coordinates": [
          [
            [
              -74.08014957273849,
              40.71460623942798
            ],
            [
              -74.07898116064291,
              40.714596922451136
            ],
            [
              -74.07896875270932,
              40.71549723566447
            ],
            [
              -74.08013718054028,
              40.71550655293548
            ],
            [
              -74.08014957273849,
              40.71460623942798
            ]
          ]
        ]
      }
    },
    {
      "id": "487",
      "type": "Feature",
      "properties": {
        "tile_id": 487,
        "average_temperature": 32.8136,
        "min_temperature": 32.8136,
        "max_temperature": 32.8136
      },
      "geometry": {
        "type": "Polygon",
        "coordinates": [
          [
            [
              -74.07898116064291,
              40.714596922451136
            ],
            [
              -74.0778127490942,
              40.71458759364996
            ],
            [
              -74.07780032542524,
              40.715487906568754
            ],
            [
              -74.07896875270932,
              40.71549723566447
            ],
            [
              -74.07898116064291,
              40.714596922451136
            ]
          ]
        ]
      }
    },
    {
      "id": "488",
      "type": "Feature",
      "properties": {
        "tile_id": 488,
        "average_temperature": 32.824,
        "min_temperature": 32.824,
        "max_temperature": 32.824
      },
      "geometry": {
        "type": "Polygon",
        "coordinates": [
          [
            [
              -74.0778127490942,
              40.71458759364996
            ],
            [
              -74.07664433809309,
              40.71457825302446
            ],
            [
              -74.07663189868879,
              40.71547856564834
            ],
            [
              -74.07780032542524,
              40.715487906568754
            ],
            [
              -74.0778127490942,
              40.71458759364996
            ]
          ]
        ]
      }
    },
    {
      "id": "489",
      "type": "Feature",
      "properties": {
        "tile_id": 489,
        "average_temperature": 32.8216,
        "min_temperature": 32.8216,
        "max_temperature": 32.8216
      },
      "geometry": {
        "type": "Polygon",
        "coordinates": [
          [
            [
              -74.07664433809309,
              40.71457825302446
            ],
            [
              -74.07547592764024,
              40.714568900574676
            ],
            [
              -74.07546347250063,
              40.71546921290325
            ],
            [
              -74.07663189868879,
              40.71547856564834
            ],
            [
              -74.07664433809309,
              40.71457825302446
            ]
          ]
        ]
      }
    },
    {
      "id": "490",
      "type": "Feature",
      "properties": {
        "tile_id": 490,
        "average_temperature": 32.8047,
        "min_temperature": 32.8047,
        "max_temperature": 32.8047
      },
      "geometry": {
        "type": "Polygon",
        "coordinates": [
          [
            [
              -74.07547592764024,
              40.714568900574676
            ],
            [
              -74.07430751773634,
              40.714559536300605
            ],
            [
              -74.07429504686145,
              40.715459848333516
            ],
            [
              -74.07546347250063,
              40.71546921290325
            ],
            [
              -74.07547592764024,
              40.714568900574676
            ]
          ]
        ]
      }
    },
    {
      "id": "491",
      "type": "Feature",
      "properties": {
        "tile_id": 491,
        "average_temperature": 32.7744,
        "min_temperature": 32.7744,
        "max_temperature": 32.7744
      },
      "geometry": {
        "type": "Polygon",
        "coordinates": [
          [
            [
              -74.07430751773634,
              40.714559536300605
            ],
            [
              -74.0731391083821,
              40.71455016020226
            ],
            [
              -74.07312662177196,
              40.71545047193914
            ],
            [
              -74.07429504686145,
              40.715459848333516
            ],
            [
              -74.07430751773634,
              40.714559536300605
            ]
          ]
        ]
      }
    },
    {
      "id": "492",
      "type": "Feature",
      "properties": {
        "tile_id": 492,
        "average_temperature": 32.7358,
        "min_temperature": 32.7358,
        "max_temperature": 32.7358
      },
      "geometry": {
        "type": "Polygon",
        "coordinates": [
          [
            [
              -74.07313910838211,
              40.71455016020226
            ],
            [
              -74.07197069957822,
              40.71454077227966
            ],
            [
              -74.07195819723285,
              40.715441083720144
            ],
            [
              -74.07312662177196,
              40.71545047193914
            ],
            [
              -74.07313910838211,
              40.71455016020226
            ]
          ]
        ]
      }
    },
    {
      "id": "493",
      "type": "Feature",
      "properties": {
        "tile_id": 493,
        "average_temperature": 32.6939,
        "min_temperature": 32.6939,
        "max_temperature": 32.6939
      },
      "geometry": {
        "type": "Polygon",
        "coordinates": [
          [
            [
              -74.07197069957822,
              40.71454077227966
            ],
            [
              -74.07080229132536,
              40.71453137253284
            ],
            [
              -74.07078977324478,
              40.71543168367653
            ],
            [
              -74.07195819723285,
              40.715441083720144
            ],
            [
              -74.07197069957822,
              40.71454077227966
            ]
          ]
        ]
      }
    },
    {
      "id": "494",
      "type": "Feature",
      "properties": {
        "tile_id": 494,
        "average_temperature": 32.654,
        "min_temperature": 32.654,
        "max_temperature": 32.654
      },
      "geometry": {
        "type": "Polygon",
        "coordinates": [
          [
            [
              -74.07080229132536,
              40.71453137253284
            ],
            [
              -74.06963388362425,
              40.71452196096179
            ],
            [
              -74.06962134980851,
              40.715422271808315
            ],
            [
              -74.07078977324478,
              40.71543168367653
            ],
            [
              -74.07080229132536,
              40.71453137253284
            ]
          ]
        ]
      }
    },
    {
      "id": "495",
      "type": "Feature",
      "properties": {
        "tile_id": 495,
        "average_temperature": 32.6213,
        "min_temperature": 32.6213,
        "max_temperature": 32.6213
      },
      "geometry": {
        "type": "Polygon",
        "coordinates": [
          [
            [
              -74.06963388362425,
              40.71452196096179
            ],
            [
              -74.06846547647555,
              40.714512537566534
            ],
            [
              -74.06845292692466,
              40.71541284811555
            ],
            [
              -74.06962134980851,
              40.715422271808315
            ],
            [
              -74.06963388362425,
              40.71452196096179
            ]
          ]
        ]
      }
    },
    {
      "id": "496",
      "type": "Feature",
      "properties": {
        "tile_id": 496,
        "average_temperature": 32.601,
        "min_temperature": 32.601,
        "max_temperature": 32.601
      },
      "geometry": {
        "type": "Polygon",
        "coordinates": [
          [
            [
              -74.06846547647555,
              40.714512537566534
            ],
            [
              -74.06729706987997,
              40.7145031023471
            ],
            [
              -74.06728450459399,
              40.7154034125982
            ],
            [
              -74.06845292692466,
              40.71541284811555
            ],
            [
              -74.06846547647555,
              40.714512537566534
            ]
          ]
        ]
      }
    },
    {
      "id": "497",
      "type": "Feature",
      "properties": {
        "tile_id": 497,
        "average_temperature": 32.5982,
        "min_temperature": 32.5982,
        "max_temperature": 32.5982
      },
      "geometry": {
        "type": "Polygon",
        "coordinates": [
          [
            [
              -74.06729706987997,
              40.7145031023471
            ],
            [
              -74.06612866383823,
              40.71449365530349
            ],
            [
              -74.06611608281715,
              40.71539396525632
            ],
            [
              -74.06728450459399,
              40.7154034125982
            ],
            [
              -74.06729706987997,
              40.7145031023471
            ]
          ]
        ]
      }
    },
    {
      "id": "498",
      "type": "Feature",
      "properties": {
        "tile_id": 498,
        "average_temperature": 32.6182,
        "min_temperature": 32.6182,
        "max_temperature": 32.6182
      },
      "geometry": {
        "type": "Polygon",
        "coordinates": [
          [
            [
              -74.06612866383823,
              40.71449365530349
            ],
            [
              -74.06496025835098,
              40.71448419643574
            ],
            [
              -74.06494766159484,
              40.71538450608992
            ],
            [
              -74.06611608281715,
              40.71539396525632
            ],
            [
              -74.06612866383823,
              40.71449365530349
            ]
          ]
        ]
      }
    },
    {
      "id": "499",
      "type": "Feature",
      "properties": {
        "tile_id": 499,
        "average_temperature": 32.666,
        "min_temperature": 32.666,
        "max_temperature": 32.666
      },
      "geometry": {
        "type": "Polygon",
        "coordinates": [
          [
            [
              -74.06496025835098,
              40.71448419643574
            ],
            [
              -74.06379185341893,
              40.71447472574384
            ],
            [
              -74.06377924092777,
              40.715375035098994
            ],
            [
              -74.06494766159484,
              40.71538450608992
            ],
            [
              -74.06496025835098,
              40.71448419643574
            ]
          ]
        ]
      }
    },
    {
      "id": "500",
      "type": "Feature",
      "properties": {
        "tile_id": 500,
        "average_temperature": 32.745,
        "min_temperature": 32.745,
        "max_temperature": 32.745
      },
      "geometry": {
        "type": "Polygon",
        "coordinates": [
          [
            [
              -74.06379185341893,
              40.71447472574384
            ],
            [
              -74.06262344904277,
              40.714465243227814
            ],
            [
              -74.06261082081662,
              40.71536555228357
            ],
            [
              -74.06377924092777,
              40.715375035098994
            ],
            [
              -74.06379185341893,
              40.71447472574384
            ]
          ]
        ]
      }
    },
    {
      "id": "501",
      "type": "Feature",
      "properties": {
        "tile_id": 501,
        "average_temperature": 32.851,
        "min_temperature": 32.851,
        "max_temperature": 32.851
      },
      "geometry": {
        "type": "Polygon",
        "coordinates": [
          [
            [
              -74.06262344904277,
              40.714465243227814
            ],
            [
              -74.0614550452232,
              40.714455748887694
            ],
            [
              -74.06144240126207,
              40.71535605764368
            ],
            [
              -74.06261082081662,
              40.71536555228357
            ],
            [
              -74.06262344904277,
              40.714465243227814
            ]
          ]
        ]
      }
    },
    {
      "id": "502",
      "type": "Feature",
      "properties": {
        "tile_id": 502,
        "average_temperature": 32.9777,
        "min_temperature": 32.9777,
        "max_temperature": 32.9777
      },
      "geometry": {
        "type": "Polygon",
        "coordinates": [
          [
            [
              -74.0614550452232,
              40.714455748887694
            ],
            [
              -74.0602866419609,
              40.71444624272348
            ],
            [
              -74.06027398226485,
              40.71534655117932
            ],
            [
              -74.06144240126207,
              40.71535605764368
            ],
            [
              -74.0614550452232,
              40.714455748887694
            ]
          ]
        ]
      }
    },
    {
      "id": "503",
      "type": "Feature",
      "properties": {
        "tile_id": 503,
        "average_temperature": 33.1186,
        "min_temperature": 33.1186,
        "max_temperature": 33.1186
      },
      "geometry": {
        "type": "Polygon",
        "coordinates": [
          [
            [
              -74.0602866419609,
              40.71444624272348
            ],
            [
              -74.05911823925659,
              40.714436724735194
            ],
            [
              -74.05910556382561,
              40.715337032890524
            ],
            [
              -74.06027398226485,
              40.71534655117932
            ],
            [
              -74.0602866419609,
              40.71444624272348
            ]
          ]
        ]
      }
    },
    {
      "id": "504",
      "type": "Feature",
      "properties": {
        "tile_id": 504,
        "average_temperature": 33.2673,
        "min_temperature": 33.2673,
        "max_temperature": 33.2673
      },
      "geometry": {
        "type": "Polygon",
        "coordinates": [
          [
            [
              -74.05911823925659,
              40.714436724735194
            ],
            [
              -74.05794983711094,
              40.714427194922855
            ],
            [
              -74.05793714594508,
              40.71532750277729
            ],
            [
              -74.05910556382561,
              40.715337032890524
            ],
            [
              -74.05911823925659,
              40.714436724735194
            ]
          ]
        ]
      }
    },
    {
      "id": "505",
      "type": "Feature",
      "properties": {
        "tile_id": 505,
        "average_temperature": 33.4172,
        "min_temperature": 33.4172,
        "max_temperature": 33.4172
      },
      "geometry": {
        "type": "Polygon",
        "coordinates": [
          [
            [
              -74.05794983711094,
              40.714427194922855
            ],
            [
              -74.05678143552466,
              40.71441765328647
            ],
            [
              -74.05676872862394,
              40.71531796083965
            ],
            [
              -74.05793714594508,
              40.71532750277729
            ],
            [
              -74.05794983711094,
              40.714427194922855
            ]
          ]
        ]
      }
    },
    {
      "id": "506",
      "type": "Feature",
      "properties": {
        "tile_id": 506,
        "average_temperature": 33.5616,
        "min_temperature": 33.5616,
        "max_temperature": 33.5616
      },
      "geometry": {
        "type": "Polygon",
        "coordinates": [
          [
            [
              -74.05678143552466,
              40.71441765328647
            ],
            [
              -74.0556130344984,
              40.714408099826066
            ],
            [
              -74.05560031186288,
              40.715308407077615
            ],
            [
              -74.05676872862394,
              40.71531796083965
            ],
            [
              -74.05678143552466,
              40.71441765328647
            ]
          ]
        ]
      }
    },
    {
      "id": "507",
      "type": "Feature",
      "properties": {
        "tile_id": 507,
        "average_temperature": 33.6941,
        "min_temperature": 33.6941,
        "max_temperature": 33.6941
      },
      "geometry": {
        "type": "Polygon",
        "coordinates": [
          [
            [
              -74.0556130344984,
              40.714408099826066
            ],
            [
              -74.05444463403293,
              40.71439853454165
            ],
            [
              -74.05443189566259,
              40.7152988414912
            ],
            [
              -74.05560031186288,
              40.715308407077615
            ],
            [
              -74.0556130344984,
              40.714408099826066
            ]
          ]
        ]
      }
    },
    {
      "id": "508",
      "type": "Feature",
      "properties": {
        "tile_id": 508,
        "average_temperature": 33.8079,
        "min_temperature": 33.8079,
        "max_temperature": 33.8079
      },
      "geometry": {
        "type": "Polygon",
        "coordinates": [
          [
            [
              -74.05444463403293,
              40.71439853454165
            ],
            [
              -74.05327623412887,
              40.71438895743325
            ],
            [
              -74.05326348002377,
              40.71528926408041
            ],
            [
              -74.05443189566259,
              40.7152988414912
            ],
            [
              -74.05444463403293,
              40.71439853454165
            ]
          ]
        ]
      }
    },
    {
      "id": "509",
      "type": "Feature",
      "properties": {
        "tile_id": 509,
        "average_temperature": 33.8966,
        "min_temperature": 33.8966,
        "max_temperature": 33.8966
      },
      "geometry": {
        "type": "Polygon",
        "coordinates": [
          [
            [
              -74.05327623412887,
              40.71438895743325
            ],
            [
              -74.05210783478697,
              40.71437936850087
            ],
            [
              -74.05209506494711,
              40.71527967484528
            ],
            [
              -74.05326348002377,
              40.71528926408041
            ],
            [
              -74.05327623412887,
              40.71438895743325
            ]
          ]
        ]
      }
    },
    {
      "id": "510",
      "type": "Feature",
      "properties": {
        "tile_id": 510,
        "average_temperature": 33.9586,
        "min_temperature": 33.9586,
        "max_temperature": 33.9586
      },
      "geometry": {
        "type": "Polygon",
        "coordinates": [
          [
            [
              -74.05210783478697,
              40.71437936850087
            ],
            [
              -74.05093943600787,
              40.71436976774455
            ],
            [
              -74.0509266504333,
              40.71527007378582
            ],
            [
              -74.05209506494711,
              40.71527967484528
            ],
            [
              -74.05210783478697,
              40.71437936850087
            ]
          ]
        ]
      }
    },
    {
      "id": "511",
      "type": "Feature",
      "properties": {
        "tile_id": 511,
        "average_temperature": 33.9967,
        "min_temperature": 33.9967,
        "max_temperature": 33.9967
      },
      "geometry": {
        "type": "Polygon",
        "coordinates": [
          [
            [
              -74.05093943600787,
              40.71436976774455
            ],
            [
              -74.0497710377923,
              40.71436015516428
            ],
            [
              -74.04975823648306,
              40.71526046090204
            ],
            [
              -74.0509266504333,
              40.71527007378582
            ],
            [
              -74.05093943600787,
              40.71436976774455
            ]
          ]
        ]
      }
    },
    {
      "id": "512",
      "type": "Feature",
      "properties": {
        "tile_id": 512,
        "average_temperature": 32.5159,
        "min_temperature": 32.5159,
        "max_temperature": 32.5159
      },
      "geometry": {
        "type": "Polygon",
        "coordinates": [
          [
            [
              -74.08714775897234,
              40.715562208241884
            ],
            [
              -74.08597932787448,
              40.715552961919435
            ],
            [
              -74.08596701379706,
              40.716453276748226
            ],
            [
              -74.08713546063119,
              40.716462523362615
            ],
            [
              -74.08714775897234,
              40.715562208241884
            ]
          ]
        ]
      }
    },
    {
      "id": "513",
      "type": "Feature",
      "properties": {
        "tile_id": 513,
        "average_temperature": 32.6031,
        "min_temperature": 32.6031,
        "max_temperature": 32.6031
      },
      "geometry": {
        "type": "Polygon",
        "coordinates": [
          [
            [
              -74.08597932787448,
              40.715552961919435
            ],
            [
              -74.08481089731937,
              40.71554370377219
            ],
            [
              -74.08479856750571,
              40.716444018308664
            ],
            [
              -74.08596701379706,
              40.716453276748226
            ],
            [
              -74.08597932787448,
              40.715552961919435
            ]
          ]
        ]
      }
    },
    {
      "id": "514",
      "type": "Feature",
      "properties": {
        "tile_id": 514,
        "average_temperature": 32.6947,
        "min_temperature": 32.6947,
        "max_temperature": 32.6947
      },
      "geometry": {
        "type": "Polygon",
        "coordinates": [
          [
            [
              -74.08481089731937,
              40.71554370377219
            ],
            [
              -74.0836424673077,
              40.71553443380015
            ],
            [
              -74.08363012175784,
              40.71643474804395
            ],
            [
              -74.08479856750571,
              40.716444018308664
            ],
            [
              -74.08481089731937,
              40.71554370377219
            ]
          ]
        ]
      }
    },
    {
      "id": "515",
      "type": "Feature",
      "properties": {
        "tile_id": 515,
        "average_temperature": 32.7873,
        "min_temperature": 32.7873,
        "max_temperature": 32.7873
      },
      "geometry": {
        "type": "Polygon",
        "coordinates": [
          [
            [
              -74.0836424673077,
              40.71553443380015
            ],
            [
              -74.08247403784016,
              40.715525152003345
            ],
            [
              -74.0824616765541,
              40.71642546595409
            ],
            [
              -74.08363012175784,
              40.71643474804395
            ],
            [
              -74.0836424673077,
              40.71553443380015
            ]
          ]
        ]
      }
    },
    {
      "id": "516",
      "type": "Feature",
      "properties": {
        "tile_id": 516,
        "average_temperature": 32.8778,
        "min_temperature": 32.8778,
        "max_temperature": 32.8778
      },
      "geometry": {
        "type": "Polygon",
        "coordinates": [
          [
            [
              -74.08247403784016,
              40.715525152003345
            ],
            [
              -74.08130560891745,
              40.715515858381785
            ],
            [
              -74.08129323189524,
              40.7164161720391
            ],
            [
              -74.0824616765541,
              40.71642546595409
            ],
            [
              -74.08247403784016,
              40.715525152003345
            ]
          ]
        ]
      }
    },
    {
      "id": "517",
      "type": "Feature",
      "properties": {
        "tile_id": 517,
        "average_temperature": 32.9627,
        "min_temperature": 32.9627,
        "max_temperature": 32.9627
      },
      "geometry": {
        "type": "Polygon",
        "coordinates": [
          [
            [
              -74.08130560891745,
              40.715515858381785
            ],
            [
              -74.08013718054028,
              40.71550655293549
            ],
            [
              -74.08012478778193,
              40.716406866298996
            ],
            [
              -74.08129323189524,
              40.7164161720391
            ],
            [
              -74.08130560891745,
              40.715515858381785
            ]
          ]
        ]
      }
    },
    {
      "id": "518",
      "type": "Feature",
      "properties": {
        "tile_id": 518,
        "average_temperature": 33.0389,
        "min_temperature": 33.0389,
        "max_temperature": 33.0389
      },
      "geometry": {
        "type": "Polygon",
        "coordinates": [
          [
            [
              -74.08013718054028,
              40.71550655293549
            ],
            [
              -74.07896875270932,
              40.71549723566448
            ],
            [
              -74.07895634421484,
              40.7163975487338
            ],
            [
              -74.08012478778193,
              40.716406866298996
            ],
            [
              -74.08013718054028,
              40.71550655293549
            ]
          ]
        ]
      }
    },
    {
      "id": "519",
      "type": "Feature",
      "properties": {
        "tile_id": 519,
        "average_temperature": 33.1032,
        "min_temperature": 33.1032,
        "max_temperature": 33.1032
      },
      "geometry": {
        "type": "Polygon",
        "coordinates": [
          [
            [
              -74.07896875270932,
              40.71549723566448
            ],
            [
              -74.07780032542524,
              40.71548790656876
            ],
            [
              -74.07778790119471,
              40.716388219343536
            ],
            [
              -74.07895634421484,
              40.7163975487338
            ],
            [
              -74.07896875270932,
              40.71549723566448
            ]
          ]
        ]
      }
    },
    {
      "id": "520",
      "type": "Feature",
      "properties": {
        "tile_id": 520,
        "average_temperature": 33.1525,
        "min_temperature": 33.1525,
        "max_temperature": 33.1525
      },
      "geometry": {
        "type": "Polygon",
        "coordinates": [
          [
            [
              -74.07780032542524,
              40.71548790656876
            ],
            [
              -74.07663189868879,
              40.715478565648354
            ],
            [
              -74.0766194587222,
              40.7163788781282
            ],
            [
              -74.07778790119471,
              40.716388219343536
            ],
            [
              -74.07780032542524,
              40.71548790656876
            ]
          ]
        ]
      }
    },
    {
      "id": "521",
      "type": "Feature",
      "properties": {
        "tile_id": 521,
        "average_temperature": 33.1836,
        "min_temperature": 33.1836,
        "max_temperature": 33.1836
      },
      "geometry": {
        "type": "Polygon",
        "coordinates": [
          [
            [
              -74.07663189868879,
              40.715478565648354
            ],
            [
              -74.07546347250063,
              40.715469212903265
            ],
            [
              -74.07545101679803,
              40.71636952508782
            ],
            [
              -74.0766194587222,
              40.7163788781282
            ],
            [
              -74.07663189868879,
              40.715478565648354
            ]
          ]
        ]
      }
    },
    {
      "id": "522",
      "type": "Feature",
      "properties": {
        "tile_id": 522,
        "average_temperature": 33.1938,
        "min_temperature": 33.1938,
        "max_temperature": 33.1938
      },
      "geometry": {
        "type": "Polygon",
        "coordinates": [
          [
            [
              -74.07546347250063,
              40.715469212903265
            ],
            [
              -74.07429504686145,
              40.71545984833352
            ],
            [
              -74.07428257542286,
              40.71636016022241
            ],
            [
              -74.07545101679803,
              40.71636952508782
            ],
            [
              -74.07546347250063,
              40.715469212903265
            ]
          ]
        ]
      }
    },
    {
      "id": "523",
      "type": "Feature",
      "properties": {
        "tile_id": 523,
        "average_temperature": 33.1834,
        "min_temperature": 33.1834,
        "max_temperature": 33.1834
      },
      "geometry": {
        "type": "Polygon",
        "coordinates": [
          [
            [
              -74.07429504686145,
              40.71545984833352
            ],
            [
              -74.07312662177196,
              40.71545047193914
            ],
            [
              -74.07311413459739,
              40.71635078353198
            ],
            [
              -74.07428257542286,
              40.71636016022241
            ],
            [
              -74.07429504686145,
              40.71545984833352
            ]
          ]
        ]
      }
    },
    {
      "id": "524",
      "type": "Feature",
      "properties": {
        "tile_id": 524,
        "average_temperature": 33.1574,
        "min_temperature": 33.1574,
        "max_temperature": 33.1574
      },
      "geometry": {
        "type": "Polygon",
        "coordinates": [
          [
            [
              -74.07312662177196,
              40.71545047193914
            ],
            [
              -74.07195819723285,
              40.715441083720144
            ],
            [
              -74.07194569432234,
              40.71634139501657
            ],
            [
              -74.0731141345974,
              40.71635078353198
            ],
            [
              -74.07312662177196,
              40.71545047193914
            ]
          ]
        ]
      }
    },
    {
      "id": "525",
      "type": "Feature",
      "properties": {
        "tile_id": 525,
        "average_temperature": 33.1215,
        "min_temperature": 33.1215,
        "max_temperature": 33.1215
      },
      "geometry": {
        "type": "Polygon",
        "coordinates": [
          [
            [
              -74.07195819723285,
              40.715441083720144
            ],
            [
              -74.07078977324478,
              40.715431683676535
            ],
            [
              -74.0707772545984,
              40.71633199467616
            ],
            [
              -74.07194569432234,
              40.71634139501657
            ],
            [
              -74.07195819723285,
              40.715441083720144
            ]
          ]
        ]
      }
    },
    {
      "id": "526",
      "type": "Feature",
      "properties": {
        "tile_id": 526,
        "average_temperature": 33.0808,
        "min_temperature": 33.0808,
        "max_temperature": 33.0808
      },
      "geometry": {
        "type": "Polygon",
        "coordinates": [
          [
            [
              -74.07078977324478,
              40.715431683676535
            ],
            [
              -74.06962134980851,
              40.71542227180832
            ],
            [
              -74.06960881542622,
              40.7163225825108
            ],
            [
              -74.0707772545984,
              40.71633199467616
            ],
            [
              -74.07078977324478,
              40.715431683676535
            ]
          ]
        ]
      }
    },
    {
      "id": "527",
      "type": "Feature",
      "properties": {
        "tile_id": 527,
        "average_temperature": 33.041,
        "min_temperature": 33.041,
        "max_temperature": 33.041
      },
      "geometry": {
        "type": "Polygon",
        "coordinates": [
          [
            [
              -74.06962134980851,
              40.71542227180832
            ],
            [
              -74.06845292692466,
              40.715412848115555
            ],
            [
              -74.06844037680654,
              40.71631315852048
            ],
            [
              -74.06960881542622,
              40.7163225825108
            ],
            [
              -74.06962134980851,
              40.71542227180832
            ]
          ]
        ]
      }
    },
    {
      "id": "528",
      "type": "Feature",
      "properties": {
        "tile_id": 528,
        "average_temperature": 33.0073,
        "min_temperature": 33.0073,
        "max_temperature": 33.0073
      },
      "geometry": {
        "type": "Polygon",
        "coordinates": [
          [
            [
              -74.06845292692466,
              40.715412848115555
            ],
            [
              -74.06728450459399,
              40.71540341259821
            ],
            [
              -74.06727193874003,
              40.716303722705234
            ],
            [
              -74.06844037680654,
              40.71631315852048
            ],
            [
              -74.06845292692466,
              40.715412848115555
            ]
          ]
        ]
      }
    },
    {
      "id": "529",
      "type": "Feature",
      "properties": {
        "tile_id": 529,
        "average_temperature": 32.9852,
        "min_temperature": 32.9852,
        "max_temperature": 32.9852
      },
      "geometry": {
        "type": "Polygon",
        "coordinates": [
          [
            [
              -74.06728450459399,
              40.71540341259821
            ],
            [
              -74.06611608281715,
              40.71539396525633
            ],
            [
              -74.0661035012274,
              40.71629427506506
            ],
            [
              -74.06727193874003,
              40.716303722705234
            ],
            [
              -74.06728450459399,
              40.71540341259821
            ]
          ]
        ]
      }
    },
    {
      "id": "530",
      "type": "Feature",
      "properties": {
        "tile_id": 530,
        "average_temperature": 32.9801,
        "min_temperature": 32.9801,
        "max_temperature": 32.9801
      },
      "geometry": {
        "type": "Polygon",
        "coordinates": [
          [
            [
              -74.06611608281715,
              40.71539396525633
            ],
            [
              -74.06494766159484,
              40.71538450608992
            ],
            [
              -74.06493506426932,
              40.716284815599984
            ],
            [
              -74.0661035012274,
              40.71629427506506
            ],
            [
              -74.06611608281715,
              40.71539396525633
            ]
          ]
        ]
      }
    },
    {
      "id": "531",
      "type": "Feature",
      "properties": {
        "tile_id": 531,
        "average_temperature": 32.9973,
        "min_temperature": 32.9973,
        "max_temperature": 32.9973
      },
      "geometry": {
        "type": "Polygon",
        "coordinates": [
          [
            [
              -74.06494766159484,
              40.71538450608992
            ],
            [
              -74.06377924092777,
              40.715375035099
            ],
            [
              -74.06376662786651,
              40.71627534431004
            ],
            [
              -74.06493506426932,
              40.716284815599984
            ],
            [
              -74.06494766159484,
              40.71538450608992
            ]
          ]
        ]
      }
    },
    {
      "id": "532",
      "type": "Feature",
      "properties": {
        "tile_id": 532,
        "average_temperature": 33.0407,
        "min_temperature": 33.0407,
        "max_temperature": 33.0407
      },
      "geometry": {
        "type": "Polygon",
        "coordinates": [
          [
            [
              -74.06377924092777,
              40.715375035099
            ],
            [
              -74.06261082081662,
              40.71536555228358
            ],
            [
              -74.06259819201965,
              40.71626586119522
            ],
            [
              -74.06376662786651,
              40.71627534431004
            ],
            [
              -74.06377924092777,
              40.715375035099
            ]
          ]
        ]
      }
    },
    {
      "id": "533",
      "type": "Feature",
      "properties": {
        "tile_id": 533,
        "average_temperature": 33.1071,
        "min_temperature": 33.1071,
        "max_temperature": 33.1071
      },
      "geometry": {
        "type": "Polygon",
        "coordinates": [
          [
            [
              -74.06261082081662,
              40.71536555228358
            ],
            [
              -74.06144240126207,
              40.715356057643696
            ],
            [
              -74.06142975672942,
              40.71625636625556
            ],
            [
              -74.06259819201965,
              40.71626586119522
            ],
            [
              -74.06261082081662,
              40.71536555228358
            ]
          ]
        ]
      }
    },
    {
      "id": "534",
      "type": "Feature",
      "properties": {
        "tile_id": 534,
        "average_temperature": 33.1915,
        "min_temperature": 33.1915,
        "max_temperature": 33.1915
      },
      "geometry": {
        "type": "Polygon",
        "coordinates": [
          [
            [
              -74.06144240126207,
              40.715356057643696
            ],
            [
              -74.06027398226485,
              40.71534655117933
            ],
            [
              -74.06026132199655,
              40.71624685949105
            ],
            [
              -74.06142975672942,
              40.71625636625556
            ],
            [
              -74.06144240126207,
              40.715356057643696
            ]
          ]
        ]
      }
    },
    {
      "id": "535",
      "type": "Feature",
      "properties": {
        "tile_id": 535,
        "average_temperature": 33.289,
        "min_temperature": 33.289,
        "max_temperature": 33.289
      },
      "geometry": {
        "type": "Polygon",
        "coordinates": [
          [
            [
              -74.06027398226485,
              40.71534655117933
            ],
            [
              -74.05910556382561,
              40.71533703289054
            ],
            [
              -74.05909288782169,
              40.71623734090171
            ],
            [
              -74.06026132199655,
              40.71624685949105
            ],
            [
              -74.06027398226485,
              40.71534655117933
            ]
          ]
        ]
      }
    },
    {
      "id": "536",
      "type": "Feature",
      "properties": {
        "tile_id": 536,
        "average_temperature": 33.3943,
        "min_temperature": 33.3943,
        "max_temperature": 33.3943
      },
      "geometry": {
        "type": "Polygon",
        "coordinates": [
          [
            [
              -74.05910556382561,
              40.71533703289054
            ],
            [
              -74.05793714594508,
              40.7153275027773
            ],
            [
              -74.05792445420556,
              40.716227810487595
            ],
            [
              -74.05909288782169,
              40.71623734090171
            ],
            [
              -74.05910556382561,
              40.71533703289054
            ]
          ]
        ]
      }
    },
    {
      "id": "537",
      "type": "Feature",
      "properties": {
        "tile_id": 537,
        "average_temperature": 33.5024,
        "min_temperature": 33.5024,
        "max_temperature": 33.5024
      },
      "geometry": {
        "type": "Polygon",
        "coordinates": [
          [
            [
              -74.05793714594508,
              40.7153275027773
            ],
            [
              -74.05676872862394,
              40.715317960839656
            ],
            [
              -74.05675602114886,
              40.71621826824868
            ],
            [
              -74.05792445420556,
              40.716227810487595
            ],
            [
              -74.05793714594508,
              40.7153275027773
            ]
          ]
        ]
      }
    },
    {
      "id": "538",
      "type": "Feature",
      "properties": {
        "tile_id": 538,
        "average_temperature": 33.6079,
        "min_temperature": 33.6079,
        "max_temperature": 33.6079
      },
      "geometry": {
        "type": "Polygon",
        "coordinates": [
          [
            [
              -74.05676872862394,
              40.715317960839656
            ],
            [
              -74.05560031186288,
              40.71530840707762
            ],
            [
              -74.05558758865226,
              40.716208714184994
            ],
            [
              -74.05675602114886,
              40.71621826824868
            ],
            [
              -74.05676872862394,
              40.715317960839656
            ]
          ]
        ]
      }
    },
    {
      "id": "539",
      "type": "Feature",
      "properties": {
        "tile_id": 539,
        "average_temperature": 33.7056,
        "min_temperature": 33.7056,
        "max_temperature": 33.7056
      },
      "geometry": {
        "type": "Polygon",
        "coordinates": [
          [
            [
              -74.05560031186288,
              40.71530840707762
            ],
            [
              -74.05443189566259,
              40.715298841491204
            ],
            [
              -74.05441915671645,
              40.71619914829655
            ],
            [
              -74.05558758865226,
              40.716208714184994
            ],
            [
              -74.05560031186288,
              40.71530840707762
            ]
          ]
        ]
      }
    },
    {
      "id": "540",
      "type": "Feature",
      "properties": {
        "tile_id": 540,
        "average_temperature": 33.7901,
        "min_temperature": 33.7901,
        "max_temperature": 33.7901
      },
      "geometry": {
        "type": "Polygon",
        "coordinates": [
          [
            [
              -74.05443189566259,
              40.715298841491204
            ],
            [
              -74.05326348002377,
              40.71528926408041
            ],
            [
              -74.05325072534217,
              40.71618957058339
            ],
            [
              -74.05441915671645,
              40.71619914829655
            ],
            [
              -74.05443189566259,
              40.715298841491204
            ]
          ]
        ]
      }
    },
    {
      "id": "541",
      "type": "Feature",
      "properties": {
        "tile_id": 541,
        "average_temperature": 33.8562,
        "min_temperature": 33.8562,
        "max_temperature": 33.8562
      },
      "geometry": {
        "type": "Polygon",
        "coordinates": [
          [
            [
              -74.05326348002377,
              40.71528926408041
            ],
            [
              -74.05209506494711,
              40.71527967484528
            ],
            [
              -74.05208229453005,
              40.7161799810455
            ],
            [
              -74.05325072534217,
              40.71618957058339
            ],
            [
              -74.05326348002377,
              40.71528926408041
            ]
          ]
        ]
      }
    },
    {
      "id": "542",
      "type": "Feature",
      "properties": {
        "tile_id": 542,
        "average_temperature": 33.9027,
        "min_temperature": 33.9027,
        "max_temperature": 33.9027
      },
      "geometry": {
        "type": "Polygon",
        "coordinates": [
          [
            [
              -74.05209506494711,
              40.71527967484528
            ],
            [
              -74.0509266504333,
              40.715270073785824
            ],
            [
              -74.05091386428082,
              40.7161703796829
            ],
            [
              -74.05208229453005,
              40.7161799810455
            ],
            [
              -74.05209506494711,
              40.71527967484528
            ]
          ]
        ]
      }
    },
    {
      "id": "543",
      "type": "Feature",
      "properties": {
        "tile_id": 543,
        "average_temperature": 33.9315,
        "min_temperature": 33.9315,
        "max_temperature": 33.9315
      },
      "geometry": {
        "type": "Polygon",
        "coordinates": [
          [
            [
              -74.0509266504333,
              40.715270073785824
            ],
            [
              -74.04975823648306,
              40.715260460902044
            ],
            [
              -74.04974543459517,
              40.716160766495605
            ],
            [
              -74.05091386428082,
              40.7161703796829
            ],
            [
              -74.0509266504333,
              40.715270073785824
            ]
          ]
        ]
      }
    },
    {
      "id": "544",
      "type": "Feature",
      "properties": {
        "tile_id": 544,
        "average_temperature": 32.533,
        "min_temperature": 32.533,
        "max_temperature": 32.533
      },
      "geometry": {
        "type": "Polygon",
        "coordinates": [
          [
            [
              -74.08713546063119,
              40.716462523362615
            ],
            [
              -74.08596701379706,
              40.716453276748226
            ],
            [
              -74.08595469916303,
              40.717353591433074
            ],
            [
              -74.08712316173416,
              40.717362838339405
            ],
            [
              -74.08713546063119,
              40.716462523362615
            ]
          ]
        ]
      }
    },
    {
      "id": "545",
      "type": "Feature",
      "properties": {
        "tile_id": 545,
        "average_temperature": 32.6532,
        "min_temperature": 32.6532,
        "max_temperature": 32.6532
      },
      "geometry": {
        "type": "Polygon",
        "coordinates": [
          [
            [
              -74.08596701379706,
              40.716453276748226
            ],
            [
              -74.08479856750571,
              40.716444018308664
            ],
            [
              -74.08478623713474,
              40.71734433270118
            ],
            [
              -74.08595469916303,
              40.717353591433074
            ],
            [
              -74.08596701379706,
              40.716453276748226
            ]
          ]
        ]
      }
    },
    {
      "id": "546",
      "type": "Feature",
      "properties": {
        "tile_id": 546,
        "average_temperature": 32.7809,
        "min_temperature": 32.7809,
        "max_temperature": 32.7809
      },
      "geometry": {
        "type": "Polygon",
        "coordinates": [
          [
            [
              -74.08479856750571,
              40.716444018308664
            ],
            [
              -74.08363012175784,
              40.71643474804395
            ],
            [
              -74.08361777564991,
              40.717335062143775
            ],
            [
              -74.08478623713474,
              40.71734433270118
            ],
            [
              -74.08479856750571,
              40.716444018308664
            ]
          ]
        ]
      }
    },
    {
      "id": "547",
      "type": "Feature",
      "properties": {
        "tile_id": 547,
        "average_temperature": 32.9117,
        "min_temperature": 32.9117,
        "max_temperature": 32.9117
      },
      "geometry": {
        "type": "Polygon",
        "coordinates": [
          [
            [
              -74.08363012175784,
              40.71643474804395
            ],
            [
              -74.0824616765541,
              40.71642546595409
            ],
            [
              -74.0824493147093,
              40.71732577976085
            ],
            [
              -74.08361777564991,
              40.717335062143775
            ],
            [
              -74.08363012175784,
              40.71643474804395
            ]
          ]
        ]
      }
    },
    {
      "id": "548",
      "type": "Feature",
      "properties": {
        "tile_id": 548,
        "average_temperature": 33.0414,
        "min_temperature": 33.0414,
        "max_temperature": 33.0414
      },
      "geometry": {
        "type": "Polygon",
        "coordinates": [
          [
            [
              -74.0824616765541,
              40.71642546595409
            ],
            [
              -74.08129323189524,
              40.7164161720391
            ],
            [
              -74.08128085431356,
              40.717316485552416
            ],
            [
              -74.0824493147093,
              40.71732577976085
            ],
            [
              -74.0824616765541,
              40.71642546595409
            ]
          ]
        ]
      }
    },
    {
      "id": "549",
      "type": "Feature",
      "properties": {
        "tile_id": 549,
        "average_temperature": 33.1657,
        "min_temperature": 33.1657,
        "max_temperature": 33.1657
      },
      "geometry": {
        "type": "Polygon",
        "coordinates": [
          [
            [
              -74.08129323189524,
              40.7164161720391
            ],
            [
              -74.08012478778193,
              40.716406866298996
            ],
            [
              -74.08011239446338,
              40.717307179518514
            ],
            [
              -74.08128085431356,
              40.717316485552416
            ],
            [
              -74.08129323189524,
              40.7164161720391
            ]
          ]
        ]
      }
    },
    {
      "id": "550",
      "type": "Feature",
      "properties": {
        "tile_id": 550,
        "average_temperature": 33.2802,
        "min_temperature": 33.2802,
        "max_temperature": 33.2802
      },
      "geometry": {
        "type": "Polygon",
        "coordinates": [
          [
            [
              -74.08012478778193,
              40.716406866298996
            ],
            [
              -74.07895634421484,
              40.7163975487338
            ],
            [
              -74.0789439351595,
              40.71729786165913
            ],
            [
              -74.08011239446338,
              40.717307179518514
            ],
            [
              -74.08012478778193,
              40.716406866298996
            ]
          ]
        ]
      }
    },
    {
      "id": "551",
      "type": "Feature",
      "properties": {
        "tile_id": 551,
        "average_temperature": 33.3808,
        "min_temperature": 33.3808,
        "max_temperature": 33.3808
      },
      "geometry": {
        "type": "Polygon",
        "coordinates": [
          [
            [
              -74.07895634421484,
              40.7163975487338
            ],
            [
              -74.07778790119471,
              40.716388219343536
            ],
            [
              -74.07777547640258,
              40.717288531974305
            ],
            [
              -74.0789439351595,
              40.71729786165913
            ],
            [
              -74.07895634421484,
              40.7163975487338
            ]
          ]
        ]
      }
    },
    {
      "id": "552",
      "type": "Feature",
      "properties": {
        "tile_id": 552,
        "average_temperature": 33.4633,
        "min_temperature": 33.4633,
        "max_temperature": 33.4633
      },
      "geometry": {
        "type": "Polygon",
        "coordinates": [
          [
            [
              -74.07778790119471,
              40.716388219343536
            ],
            [
              -74.0766194587222,
              40.7163788781282
            ],
            [
              -74.07660701819331,
              40.71727919046403
            ],
            [
              -74.07777547640258,
              40.717288531974305
            ],
            [
              -74.07778790119471,
              40.716388219343536
            ]
          ]
        ]
      }
    },
    {
      "id": "553",
      "type": "Feature",
      "properties": {
        "tile_id": 553,
        "average_temperature": 33.5235,
        "min_temperature": 33.5235,
        "max_temperature": 33.5235
      },
      "geometry": {
        "type": "Polygon",
        "coordinates": [
          [
            [
              -74.0766194587222,
              40.7163788781282
            ],
            [
              -74.07545101679803,
              40.71636952508782
            ],
            [
              -74.0754385605324,
              40.71726983712835
            ],
            [
              -74.07660701819331,
              40.71727919046403
            ],
            [
              -74.0766194587222,
              40.7163788781282
            ]
          ]
        ]
      }
    },
    {
      "id": "554",
      "type": "Feature",
      "properties": {
        "tile_id": 554,
        "average_temperature": 33.5574,
        "min_temperature": 33.5574,
        "max_temperature": 33.5574
      },
      "geometry": {
        "type": "Polygon",
        "coordinates": [
          [
            [
              -74.07545101679803,
              40.71636952508782
            ],
            [
              -74.07428257542286,
              40.71636016022241
            ],
            [
              -74.07427010342053,
              40.71726047196726
            ],
            [
              -74.0754385605324,
              40.71726983712835
            ],
            [
              -74.07545101679803,
              40.71636952508782
            ]
          ]
        ]
      }
    },
    {
      "id": "555",
      "type": "Feature",
      "properties": {
        "tile_id": 555,
        "average_temperature": 33.565,
        "min_temperature": 33.565,
        "max_temperature": 33.565
      },
      "geometry": {
        "type": "Polygon",
        "coordinates": [
          [
            [
              -74.07428257542286,
              40.71636016022241
            ],
            [
              -74.07311413459739,
              40.71635078353198
            ],
            [
              -74.07310164685839,
              40.71725109498078
            ],
            [
              -74.07427010342053,
              40.71726047196726
            ],
            [
              -74.07428257542286,
              40.71636016022241
            ]
          ]
        ]
      }
    },
    {
      "id": "556",
      "type": "Feature",
      "properties": {
        "tile_id": 556,
        "average_temperature": 33.5511,
        "min_temperature": 33.5511,
        "max_temperature": 33.5511
      },
      "geometry": {
        "type": "Polygon",
        "coordinates": [
          [
            [
              -74.0731141345974,
              40.71635078353198
            ],
            [
              -74.07194569432234,
              40.71634139501657
            ],
            [
              -74.07193319084669,
              40.717241706168934
            ],
            [
              -74.07310164685839,
              40.71725109498078
            ],
            [
              -74.0731141345974,
              40.71635078353198
            ]
          ]
        ]
      }
    },
    {
      "id": "557",
      "type": "Feature",
      "properties": {
        "tile_id": 557,
        "average_temperature": 33.5213,
        "min_temperature": 33.5213,
        "max_temperature": 33.5213
      },
      "geometry": {
        "type": "Polygon",
        "coordinates": [
          [
            [
              -74.07194569432234,
              40.71634139501657
            ],
            [
              -74.0707772545984,
              40.71633199467616
            ],
            [
              -74.07076473538613,
              40.71723230553174
            ],
            [
              -74.07193319084669,
              40.717241706168934
            ],
            [
              -74.07194569432234,
              40.71634139501657
            ]
          ]
        ]
      }
    },
    {
      "id": "558",
      "type": "Feature",
      "properties": {
        "tile_id": 558,
        "average_temperature": 33.4809,
        "min_temperature": 33.4809,
        "max_temperature": 33.4809
      },
      "geometry": {
        "type": "Polygon",
        "coordinates": [
          [
            [
              -74.0707772545984,
              40.71633199467616
            ],
            [
              -74.06960881542622,
              40.7163225825108
            ],
            [
              -74.06959628047737,
              40.717222893069206
            ],
            [
              -74.07076473538613,
              40.71723230553174
            ],
            [
              -74.0707772545984,
              40.71633199467616
            ]
          ]
        ]
      }
    },
    {
      "id": "559",
      "type": "Feature",
      "properties": {
        "tile_id": 559,
        "average_temperature": 33.4353,
        "min_temperature": 33.4353,
        "max_temperature": 33.4353
      },
      "geometry": {
        "type": "Polygon",
        "coordinates": [
          [
            [
              -74.06960881542622,
              40.7163225825108
            ],
            [
              -74.06844037680654,
              40.71631315852048
            ],
            [
              -74.06842782612112,
              40.71721346878133
            ],
            [
              -74.06959628047737,
              40.717222893069206
            ],
            [
              -74.06960881542622,
              40.7163225825108
            ]
          ]
        ]
      }
    },
    {
      "id": "560",
      "type": "Feature",
      "properties": {
        "tile_id": 560,
        "average_temperature": 33.39,
        "min_temperature": 33.39,
        "max_temperature": 33.39
      },
      "geometry": {
        "type": "Polygon",
        "coordinates": [
          [
            [
              -74.06844037680654,
              40.71631315852048
            ],
            [
              -74.06727193874003,
              40.716303722705234
            ],
            [
              -74.06725937231809,
              40.717204032668164
            ],
            [
              -74.06842782612112,
              40.71721346878133
            ],
            [
              -74.06844037680654,
              40.71631315852048
            ]
          ]
        ]
      }
    },
    {
      "id": "561",
      "type": "Feature",
      "properties": {
        "tile_id": 561,
        "average_temperature": 33.3503,
        "min_temperature": 33.3503,
        "max_temperature": 33.3503
      },
      "geometry": {
        "type": "Polygon",
        "coordinates": [
          [
            [
              -74.06727193874003,
              40.716303722705234
            ],
            [
              -74.0661035012274,
              40.71629427506506
            ],
            [
              -74.06609091906894,
              40.717194584729704
            ],
            [
              -74.06725937231809,
              40.717204032668164
            ],
            [
              -74.06727193874003,
              40.716303722705234
            ]
          ]
        ]
      }
    },
    {
      "id": "562",
      "type": "Feature",
      "properties": {
        "tile_id": 562,
        "average_temperature": 33.3217,
        "min_temperature": 33.3217,
        "max_temperature": 33.3217
      },
      "geometry": {
        "type": "Polygon",
        "coordinates": [
          [
            [
              -74.0661035012274,
              40.71629427506506
            ],
            [
              -74.06493506426932,
              40.716284815599984
            ],
            [
              -74.0649224663744,
              40.717185124965965
            ],
            [
              -74.06609091906894,
              40.717194584729704
            ],
            [
              -74.0661035012274,
              40.71629427506506
            ]
          ]
        ]
      }
    },
    {
      "id": "563",
      "type": "Feature",
      "properties": {
        "tile_id": 563,
        "average_temperature": 33.3095,
        "min_temperature": 33.3095,
        "max_temperature": 33.3095
      },
      "geometry": {
        "type": "Polygon",
        "coordinates": [
          [
            [
              -74.06493506426932,
              40.716284815599984
            ],
            [
              -74.06376662786651,
              40.71627534431004
            ],
            [
              -74.06375401423513,
              40.717175653376984
            ],
            [
              -74.0649224663744,
              40.717185124965965
            ],
            [
              -74.06493506426932,
              40.716284815599984
            ]
          ]
        ]
      }
    },
    {
      "id": "564",
      "type": "Feature",
      "properties": {
        "tile_id": 564,
        "average_temperature": 33.3178,
        "min_temperature": 33.3178,
        "max_temperature": 33.3178
      },
      "geometry": {
        "type": "Polygon",
        "coordinates": [
          [
            [
              -74.06376662786651,
              40.71627534431004
            ],
            [
              -74.06259819201965,
              40.71626586119522
            ],
            [
              -74.06258556265185,
              40.71716616996275
            ],
            [
              -74.06375401423513,
              40.717175653376984
            ],
            [
              -74.06376662786651,
              40.71627534431004
            ]
          ]
        ]
      }
    },
    {
      "id": "565",
      "type": "Feature",
      "properties": {
        "tile_id": 565,
        "average_temperature": 33.3446,
        "min_temperature": 33.3446,
        "max_temperature": 33.3446
      },
      "geometry": {
        "type": "Polygon",
        "coordinates": [
          [
            [
              -74.06259819201965,
              40.71626586119522
            ],
            [
              -74.06142975672942,
              40.71625636625556
            ],
            [
              -74.06141711162523,
              40.717156674723306
            ],
            [
              -74.06258556265185,
              40.71716616996275
            ],
            [
              -74.06259819201965,
              40.71626586119522
            ]
          ]
        ]
      }
    },
    {
      "id": "566",
      "type": "Feature",
      "properties": {
        "tile_id": 566,
        "average_temperature": 33.3864,
        "min_temperature": 33.3864,
        "max_temperature": 33.3864
      },
      "geometry": {
        "type": "Polygon",
        "coordinates": [
          [
            [
              -74.06142975672942,
              40.71625636625556
            ],
            [
              -74.06026132199655,
              40.71624685949105
            ],
            [
              -74.06024866115598,
              40.71714716765863
            ],
            [
              -74.06141711162523,
              40.717156674723306
            ],
            [
              -74.06142975672942,
              40.71625636625556
            ]
          ]
        ]
      }
    },
    {
      "id": "567",
      "type": "Feature",
      "properties": {
        "tile_id": 567,
        "average_temperature": 33.4395,
        "min_temperature": 33.4395,
        "max_temperature": 33.4395
      },
      "geometry": {
        "type": "Polygon",
        "coordinates": [
          [
            [
              -74.06026132199655,
              40.71624685949105
            ],
            [
              -74.05909288782169,
              40.71623734090171
            ],
            [
              -74.05908021124479,
              40.71713764876878
            ],
            [
              -74.06024866115598,
              40.71714716765863
            ],
            [
              -74.06026132199655,
              40.71624685949105
            ]
          ]
        ]
      }
    },
    {
      "id": "568",
      "type": "Feature",
      "properties": {
        "tile_id": 568,
        "average_temperature": 33.5004,
        "min_temperature": 33.5004,
        "max_temperature": 33.5004
      },
      "geometry": {
        "type": "Polygon",
        "coordinates": [
          [
            [
              -74.05909288782169,
              40.71623734090171
            ],
            [
              -74.05792445420556,
              40.716227810487595
            ],
            [
              -74.05791176189237,
              40.717128118053736
            ],
            [
              -74.05908021124479,
              40.71713764876878
            ],
            [
              -74.05909288782169,
              40.71623734090171
            ]
          ]
        ]
      }
    },
    {
      "id": "569",
      "type": "Feature",
      "properties": {
        "tile_id": 569,
        "average_temperature": 33.5652,
        "min_temperature": 33.5652,
        "max_temperature": 33.5652
      },
      "geometry": {
        "type": "Polygon",
        "coordinates": [
          [
            [
              -74.05792445420556,
              40.716227810487595
            ],
            [
              -74.05675602114886,
              40.71621826824868
            ],
            [
              -74.05674331309937,
              40.717118575513545
            ],
            [
              -74.05791176189237,
              40.717128118053736
            ],
            [
              -74.05792445420556,
              40.716227810487595
            ]
          ]
        ]
      }
    },
    {
      "id": "570",
      "type": "Feature",
      "properties": {
        "tile_id": 570,
        "average_temperature": 33.6302,
        "min_temperature": 33.6302,
        "max_temperature": 33.6302
      },
      "geometry": {
        "type": "Polygon",
        "coordinates": [
          [
            [
              -74.05675602114886,
              40.71621826824868
            ],
            [
              -74.05558758865226,
              40.716208714184994
            ],
            [
              -74.05557486486653,
              40.71710902114822
            ],
            [
              -74.05674331309937,
              40.717118575513545
            ],
            [
              -74.05675602114886,
              40.71621826824868
            ]
          ]
        ]
      }
    },
    {
      "id": "571",
      "type": "Feature",
      "properties": {
        "tile_id": 571,
        "average_temperature": 33.6915,
        "min_temperature": 33.6915,
        "max_temperature": 33.6915
      },
      "geometry": {
        "type": "Polygon",
        "coordinates": [
          [
            [
              -74.05558758865226,
              40.716208714184994
            ],
            [
              -74.05441915671645,
              40.71619914829655
            ],
            [
              -74.0544064171945,
              40.71709945495775
            ],
            [
              -74.05557486486653,
              40.71710902114822
            ],
            [
              -74.05558758865226,
              40.716208714184994
            ]
          ]
        ]
      }
    },
    {
      "id": "572",
      "type": "Feature",
      "properties": {
        "tile_id": 572,
        "average_temperature": 33.7453,
        "min_temperature": 33.7453,
        "max_temperature": 33.7453
      },
      "geometry": {
        "type": "Polygon",
        "coordinates": [
          [
            [
              -74.05441915671645,
              40.71619914829655
            ],
            [
              -74.05325072534217,
              40.71618957058339
            ],
            [
              -74.05323797008401,
              40.71708987694218
            ],
            [
              -74.0544064171945,
              40.71709945495775
            ],
            [
              -74.05441915671645,
              40.71619914829655
            ]
          ]
        ]
      }
    },
    {
      "id": "573",
      "type": "Feature",
      "properties": {
        "tile_id": 573,
        "average_temperature": 33.7878,
        "min_temperature": 33.7878,
        "max_temperature": 33.7878
      },
      "geometry": {
        "type": "Polygon",
        "coordinates": [
          [
            [
              -74.05325072534217,
              40.71618957058339
            ],
            [
              -74.05208229453005,
              40.7161799810455
            ],
            [
              -74.05206952353575,
              40.71708028710152
            ],
            [
              -74.05323797008401,
              40.71708987694218
            ],
            [
              -74.05325072534217,
              40.71618957058339
            ]
          ]
        ]
      }
    },
    {
      "id": "574",
      "type": "Feature",
      "properties": {
        "tile_id": 574,
        "average_temperature": 33.8178,
        "min_temperature": 33.8178,
        "max_temperature": 33.8178
      },
      "geometry": {
        "type": "Polygon",
        "coordinates": [
          [
            [
              -74.05208229453005,
              40.7161799810455
            ],
            [
              -74.05091386428082,
              40.7161703796829
            ],
            [
              -74.05090107755038,
              40.71707068543577
            ],
            [
              -74.05206952353575,
              40.71708028710152
            ],
            [
              -74.05208229453005,
              40.7161799810455
            ]
          ]
        ]
      }
    },
    {
      "id": "575",
      "type": "Feature",
      "properties": {
        "tile_id": 575,
        "average_temperature": 33.8366,
        "min_temperature": 33.8366,
        "max_temperature": 33.8366
      },
      "geometry": {
        "type": "Polygon",
        "coordinates": [
          [
            [
              -74.05091386428082,
              40.7161703796829
            ],
            [
              -74.04974543459517,
              40.716160766495605
            ],
            [
              -74.04973263212864,
              40.717061071944975
            ],
            [
              -74.05090107755038,
              40.71707068543577
            ],
            [
              -74.05091386428082,
              40.7161703796829
            ]
          ]
        ]
      }
    },
    {
      "id": "576",
      "type": "Feature",
      "properties": {
        "tile_id": 576,
        "average_temperature": 32.6073,
        "min_temperature": 32.6073,
        "max_temperature": 32.6073
      },
      "geometry": {
        "type": "Polygon",
        "coordinates": [
          [
            [
              -74.08712316173416,
              40.71736283833942
            ],
            [
              -74.08595469916303,
              40.717353591433074
            ],
            [
              -74.08594238397235,
              40.718253905973974
            ],
            [
              -74.08711086228116,
              40.71826315317226
            ],
            [
              -74.08712316173416,
              40.71736283833942
            ]
          ]
        ]
      }
    },
    {
      "id": "577",
      "type": "Feature",
      "properties": {
        "tile_id": 577,
        "average_temperature": 32.7477,
        "min_temperature": 32.7477,
        "max_temperature": 32.7477
      },
      "geometry": {
        "type": "Polygon",
        "coordinates": [
          [
            [
              -74.08595469916303,
              40.717353591433074
            ],
            [
              -74.08478623713474,
              40.717344332701195
            ],
            [
              -74.08477390620638,
              40.71824464694977
            ],
            [
              -74.08594238397235,
              40.718253905973974
            ],
            [
              -74.08595469916303,
              40.717353591433074
            ]
          ]
        ]
      }
    },
    {
      "id": "578",
      "type": "Feature",
      "properties": {
        "tile_id": 578,
        "average_temperature": 32.8978,
        "min_temperature": 32.8978,
        "max_temperature": 32.8978
      },
      "geometry": {
        "type": "Polygon",
        "coordinates": [
          [
            [
              -74.08478623713474,
              40.717344332701195
            ],
            [
              -74.08361777564991,
              40.717335062143775
            ],
            [
              -74.08360542898393,
              40.71823537609965
            ],
            [
              -74.08477390620638,
              40.71824464694977
            ],
            [
              -74.08478623713474,
              40.717344332701195
            ]
          ]
        ]
      }
    },
    {
      "id": "579",
      "type": "Feature",
      "properties": {
        "tile_id": 579,
        "average_temperature": 33.0526,
        "min_temperature": 33.0526,
        "max_temperature": 33.0526
      },
      "geometry": {
        "type": "Polygon",
        "coordinates": [
          [
            [
              -74.08361777564991,
              40.717335062143775
            ],
            [
              -74.0824493147093,
              40.717325779760856
            ],
            [
              -74.0824369523057,
              40.718226093423645
            ],
            [
              -74.08360542898393,
              40.71823537609965
            ],
            [
              -74.08361777564991,
              40.717335062143775
            ]
          ]
        ]
      }
    },
    {
      "id": "580",
      "type": "Feature",
      "properties": {
        "tile_id": 580,
        "average_temperature": 33.2071,
        "min_temperature": 33.2071,
        "max_temperature": 33.2071
      },
      "geometry": {
        "type": "Polygon",
        "coordinates": [
          [
            [
              -74.0824493147093,
              40.717325779760856
            ],
            [
              -74.08128085431356,
              40.71731648555242
            ],
            [
              -74.08126847617238,
              40.718216798921766
            ],
            [
              -74.0824369523057,
              40.718226093423645
            ],
            [
              -74.0824493147093,
              40.717325779760856
            ]
          ]
        ]
      }
    },
    {
      "id": "581",
      "type": "Feature",
      "properties": {
        "tile_id": 581,
        "average_temperature": 33.3566,
        "min_temperature": 33.3566,
        "max_temperature": 33.3566
      },
      "geometry": {
        "type": "Polygon",
        "coordinates": [
          [
            [
              -74.08128085431356,
              40.71731648555242
            ],
            [
              -74.08011239446338,
              40.717307179518514
            ],
            [
              -74.08010000058466,
              40.71820749259404
            ],
            [
              -74.08126847617238,
              40.718216798921766
            ],
            [
              -74.08128085431356,
              40.71731648555242
            ]
          ]
        ]
      }
    },
    {
      "id": "582",
      "type": "Feature",
      "properties": {
        "tile_id": 582,
        "average_temperature": 33.496,
        "min_temperature": 33.496,
        "max_temperature": 33.496
      },
      "geometry": {
        "type": "Polygon",
        "coordinates": [
          [
            [
              -74.08011239446338,
              40.717307179518514
            ],
            [
              -74.0789439351595,
              40.71729786165913
            ],
            [
              -74.07893152554325,
              40.71819817444047
            ],
            [
              -74.08010000058466,
              40.71820749259404
            ],
            [
              -74.08011239446338,
              40.717307179518514
            ]
          ]
        ]
      }
    },
    {
      "id": "583",
      "type": "Feature",
      "properties": {
        "tile_id": 583,
        "average_temperature": 33.6206,
        "min_temperature": 33.6206,
        "max_temperature": 33.6206
      },
      "geometry": {
        "type": "Polygon",
        "coordinates": [
          [
            [
              -74.0789439351595,
              40.71729786165913
            ],
            [
              -74.07777547640258,
              40.71728853197431
            ],
            [
              -74.07776305104882,
              40.71818884446107
            ],
            [
              -74.07893152554325,
              40.71819817444047
            ],
            [
              -74.0789439351595,
              40.71729786165913
            ]
          ]
        ]
      }
    },
    {
      "id": "584",
      "type": "Feature",
      "properties": {
        "tile_id": 584,
        "average_temperature": 33.7253,
        "min_temperature": 33.7253,
        "max_temperature": 33.7253
      },
      "geometry": {
        "type": "Polygon",
        "coordinates": [
          [
            [
              -74.07777547640258,
              40.71728853197431
            ],
            [
              -74.07660701819331,
              40.71727919046404
            ],
            [
              -74.0765945771021,
              40.718179502655865
            ],
            [
              -74.07776305104882,
              40.71818884446107
            ],
            [
              -74.07777547640258,
              40.71728853197431
            ]
          ]
        ]
      }
    },
    {
      "id": "585",
      "type": "Feature",
      "properties": {
        "tile_id": 585,
        "average_temperature": 33.8054,
        "min_temperature": 33.8054,
        "max_temperature": 33.8054
      },
      "geometry": {
        "type": "Polygon",
        "coordinates": [
          [
            [
              -74.07660701819331,
              40.71727919046404
            ],
            [
              -74.0754385605324,
              40.717269837128356
            ],
            [
              -74.07542610370373,
              40.71817014902486
            ],
            [
              -74.0765945771021,
              40.718179502655865
            ],
            [
              -74.07660701819331,
              40.71727919046404
            ]
          ]
        ]
      }
    },
    {
      "id": "586",
      "type": "Feature",
      "properties": {
        "tile_id": 586,
        "average_temperature": 33.8561,
        "min_temperature": 33.8561,
        "max_temperature": 33.8561
      },
      "geometry": {
        "type": "Polygon",
        "coordinates": [
          [
            [
              -74.0754385605324,
              40.717269837128356
            ],
            [
              -74.07427010342053,
              40.717260471967265
            ],
            [
              -74.07425763085445,
              40.71816078356809
            ],
            [
              -74.07542610370373,
              40.71817014902486
            ],
            [
              -74.0754385605324,
              40.717269837128356
            ]
          ]
        ]
      }
    },
    {
      "id": "587",
      "type": "Feature",
      "properties": {
        "tile_id": 587,
        "average_temperature": 33.8769,
        "min_temperature": 33.8769,
        "max_temperature": 33.8769
      },
      "geometry": {
        "type": "Polygon",
        "coordinates": [
          [
            [
              -74.07427010342053,
              40.717260471967265
            ],
            [
              -74.07310164685839,
              40.71725109498079
            ],
            [
              -74.07308915855492,
              40.71815140628555
            ],
            [
              -74.07425763085445,
              40.71816078356809
            ],
            [
              -74.07427010342053,
              40.717260471967265
            ]
          ]
        ]
      }
    },
    {
      "id": "588",
      "type": "Feature",
      "properties": {
        "tile_id": 588,
        "average_temperature": 33.8725,
        "min_temperature": 33.8725,
        "max_temperature": 33.8725
      },
      "geometry": {
        "type": "Polygon",
        "coordinates": [
          [
            [
              -74.07310164685839,
              40.71725109498079
            ],
            [
              -74.07193319084669,
              40.717241706168934
            ],
            [
              -74.07192068680587,
              40.718142017177264
            ],
            [
              -74.07308915855494,
              40.71815140628555
            ],
            [
              -74.07310164685839,
              40.71725109498079
            ]
          ]
        ]
      }
    },
    {
      "id": "589",
      "type": "Feature",
      "properties": {
        "tile_id": 589,
        "average_temperature": 33.848,
        "min_temperature": 33.848,
        "max_temperature": 33.848
      },
      "geometry": {
        "type": "Polygon",
        "coordinates": [
          [
            [
              -74.07193319084669,
              40.717241706168934
            ],
            [
              -74.07076473538613,
              40.717232305531745
            ],
            [
              -74.07075221560797,
              40.71813261624326
            ],
            [
              -74.07192068680587,
              40.718142017177264
            ],
            [
              -74.07193319084669,
              40.717241706168934
            ]
          ]
        ]
      }
    },
    {
      "id": "590",
      "type": "Feature",
      "properties": {
        "tile_id": 590,
        "average_temperature": 33.8087,
        "min_temperature": 33.8087,
        "max_temperature": 33.8087
      },
      "geometry": {
        "type": "Polygon",
        "coordinates": [
          [
            [
              -74.07076473538613,
              40.717232305531745
            ],
            [
              -74.06959628047737,
              40.717222893069206
            ],
            [
              -74.06958374496192,
              40.71812320348354
            ],
            [
              -74.07075221560797,
              40.71813261624326
            ],
            [
              -74.07076473538613,
              40.717232305531745
            ]
          ]
        ]
      }
    },
    {
      "id": "591",
      "type": "Feature",
      "properties": {
        "tile_id": 591,
        "average_temperature": 33.7596,
        "min_temperature": 33.7596,
        "max_temperature": 33.7596
      },
      "geometry": {
        "type": "Polygon",
        "coordinates": [
          [
            [
              -74.06959628047737,
              40.717222893069206
            ],
            [
              -74.06842782612112,
              40.71721346878133
            ],
            [
              -74.06841527486839,
              40.718113778898136
            ],
            [
              -74.06958374496192,
              40.71812320348354
            ],
            [
              -74.06959628047737,
              40.717222893069206
            ]
          ]
        ]
      }
    },
    {
      "id": "592",
      "type": "Feature",
      "properties": {
        "tile_id": 592,
        "average_temperature": 33.706,
        "min_temperature": 33.706,
        "max_temperature": 33.706
      },
      "geometry": {
        "type": "Polygon",
        "coordinates": [
          [
            [
              -74.06842782612112,
              40.71721346878133
            ],
            [
              -74.06725937231809,
              40.71720403266817
            ],
            [
              -74.06724680532811,
              40.71810434248703
            ],
            [
              -74.06841527486839,
              40.718113778898136
            ],
            [
              -74.06842782612112,
              40.71721346878133
            ]
          ]
        ]
      }
    },
    {
      "id": "593",
      "type": "Feature",
      "properties": {
        "tile_id": 593,
        "average_temperature": 33.653,
        "min_temperature": 33.653,
        "max_temperature": 33.653
      },
      "geometry": {
        "type": "Polygon",
        "coordinates": [
          [
            [
              -74.06725937231809,
              40.71720403266817
            ],
            [
              -74.06609091906894,
              40.71719458472972
            ],
            [
              -74.06607833634175,
              40.71809489425028
            ],
            [
              -74.06724680532811,
              40.71810434248703
            ],
            [
              -74.06725937231809,
              40.71720403266817
            ]
          ]
        ]
      }
    },
    {
      "id": "594",
      "type": "Feature",
      "properties": {
        "tile_id": 594,
        "average_temperature": 33.6058,
        "min_temperature": 33.6058,
        "max_temperature": 33.6058
      },
      "geometry": {
        "type": "Polygon",
        "coordinates": [
          [
            [
              -74.06609091906894,
              40.71719458472972
            ],
            [
              -74.0649224663744,
              40.71718512496598
            ],
            [
              -74.06490986791002,
              40.71808543418786
            ],
            [
              -74.06607833634175,
              40.71809489425028
            ],
            [
              -74.06609091906894,
              40.71719458472972
            ]
          ]
        ]
      }
    },
    {
      "id": "595",
      "type": "Feature",
      "properties": {
        "tile_id": 595,
        "average_temperature": 33.5697,
        "min_temperature": 33.5697,
        "max_temperature": 33.5697
      },
      "geometry": {
        "type": "Polygon",
        "coordinates": [
          [
            [
              -74.0649224663744,
              40.71718512496598
            ],
            [
              -74.06375401423513,
              40.717175653377
            ],
            [
              -74.06374140003359,
              40.71807596229983
            ],
            [
              -74.06490986791002,
              40.71808543418786
            ],
            [
              -74.0649224663744,
              40.71718512496598
            ]
          ]
        ]
      }
    },
    {
      "id": "596",
      "type": "Feature",
      "properties": {
        "tile_id": 596,
        "average_temperature": 33.5486,
        "min_temperature": 33.5486,
        "max_temperature": 33.5486
      },
      "geometry": {
        "type": "Polygon",
        "coordinates": [
          [
            [
              -74.06375401423513,
              40.717175653377
            ],
            [
              -74.06258556265185,
              40.71716616996276
            ],
            [
              -74.06257293271317,
              40.71806647858618
            ],
            [
              -74.06374140003359,
              40.71807596229983
            ],
            [
              -74.06375401423513,
              40.717175653377
            ]
          ]
        ]
      }
    },
    {
      "id": "597",
      "type": "Feature",
      "properties": {
        "tile_id": 597,
        "average_temperature": 33.5416,
        "min_temperature": 33.5416,
        "max_temperature": 33.5416
      },
      "geometry": {
        "type": "Polygon",
        "coordinates": [
          [
            [
              -74.06258556265185,
              40.71716616996276
            ],
            [
              -74.06141711162523,
              40.717156674723306
            ],
            [
              -74.06140446594945,
              40.71805698304693
            ],
            [
              -74.06257293271317,
              40.71806647858618
            ],
            [
              -74.06258556265185,
              40.71716616996276
            ]
          ]
        ]
      }
    },
    {
      "id": "598",
      "type": "Feature",
      "properties": {
        "tile_id": 598,
        "average_temperature": 33.5464,
        "min_temperature": 33.5464,
        "max_temperature": 33.5464
      },
      "geometry": {
        "type": "Polygon",
        "coordinates": [
          [
            [
              -74.06141711162523,
              40.717156674723306
            ],
            [
              -74.06024866115598,
              40.71714716765864
            ],
            [
              -74.06023599974314,
              40.718047475682106
            ],
            [
              -74.06140446594945,
              40.71805698304693
            ],
            [
              -74.06141711162523,
              40.717156674723306
            ]
          ]
        ]
      }
    },
    {
      "id": "599",
      "type": "Feature",
      "properties": {
        "tile_id": 599,
        "average_temperature": 33.5608,
        "min_temperature": 33.5608,
        "max_temperature": 33.5608
      },
      "geometry": {
        "type": "Polygon",
        "coordinates": [
          [
            [
              -74.06024866115598,
              40.71714716765864
            ],
            [
              -74.05908021124479,
              40.717137648768784
            ],
            [
              -74.0590675340949,
              40.718037956491706
            ],
            [
              -74.06023599974314,
              40.718047475682106
            ],
            [
              -74.06024866115598,
              40.71714716765864
            ]
          ]
        ]
      }
    },
    {
      "id": "600",
      "type": "Feature",
      "properties": {
        "tile_id": 600,
        "average_temperature": 33.5824,
        "min_temperature": 33.5824,
        "max_temperature": 33.5824
      },
      "geometry": {
        "type": "Polygon",
        "coordinates": [
          [
            [
              -74.05908021124479,
              40.717137648768784
            ],
            [
              -74.05791176189237,
              40.71712811805374
            ],
            [
              -74.05789906900546,
              40.71802842547575
            ],
            [
              -74.0590675340949,
              40.718037956491706
            ],
            [
              -74.05908021124479,
              40.717137648768784
            ]
          ]
        ]
      }
    },
    {
      "id": "601",
      "type": "Feature",
      "properties": {
        "tile_id": 601,
        "average_temperature": 33.6089,
        "min_temperature": 33.6089,
        "max_temperature": 33.6089
      },
      "geometry": {
        "type": "Polygon",
        "coordinates": [
          [
            [
              -74.05791176189237,
              40.71712811805374
            ],
            [
              -74.05674331309937,
              40.71711857551355
            ],
            [
              -74.05673060447546,
              40.718018882634276
            ],
            [
              -74.05789906900546,
              40.71802842547575
            ],
            [
              -74.05791176189237,
              40.71712811805374
            ]
          ]
        ]
      }
    },
    {
      "id": "602",
      "type": "Feature",
      "properties": {
        "tile_id": 602,
        "average_temperature": 33.6378,
        "min_temperature": 33.6378,
        "max_temperature": 33.6378
      },
      "geometry": {
        "type": "Polygon",
        "coordinates": [
          [
            [
              -74.05674331309937,
              40.71711857551355
            ],
            [
              -74.05557486486653,
              40.717109021148225
            ],
            [
              -74.05556214050567,
              40.71800932796729
            ],
            [
              -74.05673060447546,
              40.718018882634276
            ],
            [
              -74.05674331309937,
              40.71711857551355
            ]
          ]
        ]
      }
    },
    {
      "id": "603",
      "type": "Feature",
      "properties": {
        "tile_id": 603,
        "average_temperature": 33.6665,
        "min_temperature": 33.6665,
        "max_temperature": 33.6665
      },
      "geometry": {
        "type": "Polygon",
        "coordinates": [
          [
            [
              -74.05557486486653,
              40.717109021148225
            ],
            [
              -74.0544064171945,
              40.71709945495776
            ],
            [
              -74.05439367709671,
              40.71799976147479
            ],
            [
              -74.05556214050567,
              40.71800932796729
            ],
            [
              -74.05557486486653,
              40.717109021148225
            ]
          ]
        ]
      }
    },
    {
      "id": "604",
      "type": "Feature",
      "properties": {
        "tile_id": 604,
        "average_temperature": 33.6927,
        "min_temperature": 33.6927,
        "max_temperature": 33.6927
      },
      "geometry": {
        "type": "Polygon",
        "coordinates": [
          [
            [
              -74.0544064171945,
              40.71709945495776
            ],
            [
              -74.05323797008401,
              40.71708987694219
            ],
            [
              -74.05322521424932,
              40.717990183156815
            ],
            [
              -74.05439367709671,
              40.71799976147479
            ],
            [
              -74.0544064171945,
              40.71709945495776
            ]
          ]
        ]
      }
    },
    {
      "id": "605",
      "type": "Feature",
      "properties": {
        "tile_id": 605,
        "average_temperature": 33.7137,
        "min_temperature": 33.7137,
        "max_temperature": 33.7137
      },
      "geometry": {
        "type": "Polygon",
        "coordinates": [
          [
            [
              -74.05323797008401,
              40.71708987694219
            ],
            [
              -74.05206952353575,
              40.71708028710152
            ],
            [
              -74.05205675196417,
              40.71798059301337
            ],
            [
              -74.05322521424932,
              40.717990183156815
            ],
            [
              -74.05323797008401,
              40.71708987694219
            ]
          ]
        ]
      }
    },
    {
      "id": "606",
      "type": "Feature",
      "properties": {
        "tile_id": 606,
        "average_temperature": 33.7288,
        "min_temperature": 33.7288,
        "max_temperature": 33.7288
      },
      "geometry": {
        "type": "Polygon",
        "coordinates": [
          [
            [
              -74.05206952353575,
              40.71708028710152
            ],
            [
              -74.05090107755038,
              40.717070685435786
            ],
            [
              -74.05088829024197,
              40.717970991044474
            ],
            [
              -74.05205675196417,
              40.71798059301337
            ],
            [
              -74.05206952353575,
              40.71708028710152
            ]
          ]
        ]
      }
    },
    {
      "id": "607",
      "type": "Feature",
      "properties": {
        "tile_id": 607,
        "average_temperature": 33.7384,
        "min_temperature": 33.7384,
        "max_temperature": 33.7384
      },
      "geometry": {
        "type": "Polygon",
        "coordinates": [
          [
            [
              -74.05090107755038,
              40.717070685435786
            ],
            [
              -74.04973263212864,
              40.71706107194498
            ],
            [
              -74.0497198290834,
              40.71796137725014
            ],
            [
              -74.05088829024197,
              40.717970991044474
            ],
            [
              -74.05090107755038,
              40.717070685435786
            ]
          ]
        ]
      }
    },
    {
      "id": "608",
      "type": "Feature",
      "properties": {
        "tile_id": 608,
        "average_temperature": 32.7525,
        "min_temperature": 32.7525,
        "max_temperature": 32.7525
      },
      "geometry": {
        "type": "Polygon",
        "coordinates": [
          [
            [
              -74.08711086228116,
              40.718263153172266
            ],
            [
              -74.08594238397235,
              40.71825390597398
            ],
            [
              -74.08593006822501,
              40.71915422037091
            ],
            [
              -74.08709856227222,
              40.71916346786116
            ],
            [
              -74.08711086228116,
              40.718263153172266
            ]
          ]
        ]
      }
    },
    {
      "id": "609",
      "type": "Feature",
      "properties": {
        "tile_id": 609,
        "average_temperature": 32.8955,
        "min_temperature": 32.8955,
        "max_temperature": 32.8955
      },
      "geometry": {
        "type": "Polygon",
        "coordinates": [
          [
            [
              -74.08594238397235,
              40.71825390597398
            ],
            [
              -74.08477390620638,
              40.71824464694978
            ],
            [
              -74.08476157472066,
              40.71914496105436
            ],
            [
              -74.08593006822501,
              40.71915422037091
            ],
            [
              -74.08594238397235,
              40.71825390597398
            ]
          ]
        ]
      }
    },
    {
      "id": "610",
      "type": "Feature",
      "properties": {
        "tile_id": 610,
        "average_temperature": 33.049,
        "min_temperature": 33.049,
        "max_temperature": 33.049
      },
      "geometry": {
        "type": "Polygon",
        "coordinates": [
          [
            [
              -74.08477390620638,
              40.71824464694978
            ],
            [
              -74.08360542898393,
              40.71823537609966
            ],
            [
              -74.08359308175986,
              40.71913568991154
            ],
            [
              -74.08476157472066,
              40.71914496105436
            ],
            [
              -74.08477390620638,
              40.71824464694978
            ]
          ]
        ]
      }
    },
    {
      "id": "611",
      "type": "Feature",
      "properties": {
        "tile_id": 611,
        "average_temperature": 33.2079,
        "min_temperature": 33.2079,
        "max_temperature": 33.2079
      },
      "geometry": {
        "type": "Polygon",
        "coordinates": [
          [
            [
              -74.08360542898393,
              40.71823537609966
            ],
            [
              -74.0824369523057,
              40.71822609342365
            ],
            [
              -74.0824245893433,
              40.71912640694245
            ],
            [
              -74.08359308175986,
              40.71913568991154
            ],
            [
              -74.08360542898393,
              40.71823537609966
            ]
          ]
        ]
      }
    },
    {
      "id": "612",
      "type": "Feature",
      "properties": {
        "tile_id": 612,
        "average_temperature": 33.3673,
        "min_temperature": 33.3673,
        "max_temperature": 33.3673
      },
      "geometry": {
        "type": "Polygon",
        "coordinates": [
          [
            [
              -74.0824369523057,
              40.71822609342365
            ],
            [
              -74.08126847617238,
              40.71821679892178
            ],
            [
              -74.0812560974717,
              40.719117112147124
            ],
            [
              -74.0824245893433,
              40.71912640694245
            ],
            [
              -74.0824369523057,
              40.71822609342365
            ]
          ]
        ]
      }
    },
    {
      "id": "613",
      "type": "Feature",
      "properties": {
        "tile_id": 613,
        "average_temperature": 33.5221,
        "min_temperature": 33.5221,
        "max_temperature": 33.5221
      },
      "geometry": {
        "type": "Polygon",
        "coordinates": [
          [
            [
              -74.08126847617238,
              40.71821679892178
            ],
            [
              -74.08010000058466,
              40.71820749259404
            ],
            [
              -74.08008760614571,
              40.71910780552557
            ],
            [
              -74.0812560974717,
              40.719117112147124
            ],
            [
              -74.08126847617238,
              40.71821679892178
            ]
          ]
        ]
      }
    },
    {
      "id": "614",
      "type": "Feature",
      "properties": {
        "tile_id": 614,
        "average_temperature": 33.6673,
        "min_temperature": 33.6673,
        "max_temperature": 33.6673
      },
      "geometry": {
        "type": "Polygon",
        "coordinates": [
          [
            [
              -74.08010000058466,
              40.71820749259404
            ],
            [
              -74.07893152554325,
              40.718198174440474
            ],
            [
              -74.07891911536606,
              40.719098487077794
            ],
            [
              -74.08008760614571,
              40.71910780552557
            ],
            [
              -74.08010000058466,
              40.71820749259404
            ]
          ]
        ]
      }
    },
    {
      "id": "615",
      "type": "Feature",
      "properties": {
        "tile_id": 615,
        "average_temperature": 33.798,
        "min_temperature": 33.798,
        "max_temperature": 33.798
      },
      "geometry": {
        "type": "Polygon",
        "coordinates": [
          [
            [
              -74.07893152554325,
              40.718198174440474
            ],
            [
              -74.07776305104882,
              40.718188844461075
            ],
            [
              -74.07775062513342,
              40.71908915680381
            ],
            [
              -74.07891911536606,
              40.719098487077794
            ],
            [
              -74.07893152554325,
              40.718198174440474
            ]
          ]
        ]
      }
    },
    {
      "id": "616",
      "type": "Feature",
      "properties": {
        "tile_id": 616,
        "average_temperature": 33.9091,
        "min_temperature": 33.9091,
        "max_temperature": 33.9091
      },
      "geometry": {
        "type": "Polygon",
        "coordinates": [
          [
            [
              -74.07776305104882,
              40.718188844461075
            ],
            [
              -74.0765945771021,
              40.71817950265587
            ],
            [
              -74.07658213544849,
              40.71907981470366
            ],
            [
              -74.07775062513342,
              40.71908915680381
            ],
            [
              -74.07776305104882,
              40.718188844461075
            ]
          ]
        ]
      }
    },
    {
      "id": "617",
      "type": "Feature",
      "properties": {
        "tile_id": 617,
        "average_temperature": 33.9955,
        "min_temperature": 33.9955,
        "max_temperature": 33.9955
      },
      "geometry": {
        "type": "Polygon",
        "coordinates": [
          [
            [
              -74.0765945771021,
              40.71817950265587
            ],
            [
              -74.07542610370373,
              40.71817014902487
            ],
            [
              -74.075413646312,
              40.719070460777345
            ],
            [
              -74.07658213544849,
              40.71907981470366
            ],
            [
              -74.0765945771021,
              40.71817950265587
            ]
          ]
        ]
      }
    },
    {
      "id": "618",
      "type": "Feature",
      "properties": {
        "tile_id": 618,
        "average_temperature": 34.0525,
        "min_temperature": 34.0525,
        "max_temperature": 34.0525
      },
      "geometry": {
        "type": "Polygon",
        "coordinates": [
          [
            [
              -74.07542610370373,
              40.71817014902487
            ],
            [
              -74.07425763085445,
              40.718160783568095
            ],
            [
              -74.07424515772458,
              40.71906109502488
            ],
            [
              -74.075413646312,
              40.719070460777345
            ],
            [
              -74.07542610370373,
              40.71817014902487
            ]
          ]
        ]
      }
    },
    {
      "id": "619",
      "type": "Feature",
      "properties": {
        "tile_id": 619,
        "average_temperature": 34.079,
        "min_temperature": 34.079,
        "max_temperature": 34.079
      },
      "geometry": {
        "type": "Polygon",
        "coordinates": [
          [
            [
              -74.07425763085445,
              40.718160783568095
            ],
            [
              -74.07308915855492,
              40.71815140628556
            ],
            [
              -74.07307666968697,
              40.71905171744628
            ],
            [
              -74.07424515772458,
              40.71906109502488
            ],
            [
              -74.07425763085445,
              40.718160783568095
            ]
          ]
        ]
      }
    },
    {
      "id": "620",
      "type": "Feature",
      "properties": {
        "tile_id": 620,
        "average_temperature": 34.0795,
        "min_temperature": 34.0795,
        "max_temperature": 34.0795
      },
      "geometry": {
        "type": "Polygon",
        "coordinates": [
          [
            [
              -74.07308915855494,
              40.71815140628556
            ],
            [
              -74.07192068680587,
              40.71814201717727
            ],
            [
              -74.07190818219983,
              40.719042328041546
            ],
            [
              -74.07307666968697,
              40.71905171744628
            ],
            [
              -74.07308915855494,
              40.71815140628556
            ]
          ]
        ]
      }
    },
    {
      "id": "621",
      "type": "Feature",
      "properties": {
        "tile_id": 621,
        "average_temperature": 34.0586,
        "min_temperature": 34.0586,
        "max_temperature": 34.0586
      },
      "geometry": {
        "type": "Polygon",
        "coordinates": [
          [
            [
              -74.07192068680587,
              40.71814201717727
            ],
            [
              -74.07075221560797,
              40.71813261624327
            ],
            [
              -74.0707396952639,
              40.71903292681072
            ],
            [
              -74.07190818219983,
              40.719042328041546
            ],
            [
              -74.07192068680587,
              40.71814201717727
            ]
          ]
        ]
      }
    },
    {
      "id": "622",
      "type": "Feature",
      "properties": {
        "tile_id": 622,
        "average_temperature": 34.0209,
        "min_temperature": 34.0209,
        "max_temperature": 34.0209
      },
      "geometry": {
        "type": "Polygon",
        "coordinates": [
          [
            [
              -74.07075221560797,
              40.71813261624327
            ],
            [
              -74.06958374496192,
              40.71812320348355
            ],
            [
              -74.06957120887982,
              40.71902351375382
            ],
            [
              -74.0707396952639,
              40.71903292681072
            ],
            [
              -74.07075221560797,
              40.71813261624327
            ]
          ]
        ]
      }
    },
    {
      "id": "623",
      "type": "Feature",
      "properties": {
        "tile_id": 623,
        "average_temperature": 33.9711,
        "min_temperature": 33.9711,
        "max_temperature": 33.9711
      },
      "geometry": {
        "type": "Polygon",
        "coordinates": [
          [
            [
              -74.06958374496192,
              40.71812320348355
            ],
            [
              -74.06841527486839,
              40.71811377889814
            ],
            [
              -74.06840272304831,
              40.719014088870836
            ],
            [
              -74.06957120887982,
              40.71902351375382
            ],
            [
              -74.06958374496192,
              40.71812320348355
            ]
          ]
        ]
      }
    },
    {
      "id": "624",
      "type": "Feature",
      "properties": {
        "tile_id": 624,
        "average_temperature": 33.914,
        "min_temperature": 33.914,
        "max_temperature": 33.914
      },
      "geometry": {
        "type": "Polygon",
        "coordinates": [
          [
            [
              -74.06841527486839,
              40.71811377889814
            ],
            [
              -74.06724680532811,
              40.71810434248703
            ],
            [
              -74.06723423777008,
              40.719004652161814
            ],
            [
              -74.06840272304831,
              40.719014088870836
            ],
            [
              -74.06841527486839,
              40.71811377889814
            ]
          ]
        ]
      }
    },
    {
      "id": "625",
      "type": "Feature",
      "properties": {
        "tile_id": 625,
        "average_temperature": 33.8543,
        "min_temperature": 33.8543,
        "max_temperature": 33.8543
      },
      "geometry": {
        "type": "Polygon",
        "coordinates": [
          [
            [
              -74.06724680532811,
              40.71810434248703
            ],
            [
              -74.06607833634175,
              40.718094894250285
            ],
            [
              -74.06606575304578,
              40.71899520362675
            ],
            [
              -74.06723423777008,
              40.719004652161814
            ],
            [
              -74.06724680532811,
              40.71810434248703
            ]
          ]
        ]
      }
    },
    {
      "id": "626",
      "type": "Feature",
      "properties": {
        "tile_id": 626,
        "average_temperature": 33.7968,
        "min_temperature": 33.7968,
        "max_temperature": 33.7968
      },
      "geometry": {
        "type": "Polygon",
        "coordinates": [
          [
            [
              -74.06607833634175,
              40.718094894250285
            ],
            [
              -74.06490986791002,
              40.71808543418786
            ],
            [
              -74.06489726887615,
              40.71898574326566
            ],
            [
              -74.06606575304578,
              40.71899520362675
            ],
            [
              -74.06607833634175,
              40.718094894250285
            ]
          ]
        ]
      }
    },
    {
      "id": "627",
      "type": "Feature",
      "properties": {
        "tile_id": 627,
        "average_temperature": 33.7462,
        "min_temperature": 33.7462,
        "max_temperature": 33.7462
      },
      "geometry": {
        "type": "Polygon",
        "coordinates": [
          [
            [
              -74.06490986791002,
              40.71808543418786
            ],
            [
              -74.06374140003359,
              40.71807596229983
            ],
            [
              -74.06372878526186,
              40.71897627107856
            ],
            [
              -74.06489726887615,
              40.71898574326566
            ],
            [
              -74.06490986791002,
              40.71808543418786
            ]
          ]
        ]
      }
    },
    {
      "id": "628",
      "type": "Feature",
      "properties": {
        "tile_id": 628,
        "average_temperature": 33.7063,
        "min_temperature": 33.7063,
        "max_temperature": 33.7063
      },
      "geometry": {
        "type": "Polygon",
        "coordinates": [
          [
            [
              -74.06374140003359,
              40.71807596229983
            ],
            [
              -74.06257293271317,
              40.71806647858618
            ],
            [
              -74.06256030220361,
              40.71896678706549
            ],
            [
              -74.06372878526186,
              40.71897627107856
            ],
            [
              -74.06374140003359,
              40.71807596229983
            ]
          ]
        ]
      }
    },
    {
      "id": "629",
      "type": "Feature",
      "properties": {
        "tile_id": 629,
        "average_temperature": 33.6768,
        "min_temperature": 33.6768,
        "max_temperature": 33.6768
      },
      "geometry": {
        "type": "Polygon",
        "coordinates": [
          [
            [
              -74.06257293271317,
              40.71806647858618
            ],
            [
              -74.06140446594945,
              40.718056983046935
            ],
            [
              -74.06139181970207,
              40.71895729122644
            ],
            [
              -74.06256030220361,
              40.71896678706549
            ],
            [
              -74.06257293271317,
              40.71806647858618
            ]
          ]
        ]
      }
    },
    {
      "id": "630",
      "type": "Feature",
      "properties": {
        "tile_id": 630,
        "average_temperature": 33.6565,
        "min_temperature": 33.6565,
        "max_temperature": 33.6565
      },
      "geometry": {
        "type": "Polygon",
        "coordinates": [
          [
            [
              -74.06140446594945,
              40.718056983046935
            ],
            [
              -74.06023599974314,
              40.71804747568211
            ],
            [
              -74.06022333775796,
              40.71894778356143
            ],
            [
              -74.06139181970207,
              40.71895729122644
            ],
            [
              -74.06140446594945,
              40.718056983046935
            ]
          ]
        ]
      }
    },
    {
      "id": "631",
      "type": "Feature",
      "properties": {
        "tile_id": 631,
        "average_temperature": 33.644,
        "min_temperature": 33.644,
        "max_temperature": 33.644
      },
      "geometry": {
        "type": "Polygon",
        "coordinates": [
          [
            [
              -74.06023599974314,
              40.71804747568211
            ],
            [
              -74.0590675340949,
              40.71803795649171
            ],
            [
              -74.05905485637199,
              40.71893826407048
            ],
            [
              -74.06022333775796,
              40.71894778356143
            ],
            [
              -74.06023599974314,
              40.71804747568211
            ]
          ]
        ]
      }
    },
    {
      "id": "632",
      "type": "Feature",
      "properties": {
        "tile_id": 632,
        "average_temperature": 33.6381,
        "min_temperature": 33.6381,
        "max_temperature": 33.6381
      },
      "geometry": {
        "type": "Polygon",
        "coordinates": [
          [
            [
              -74.0590675340949,
              40.71803795649171
            ],
            [
              -74.05789906900546,
              40.718028425475765
            ],
            [
              -74.0578863755448,
              40.718928732753625
            ],
            [
              -74.05905485637199,
              40.71893826407048
            ],
            [
              -74.0590675340949,
              40.71803795649171
            ]
          ]
        ]
      }
    },
    {
      "id": "633",
      "type": "Feature",
      "properties": {
        "tile_id": 633,
        "average_temperature": 33.6372,
        "min_temperature": 33.6372,
        "max_temperature": 33.6372
      },
      "geometry": {
        "type": "Polygon",
        "coordinates": [
          [
            [
              -74.05789906900546,
              40.718028425475765
            ],
            [
              -74.05673060447546,
              40.71801888263429
            ],
            [
              -74.05671789527712,
              40.71891918961085
            ],
            [
              -74.0578863755448,
              40.718928732753625
            ],
            [
              -74.05789906900546,
              40.718028425475765
            ]
          ]
        ]
      }
    },
    {
      "id": "634",
      "type": "Feature",
      "properties": {
        "tile_id": 634,
        "average_temperature": 33.6401,
        "min_temperature": 33.6401,
        "max_temperature": 33.6401
      },
      "geometry": {
        "type": "Polygon",
        "coordinates": [
          [
            [
              -74.05673060447546,
              40.71801888263429
            ],
            [
              -74.05556214050567,
              40.7180093279673
            ],
            [
              -74.05554941556964,
              40.718909634642195
            ],
            [
              -74.05671789527712,
              40.71891918961085
            ],
            [
              -74.05673060447546,
              40.71801888263429
            ]
          ]
        ]
      }
    },
    {
      "id": "635",
      "type": "Feature",
      "properties": {
        "tile_id": 635,
        "average_temperature": 33.6452,
        "min_temperature": 33.6452,
        "max_temperature": 33.6452
      },
      "geometry": {
        "type": "Polygon",
        "coordinates": [
          [
            [
              -74.05556214050567,
              40.7180093279673
            ],
            [
              -74.05439367709671,
              40.7179997614748
            ],
            [
              -74.05438093642304,
              40.718900067847656
            ],
            [
              -74.05554941556964,
              40.718909634642195
            ],
            [
              -74.05556214050567,
              40.7180093279673
            ]
          ]
        ]
      }
    },
    {
      "id": "636",
      "type": "Feature",
      "properties": {
        "tile_id": 636,
        "average_temperature": 33.6511,
        "min_temperature": 33.6511,
        "max_temperature": 33.6511
      },
      "geometry": {
        "type": "Polygon",
        "coordinates": [
          [
            [
              -74.05439367709671,
              40.7179997614748
            ],
            [
              -74.05322521424932,
              40.717990183156815
            ],
            [
              -74.05321245783804,
              40.718890489227256
            ],
            [
              -74.05438093642304,
              40.718900067847656
            ],
            [
              -74.05439367709671,
              40.7179997614748
            ]
          ]
        ]
      }
    },
    {
      "id": "637",
      "type": "Feature",
      "properties": {
        "tile_id": 637,
        "average_temperature": 33.6563,
        "min_temperature": 33.6563,
        "max_temperature": 33.6563
      },
      "geometry": {
        "type": "Polygon",
        "coordinates": [
          [
            [
              -74.05322521424932,
              40.717990183156815
            ],
            [
              -74.05205675196417,
              40.71798059301338
            ],
            [
              -74.05204397981531,
              40.71888089878103
            ],
            [
              -74.05321245783804,
              40.718890489227256
            ],
            [
              -74.05322521424932,
              40.717990183156815
            ]
          ]
        ]
      }
    },
    {
      "id": "638",
      "type": "Feature",
      "properties": {
        "tile_id": 638,
        "average_temperature": 33.6602,
        "min_temperature": 33.6602,
        "max_temperature": 33.6602
      },
      "geometry": {
        "type": "Polygon",
        "coordinates": [
          [
            [
              -74.05205675196417,
              40.71798059301338
            ],
            [
              -74.05088829024197,
              40.71797099104448
            ],
            [
              -74.05087550235554,
              40.718871296508965
            ],
            [
              -74.05204397981531,
              40.71888089878103
            ],
            [
              -74.05205675196417,
              40.71798059301338
            ]
          ]
        ]
      }
    },
    {
      "id": "639",
      "type": "Feature",
      "properties": {
        "tile_id": 639,
        "average_temperature": 33.6629,
        "min_temperature": 33.6629,
        "max_temperature": 33.6629
      },
      "geometry": {
        "type": "Polygon",
        "coordinates": [
          [
            [
              -74.05088829024197,
              40.71797099104448
            ],
            [
              -74.0497198290834,
              40.71796137725015
            ],
            [
              -74.04970702545945,
              40.71886168241111
            ],
            [
              -74.05087550235554,
              40.718871296508965
            ],
            [
              -74.05088829024197,
              40.71797099104448
            ]
          ]
        ]
      }
    },
    {
      "id": "640",
      "type": "Feature",
      "properties": {
        "tile_id": 640,
        "average_temperature": 32.9574,
        "min_temperature": 32.9574,
        "max_temperature": 32.9574
      },
      "geometry": {
        "type": "Polygon",
        "coordinates": [
          [
            [
              -74.08709856227222,
              40.719163467861165
            ],
            [
              -74.08593006822501,
              40.71915422037092
            ],
            [
              -74.08591775192095,
              40.7200545346239
            ],
            [
              -74.08708626170728,
              40.720063782406115
            ],
            [
              -74.08709856227222,
              40.719163467861165
            ]
          ]
        ]
      }
    },
    {
      "id": "641",
      "type": "Feature",
      "properties": {
        "tile_id": 641,
        "average_temperature": 33.0871,
        "min_temperature": 33.0871,
        "max_temperature": 33.0871
      },
      "geometry": {
        "type": "Polygon",
        "coordinates": [
          [
            [
              -74.08593006822501,
              40.71915422037092
            ],
            [
              -74.08476157472066,
              40.71914496105437
            ],
            [
              -74.08474924267752,
              40.720045275015
            ],
            [
              -74.08591775192095,
              40.7200545346239
            ],
            [
              -74.08593006822501,
              40.71915422037092
            ]
          ]
        ]
      }
    },
    {
      "id": "642",
      "type": "Feature",
      "properties": {
        "tile_id": 642,
        "average_temperature": 33.2266,
        "min_temperature": 33.2266,
        "max_temperature": 33.2266
      },
      "geometry": {
        "type": "Polygon",
        "coordinates": [
          [
            [
              -74.08476157472066,
              40.71914496105437
            ],
            [
              -74.08359308175986,
              40.719135689911546
            ],
            [
              -74.08358073397766,
              40.72003600357947
            ],
            [
              -74.08474924267752,
              40.720045275015
            ],
            [
              -74.08476157472066,
              40.71914496105437
            ]
          ]
        ]
      }
    },
    {
      "id": "643",
      "type": "Feature",
      "properties": {
        "tile_id": 643,
        "average_temperature": 33.3712,
        "min_temperature": 33.3712,
        "max_temperature": 33.3712
      },
      "geometry": {
        "type": "Polygon",
        "coordinates": [
          [
            [
              -74.08359308175986,
              40.719135689911546
            ],
            [
              -74.0824245893433,
              40.71912640694246
            ],
            [
              -74.08241222582205,
              40.720026720317286
            ],
            [
              -74.08358073397766,
              40.72003600357947
            ],
            [
              -74.08359308175986,
              40.719135689911546
            ]
          ]
        ]
      }
    },
    {
      "id": "644",
      "type": "Feature",
      "properties": {
        "tile_id": 644,
        "average_temperature": 33.5164,
        "min_temperature": 33.5164,
        "max_temperature": 33.5164
      },
      "geometry": {
        "type": "Polygon",
        "coordinates": [
          [
            [
              -74.0824245893433,
              40.71912640694246
            ],
            [
              -74.0812560974717,
              40.719117112147124
            ],
            [
              -74.08124371821145,
              40.7200174252285
            ],
            [
              -74.08241222582205,
              40.720026720317286
            ],
            [
              -74.0824245893433,
              40.71912640694246
            ]
          ]
        ]
      }
    },
    {
      "id": "645",
      "type": "Feature",
      "properties": {
        "tile_id": 645,
        "average_temperature": 33.6578,
        "min_temperature": 33.6578,
        "max_temperature": 33.6578
      },
      "geometry": {
        "type": "Polygon",
        "coordinates": [
          [
            [
              -74.0812560974717,
              40.719117112147124
            ],
            [
              -74.08008760614571,
              40.719107805525574
            ],
            [
              -74.08007521114648,
              40.72000811831311
            ],
            [
              -74.08124371821145,
              40.7200174252285
            ],
            [
              -74.0812560974717,
              40.719117112147124
            ]
          ]
        ]
      }
    },
    {
      "id": "646",
      "type": "Feature",
      "properties": {
        "tile_id": 646,
        "average_temperature": 33.7906,
        "min_temperature": 33.7906,
        "max_temperature": 33.7906
      },
      "geometry": {
        "type": "Polygon",
        "coordinates": [
          [
            [
              -74.08008760614571,
              40.719107805525574
            ],
            [
              -74.07891911536606,
              40.7190984870778
            ],
            [
              -74.07890670462788,
              40.71999879957112
            ],
            [
              -74.08007521114648,
              40.72000811831311
            ],
            [
              -74.08008760614571,
              40.719107805525574
            ]
          ]
        ]
      }
    },
    {
      "id": "647",
      "type": "Feature",
      "properties": {
        "tile_id": 647,
        "average_temperature": 33.9102,
        "min_temperature": 33.9102,
        "max_temperature": 33.9102
      },
      "geometry": {
        "type": "Polygon",
        "coordinates": [
          [
            [
              -74.07891911536606,
              40.7190984870778
            ],
            [
              -74.07775062513342,
              40.719089156803825
            ],
            [
              -74.07773819865633,
              40.71998946900257
            ],
            [
              -74.07890670462788,
              40.71999879957112
            ],
            [
              -74.07891911536606,
              40.7190984870778
            ]
          ]
        ]
      }
    },
    {
      "id": "648",
      "type": "Feature",
      "properties": {
        "tile_id": 648,
        "average_temperature": 34.0121,
        "min_temperature": 34.0121,
        "max_temperature": 34.0121
      },
      "geometry": {
        "type": "Polygon",
        "coordinates": [
          [
            [
              -74.07775062513342,
              40.719089156803825
            ],
            [
              -74.07658213544849,
              40.71907981470366
            ],
            [
              -74.07656969323251,
              40.719980126607446
            ],
            [
              -74.07773819865633,
              40.71998946900257
            ],
            [
              -74.07775062513342,
              40.719089156803825
            ]
          ]
        ]
      }
    },
    {
      "id": "649",
      "type": "Feature",
      "properties": {
        "tile_id": 649,
        "average_temperature": 34.0915,
        "min_temperature": 34.0915,
        "max_temperature": 34.0915
      },
      "geometry": {
        "type": "Polygon",
        "coordinates": [
          [
            [
              -74.07658213544849,
              40.71907981470366
            ],
            [
              -74.075413646312,
              40.71907046077735
            ],
            [
              -74.07540118835713,
              40.7199707723858
            ],
            [
              -74.07656969323251,
              40.719980126607446
            ],
            [
              -74.07658213544849,
              40.71907981470366
            ]
          ]
        ]
      }
    },
    {
      "id": "650",
      "type": "Feature",
      "properties": {
        "tile_id": 650,
        "average_temperature": 34.1438,
        "min_temperature": 34.1438,
        "max_temperature": 34.1438
      },
      "geometry": {
        "type": "Polygon",
        "coordinates": [
          [
            [
              -74.075413646312,
              40.71907046077735
            ],
            [
              -74.07424515772458,
              40.71906109502488
            ],
            [
              -74.07423268403089,
              40.719961406337625
            ],
            [
              -74.07540118835713,
              40.7199707723858
            ],
            [
              -74.075413646312,
              40.71907046077735
            ]
          ]
        ]
      }
    },
    {
      "id": "651",
      "type": "Feature",
      "properties": {
        "tile_id": 651,
        "average_temperature": 34.1683,
        "min_temperature": 34.1683,
        "max_temperature": 34.1683
      },
      "geometry": {
        "type": "Polygon",
        "coordinates": [
          [
            [
              -74.07424515772458,
              40.71906109502488
            ],
            [
              -74.07307666968697,
              40.719051717446284
            ],
            [
              -74.07306418025446,
              40.71995202846295
            ],
            [
              -74.07423268403089,
              40.719961406337625
            ],
            [
              -74.07424515772458,
              40.71906109502488
            ]
          ]
        ]
      }
    },
    {
      "id": "652",
      "type": "Feature",
      "properties": {
        "tile_id": 652,
        "average_temperature": 34.1685,
        "min_temperature": 34.1685,
        "max_temperature": 34.1685
      },
      "geometry": {
        "type": "Polygon",
        "coordinates": [
          [
            [
              -74.07307666968697,
              40.719051717446284
            ],
            [
              -74.07190818219983,
              40.71904232804155
            ],
            [
              -74.07189567702856,
              40.71994263876177
            ],
            [
              -74.07306418025446,
              40.71995202846295
            ],
            [
              -74.07307666968697,
              40.719051717446284
            ]
          ]
        ]
      }
    },
    {
      "id": "653",
      "type": "Feature",
      "properties": {
        "tile_id": 653,
        "average_temperature": 34.1486,
        "min_temperature": 34.1486,
        "max_temperature": 34.1486
      },
      "geometry": {
        "type": "Polygon",
        "coordinates": [
          [
            [
              -74.07190818219983,
              40.71904232804155
            ],
            [
              -74.0707396952639,
              40.71903292681072
            ],
            [
              -74.07072717435386,
              40.71993323723413
            ],
            [
              -74.07189567702856,
              40.71994263876177
            ],
            [
              -74.07190818219983,
              40.71904232804155
            ]
          ]
        ]
      }
    },
    {
      "id": "654",
      "type": "Feature",
      "properties": {
        "tile_id": 654,
        "average_temperature": 34.1125,
        "min_temperature": 34.1125,
        "max_temperature": 34.1125
      },
      "geometry": {
        "type": "Polygon",
        "coordinates": [
          [
            [
              -74.0707396952639,
              40.71903292681072
            ],
            [
              -74.06957120887982,
              40.71902351375382
            ],
            [
              -74.06955867223107,
              40.71992382388002
            ],
            [
              -74.07072717435386,
              40.71993323723413
            ],
            [
              -74.0707396952639,
              40.71903292681072
            ]
          ]
        ]
      }
    },
    {
      "id": "655",
      "type": "Feature",
      "properties": {
        "tile_id": 655,
        "average_temperature": 34.0644,
        "min_temperature": 34.0644,
        "max_temperature": 34.0644
      },
      "geometry": {
        "type": "Polygon",
        "coordinates": [
          [
            [
              -74.06957120887982,
              40.71902351375382
            ],
            [
              -74.06840272304831,
              40.71901408887085
            ],
            [
              -74.06839017066088,
              40.71991439869948
            ],
            [
              -74.06955867223107,
              40.71992382388002
            ],
            [
              -74.06957120887982,
              40.71902351375382
            ]
          ]
        ]
      }
    },
    {
      "id": "656",
      "type": "Feature",
      "properties": {
        "tile_id": 656,
        "average_temperature": 34.0082,
        "min_temperature": 34.0082,
        "max_temperature": 34.0082
      },
      "geometry": {
        "type": "Polygon",
        "coordinates": [
          [
            [
              -74.06840272304831,
              40.71901408887085
            ],
            [
              -74.06723423777008,
              40.719004652161814
            ],
            [
              -74.06722166964396,
              40.71990496169251
            ],
            [
              -74.06839017066088,
              40.71991439869948
            ],
            [
              -74.06840272304831,
              40.71901408887085
            ]
          ]
        ]
      }
    },
    {
      "id": "657",
      "type": "Feature",
      "properties": {
        "tile_id": 657,
        "average_temperature": 33.9483,
        "min_temperature": 33.9483,
        "max_temperature": 33.9483
      },
      "geometry": {
        "type": "Polygon",
        "coordinates": [
          [
            [
              -74.06723423777008,
              40.719004652161814
            ],
            [
              -74.06606575304578,
              40.718995203626754
            ],
            [
              -74.06605316918103,
              40.71989551285913
            ],
            [
              -74.06722166964396,
              40.71990496169251
            ],
            [
              -74.06723423777008,
              40.719004652161814
            ]
          ]
        ]
      }
    },
    {
      "id": "658",
      "type": "Feature",
      "properties": {
        "tile_id": 658,
        "average_temperature": 33.8887,
        "min_temperature": 33.8887,
        "max_temperature": 33.8887
      },
      "geometry": {
        "type": "Polygon",
        "coordinates": [
          [
            [
              -74.06606575304578,
              40.718995203626754
            ],
            [
              -74.06489726887615,
              40.71898574326566
            ],
            [
              -74.06488466927279,
              40.71988605219934
            ],
            [
              -74.06605316918103,
              40.71989551285913
            ],
            [
              -74.06606575304578,
              40.718995203626754
            ]
          ]
        ]
      }
    },
    {
      "id": "659",
      "type": "Feature",
      "properties": {
        "tile_id": 659,
        "average_temperature": 33.8335,
        "min_temperature": 33.8335,
        "max_temperature": 33.8335
      },
      "geometry": {
        "type": "Polygon",
        "coordinates": [
          [
            [
              -74.06489726887615,
              40.71898574326566
            ],
            [
              -74.06372878526186,
              40.71897627107857
            ],
            [
              -74.06371616991991,
              40.719876579713194
            ],
            [
              -74.06488466927279,
              40.71988605219934
            ],
            [
              -74.06489726887615,
              40.71898574326566
            ]
          ]
        ]
      }
    },
    {
      "id": "660",
      "type": "Feature",
      "properties": {
        "tile_id": 660,
        "average_temperature": 33.7862,
        "min_temperature": 33.7862,
        "max_temperature": 33.7862
      },
      "geometry": {
        "type": "Polygon",
        "coordinates": [
          [
            [
              -74.06372878526186,
              40.71897627107857
            ],
            [
              -74.06256030220361,
              40.71896678706549
            ],
            [
              -74.0625476711231,
              40.71986709540068
            ],
            [
              -74.06371616991991,
              40.719876579713194
            ],
            [
              -74.06372878526186,
              40.71897627107857
            ]
          ]
        ]
      }
    },
    {
      "id": "661",
      "type": "Feature",
      "properties": {
        "tile_id": 661,
        "average_temperature": 33.7468,
        "min_temperature": 33.7468,
        "max_temperature": 33.7468
      },
      "geometry": {
        "type": "Polygon",
        "coordinates": [
          [
            [
              -74.06256030220361,
              40.71896678706549
            ],
            [
              -74.06139181970207,
              40.718957291226445
            ],
            [
              -74.06137917288305,
              40.71985759926182
            ],
            [
              -74.0625476711231,
              40.71986709540068
            ],
            [
              -74.06256030220361,
              40.71896678706549
            ]
          ]
        ]
      }
    },
    {
      "id": "662",
      "type": "Feature",
      "properties": {
        "tile_id": 662,
        "average_temperature": 33.7146,
        "min_temperature": 33.7146,
        "max_temperature": 33.7146
      },
      "geometry": {
        "type": "Polygon",
        "coordinates": [
          [
            [
              -74.06139181970207,
              40.718957291226445
            ],
            [
              -74.06022333775796,
              40.71894778356143
            ],
            [
              -74.06021067520044,
              40.71984809129664
            ],
            [
              -74.06137917288305,
              40.71985759926182
            ],
            [
              -74.06139181970207,
              40.718957291226445
            ]
          ]
        ]
      }
    },
    {
      "id": "663",
      "type": "Feature",
      "properties": {
        "tile_id": 663,
        "average_temperature": 33.6888,
        "min_temperature": 33.6888,
        "max_temperature": 33.6888
      },
      "geometry": {
        "type": "Polygon",
        "coordinates": [
          [
            [
              -74.06022333775796,
              40.71894778356143
            ],
            [
              -74.05905485637199,
              40.71893826407049
            ],
            [
              -74.05904217807598,
              40.719838571505136
            ],
            [
              -74.06021067520044,
              40.71984809129664
            ],
            [
              -74.06022333775796,
              40.71894778356143
            ]
          ]
        ]
      }
    },
    {
      "id": "664",
      "type": "Feature",
      "properties": {
        "tile_id": 664,
        "average_temperature": 33.6687,
        "min_temperature": 33.6687,
        "max_temperature": 33.6687
      },
      "geometry": {
        "type": "Polygon",
        "coordinates": [
          [
            [
              -74.05905485637199,
              40.71893826407049
            ],
            [
              -74.0578863755448,
              40.71892873275363
            ],
            [
              -74.05787368151036,
              40.719829039887344
            ],
            [
              -74.05904217807598,
              40.719838571505136
            ],
            [
              -74.05905485637199,
              40.71893826407049
            ]
          ]
        ]
      }
    },
    {
      "id": "665",
      "type": "Feature",
      "properties": {
        "tile_id": 665,
        "average_temperature": 33.6535,
        "min_temperature": 33.6535,
        "max_temperature": 33.6535
      },
      "geometry": {
        "type": "Polygon",
        "coordinates": [
          [
            [
              -74.0578863755448,
              40.71892873275363
            ],
            [
              -74.05671789527712,
              40.71891918961086
            ],
            [
              -74.05670518550427,
              40.719819496443264
            ],
            [
              -74.05787368151036,
              40.719829039887344
            ],
            [
              -74.0578863755448,
              40.71892873275363
            ]
          ]
        ]
      }
    },
    {
      "id": "666",
      "type": "Feature",
      "properties": {
        "tile_id": 666,
        "average_temperature": 33.6424,
        "min_temperature": 33.6424,
        "max_temperature": 33.6424
      },
      "geometry": {
        "type": "Polygon",
        "coordinates": [
          [
            [
              -74.05671789527712,
              40.71891918961086
            ],
            [
              -74.05554941556964,
              40.718909634642195
            ],
            [
              -74.05553669005842,
              40.71980994117293
            ],
            [
              -74.05670518550427,
              40.719819496443264
            ],
            [
              -74.05671789527712,
              40.71891918961086
            ]
          ]
        ]
      }
    },
    {
      "id": "667",
      "type": "Feature",
      "properties": {
        "tile_id": 667,
        "average_temperature": 33.6347,
        "min_temperature": 33.6347,
        "max_temperature": 33.6347
      },
      "geometry": {
        "type": "Polygon",
        "coordinates": [
          [
            [
              -74.05554941556964,
              40.718909634642195
            ],
            [
              -74.05438093642304,
              40.71890006784766
            ],
            [
              -74.05436819517347,
              40.71980037407635
            ],
            [
              -74.05553669005842,
              40.71980994117293
            ],
            [
              -74.05554941556964,
              40.718909634642195
            ]
          ]
        ]
      }
    },
    {
      "id": "668",
      "type": "Feature",
      "properties": {
        "tile_id": 668,
        "average_temperature": 33.6295,
        "min_temperature": 33.6295,
        "max_temperature": 33.6295
      },
      "geometry": {
        "type": "Polygon",
        "coordinates": [
          [
            [
              -74.05438093642304,
              40.71890006784766
            ],
            [
              -74.05321245783804,
              40.71889048922727
            ],
            [
              -74.05319970085014,
              40.719790795153536
            ],
            [
              -74.05436819517347,
              40.71980037407635
            ],
            [
              -74.05438093642304,
              40.71890006784766
            ]
          ]
        ]
      }
    },
    {
      "id": "669",
      "type": "Feature",
      "properties": {
        "tile_id": 669,
        "average_temperature": 33.626,
        "min_temperature": 33.626,
        "max_temperature": 33.626
      },
      "geometry": {
        "type": "Polygon",
        "coordinates": [
          [
            [
              -74.05321245783804,
              40.71889048922727
            ],
            [
              -74.05204397981531,
              40.71888089878104
            ],
            [
              -74.05203120708912,
              40.719781204404505
            ],
            [
              -74.05319970085014,
              40.719790795153536
            ],
            [
              -74.05321245783804,
              40.71889048922727
            ]
          ]
        ]
      }
    },
    {
      "id": "670",
      "type": "Feature",
      "properties": {
        "tile_id": 670,
        "average_temperature": 33.6237,
        "min_temperature": 33.6237,
        "max_temperature": 33.6237
      },
      "geometry": {
        "type": "Polygon",
        "coordinates": [
          [
            [
              -74.05204397981531,
              40.71888089878104
            ],
            [
              -74.05087550235554,
              40.71887129650898
            ],
            [
              -74.05086271389109,
              40.71977160182929
            ],
            [
              -74.05203120708912,
              40.719781204404505
            ],
            [
              -74.05204397981531,
              40.71888089878104
            ]
          ]
        ]
      }
    },
    {
      "id": "671",
      "type": "Feature",
      "properties": {
        "tile_id": 671,
        "average_temperature": 33.6225,
        "min_temperature": 33.6225,
        "max_temperature": 33.6225
      },
      "geometry": {
        "type": "Polygon",
        "coordinates": [
          [
            [
              -74.05087550235554,
              40.71887129650898
            ],
            [
              -74.04970702545945,
              40.718861682411124
            ],
            [
              -74.04969422125676,
              40.71976198742789
            ],
            [
              -74.05086271389109,
              40.71977160182929
            ],
            [
              -74.05087550235554,
              40.71887129650898
            ]
          ]
        ]
      }
    },
    {
      "id": "672",
      "type": "Feature",
      "properties": {
        "tile_id": 672,
        "average_temperature": 33.1968,
        "min_temperature": 33.1968,
        "max_temperature": 33.1968
      },
      "geometry": {
        "type": "Polygon",
        "coordinates": [
          [
            [
              -74.08708626170728,
              40.720063782406115
            ],
            [
              -74.08591775192095,
              40.7200545346239
            ],
            [
              -74.08590543506016,
              40.72095484873291
            ],
            [
              -74.08707396058632,
              40.7209640968071
            ],
            [
              -74.08708626170728,
              40.720063782406115
            ]
          ]
        ]
      }
    },
    {
      "id": "673",
      "type": "Feature",
      "properties": {
        "tile_id": 673,
        "average_temperature": 33.3022,
        "min_temperature": 33.3022,
        "max_temperature": 33.3022
      },
      "geometry": {
        "type": "Polygon",
        "coordinates": [
          [
            [
              -74.08591775192095,
              40.7200545346239
            ],
            [
              -74.08474924267752,
              40.720045275015
            ],
            [
              -74.08473691007691,
              40.72094558883167
            ],
            [
              -74.08590543506016,
              40.72095484873291
            ],
            [
              -74.08591775192095,
              40.7200545346239
            ]
          ]
        ]
      }
    },
    {
      "id": "674",
      "type": "Feature",
      "properties": {
        "tile_id": 674,
        "average_temperature": 33.4155,
        "min_temperature": 33.4155,
        "max_temperature": 33.4155
      },
      "geometry": {
        "type": "Polygon",
        "coordinates": [
          [
            [
              -74.08474924267752,
              40.720045275015
            ],
            [
              -74.08358073397766,
              40.72003600357947
            ],
            [
              -74.08356838563729,
              40.72093631710341
            ],
            [
              -74.08473691007691,
              40.72094558883167
            ],
            [
              -74.08474924267752,
              40.720045275015
            ]
          ]
        ]
      }
    },
    {
      "id": "675",
      "type": "Feature",
      "properties": {
        "tile_id": 675,
        "average_temperature": 33.533,
        "min_temperature": 33.533,
        "max_temperature": 33.533
      },
      "geometry": {
        "type": "Polygon",
        "coordinates": [
          [
            [
              -74.08358073397766,
              40.72003600357947
            ],
            [
              -74.08241222582205,
              40.720026720317286
            ],
            [
              -74.08239986174196,
              40.720927033548136
            ],
            [
              -74.08356838563729,
              40.72093631710341
            ],
            [
              -74.08358073397766,
              40.72003600357947
            ]
          ]
        ]
      }
    },
    {
      "id": "676",
      "type": "Feature",
      "properties": {
        "tile_id": 676,
        "average_temperature": 33.6511,
        "min_temperature": 33.6511,
        "max_temperature": 33.6511
      },
      "geometry": {
        "type": "Polygon",
        "coordinates": [
          [
            [
              -74.08241222582205,
              40.720026720317286
            ],
            [
              -74.08124371821145,
              40.7200174252285
            ],
            [
              -74.08123133839162,
              40.72091773816587
            ],
            [
              -74.08239986174196,
              40.720927033548136
            ],
            [
              -74.08241222582205,
              40.720026720317286
            ]
          ]
        ]
      }
    },
    {
      "id": "677",
      "type": "Feature",
      "properties": {
        "tile_id": 677,
        "average_temperature": 33.7658,
        "min_temperature": 33.7658,
        "max_temperature": 33.7658
      },
      "geometry": {
        "type": "Polygon",
        "coordinates": [
          [
            [
              -74.08124371821145,
              40.7200174252285
            ],
            [
              -74.08007521114648,
              40.72000811831311
            ],
            [
              -74.08006281558698,
              40.720908430956634
            ],
            [
              -74.08123133839162,
              40.72091773816587
            ],
            [
              -74.08124371821145,
              40.7200174252285
            ]
          ]
        ]
      }
    },
    {
      "id": "678",
      "type": "Feature",
      "properties": {
        "tile_id": 678,
        "average_temperature": 33.8733,
        "min_temperature": 33.8733,
        "max_temperature": 33.8733
      },
      "geometry": {
        "type": "Polygon",
        "coordinates": [
          [
            [
              -74.08007521114648,
              40.72000811831311
            ],
            [
              -74.07890670462788,
              40.71999879957112
            ],
            [
              -74.07889429332872,
              40.72089911192043
            ],
            [
              -74.08006281558698,
              40.720908430956634
            ],
            [
              -74.08007521114648,
              40.72000811831311
            ]
          ]
        ]
      }
    },
    {
      "id": "679",
      "type": "Feature",
      "properties": {
        "tile_id": 679,
        "average_temperature": 33.9699,
        "min_temperature": 33.9699,
        "max_temperature": 33.9699
      },
      "geometry": {
        "type": "Polygon",
        "coordinates": [
          [
            [
              -74.07890670462788,
              40.71999879957112
            ],
            [
              -74.07773819865633,
              40.71998946900257
            ],
            [
              -74.07772577161752,
              40.72088978105728
            ],
            [
              -74.07889429332872,
              40.72089911192043
            ],
            [
              -74.07890670462788,
              40.71999879957112
            ]
          ]
        ]
      }
    },
    {
      "id": "680",
      "type": "Feature",
      "properties": {
        "tile_id": 680,
        "average_temperature": 34.0516,
        "min_temperature": 34.0516,
        "max_temperature": 34.0516
      },
      "geometry": {
        "type": "Polygon",
        "coordinates": [
          [
            [
              -74.07773819865633,
              40.71998946900257
            ],
            [
              -74.07656969323251,
              40.719980126607446
            ],
            [
              -74.07655725045412,
              40.72088043836721
            ],
            [
              -74.07772577161752,
              40.72088978105728
            ],
            [
              -74.07773819865633,
              40.71998946900257
            ]
          ]
        ]
      }
    },
    {
      "id": "681",
      "type": "Feature",
      "properties": {
        "tile_id": 681,
        "average_temperature": 34.1144,
        "min_temperature": 34.1144,
        "max_temperature": 34.1144
      },
      "geometry": {
        "type": "Polygon",
        "coordinates": [
          [
            [
              -74.07656969323251,
              40.719980126607446
            ],
            [
              -74.07540118835713,
              40.7199707723858
            ],
            [
              -74.07538872983916,
              40.72087108385023
            ],
            [
              -74.07655725045412,
              40.72088043836721
            ],
            [
              -74.07656969323251,
              40.719980126607446
            ]
          ]
        ]
      }
    },
    {
      "id": "682",
      "type": "Feature",
      "properties": {
        "tile_id": 682,
        "average_temperature": 34.1545,
        "min_temperature": 34.1545,
        "max_temperature": 34.1545
      },
      "geometry": {
        "type": "Polygon",
        "coordinates": [
          [
            [
              -74.07540118835713,
              40.7199707723858
            ],
            [
              -74.07423268403089,
              40.719961406337625
            ],
            [
              -74.07422020977336,
              40.72086171750634
            ],
            [
              -74.07538872983916,
              40.72087108385023
            ],
            [
              -74.07540118835713,
              40.7199707723858
            ]
          ]
        ]
      }
    },
    {
      "id": "683",
      "type": "Feature",
      "properties": {
        "tile_id": 683,
        "average_temperature": 34.1711,
        "min_temperature": 34.1711,
        "max_temperature": 34.1711
      },
      "geometry": {
        "type": "Polygon",
        "coordinates": [
          [
            [
              -74.07423268403089,
              40.719961406337625
            ],
            [
              -74.07306418025446,
              40.71995202846295
            ],
            [
              -74.07305169025742,
              40.72085233933557
            ],
            [
              -74.07422020977336,
              40.72086171750634
            ],
            [
              -74.07423268403089,
              40.719961406337625
            ]
          ]
        ]
      }
    },
    {
      "id": "684",
      "type": "Feature",
      "properties": {
        "tile_id": 684,
        "average_temperature": 34.1673,
        "min_temperature": 34.1673,
        "max_temperature": 34.1673
      },
      "geometry": {
        "type": "Polygon",
        "coordinates": [
          [
            [
              -74.07306418025446,
              40.71995202846295
            ],
            [
              -74.07189567702856,
              40.71994263876177
            ],
            [
              -74.07188317129201,
              40.72084294933794
            ],
            [
              -74.07305169025743,
              40.72085233933557
            ],
            [
              -74.07306418025446,
              40.71995202846295
            ]
          ]
        ]
      }
    },
    {
      "id": "685",
      "type": "Feature",
      "properties": {
        "tile_id": 685,
        "average_temperature": 34.1465,
        "min_temperature": 34.1465,
        "max_temperature": 34.1465
      },
      "geometry": {
        "type": "Polygon",
        "coordinates": [
          [
            [
              -74.07189567702856,
              40.71994263876177
            ],
            [
              -74.07072717435386,
              40.71993323723413
            ],
            [
              -74.07071465287787,
              40.72083354751347
            ],
            [
              -74.07188317129201,
              40.72084294933794
            ],
            [
              -74.07189567702856,
              40.71994263876177
            ]
          ]
        ]
      }
    },
    {
      "id": "686",
      "type": "Feature",
      "properties": {
        "tile_id": 686,
        "average_temperature": 34.1119,
        "min_temperature": 34.1119,
        "max_temperature": 34.1119
      },
      "geometry": {
        "type": "Polygon",
        "coordinates": [
          [
            [
              -74.07072717435386,
              40.71993323723413
            ],
            [
              -74.06955867223107,
              40.71992382388002
            ],
            [
              -74.06954613501563,
              40.72082413386216
            ],
            [
              -74.07071465287787,
              40.72083354751347
            ],
            [
              -74.07072717435386,
              40.71993323723413
            ]
          ]
        ]
      }
    },
    {
      "id": "687",
      "type": "Feature",
      "properties": {
        "tile_id": 687,
        "average_temperature": 34.067,
        "min_temperature": 34.067,
        "max_temperature": 34.067
      },
      "geometry": {
        "type": "Polygon",
        "coordinates": [
          [
            [
              -74.06955867223107,
              40.71992382388002
            ],
            [
              -74.06839017066088,
              40.71991439869948
            ],
            [
              -74.06837761770602,
              40.72081470838403
            ],
            [
              -74.06954613501563,
              40.72082413386216
            ],
            [
              -74.06955867223107,
              40.71992382388002
            ]
          ]
        ]
      }
    },
    {
      "id": "688",
      "type": "Feature",
      "properties": {
        "tile_id": 688,
        "average_temperature": 34.015,
        "min_temperature": 34.015,
        "max_temperature": 34.015
      },
      "geometry": {
        "type": "Polygon",
        "coordinates": [
          [
            [
              -74.06839017066088,
              40.71991439869948
            ],
            [
              -74.06722166964396,
              40.71990496169251
            ],
            [
              -74.06720910094973,
              40.720805271079115
            ],
            [
              -74.06837761770602,
              40.72081470838403
            ],
            [
              -74.06839017066088,
              40.71991439869948
            ]
          ]
        ]
      }
    },
    {
      "id": "689",
      "type": "Feature",
      "properties": {
        "tile_id": 689,
        "average_temperature": 33.9595,
        "min_temperature": 33.9595,
        "max_temperature": 33.9595
      },
      "geometry": {
        "type": "Polygon",
        "coordinates": [
          [
            [
              -74.06722166964396,
              40.71990496169251
            ],
            [
              -74.06605316918103,
              40.71989551285913
            ],
            [
              -74.06604058474746,
              40.720795821947405
            ],
            [
              -74.06720910094973,
              40.720805271079115
            ],
            [
              -74.06722166964396,
              40.71990496169251
            ]
          ]
        ]
      }
    },
    {
      "id": "690",
      "type": "Feature",
      "properties": {
        "tile_id": 690,
        "average_temperature": 33.9039,
        "min_temperature": 33.9039,
        "max_temperature": 33.9039
      },
      "geometry": {
        "type": "Polygon",
        "coordinates": [
          [
            [
              -74.06605316918103,
              40.71989551285913
            ],
            [
              -74.06488466927279,
              40.71988605219934
            ],
            [
              -74.06487206909989,
              40.72078636098893
            ],
            [
              -74.06604058474746,
              40.720795821947405
            ],
            [
              -74.06605316918103,
              40.71989551285913
            ]
          ]
        ]
      }
    },
    {
      "id": "691",
      "type": "Feature",
      "properties": {
        "tile_id": 691,
        "average_temperature": 33.8517,
        "min_temperature": 33.8517,
        "max_temperature": 33.8517
      },
      "geometry": {
        "type": "Polygon",
        "coordinates": [
          [
            [
              -74.06488466927279,
              40.71988605219934
            ],
            [
              -74.06371616991991,
              40.719876579713194
            ],
            [
              -74.06370355400773,
              40.72077688820371
            ],
            [
              -74.06487206909989,
              40.72078636098893
            ],
            [
              -74.06488466927279,
              40.71988605219934
            ]
          ]
        ]
      }
    },
    {
      "id": "692",
      "type": "Feature",
      "properties": {
        "tile_id": 692,
        "average_temperature": 33.8057,
        "min_temperature": 33.8057,
        "max_temperature": 33.8057
      },
      "geometry": {
        "type": "Polygon",
        "coordinates": [
          [
            [
              -74.06371616991991,
              40.719876579713194
            ],
            [
              -74.0625476711231,
              40.71986709540068
            ],
            [
              -74.06253503947164,
              40.72076740359175
            ],
            [
              -74.06370355400773,
              40.72077688820371
            ],
            [
              -74.06371616991991,
              40.719876579713194
            ]
          ]
        ]
      }
    },
    {
      "id": "693",
      "type": "Feature",
      "properties": {
        "tile_id": 693,
        "average_temperature": 33.7659,
        "min_temperature": 33.7659,
        "max_temperature": 33.7659
      },
      "geometry": {
        "type": "Polygon",
        "coordinates": [
          [
            [
              -74.0625476711231,
              40.71986709540068
            ],
            [
              -74.06137917288305,
              40.71985759926182
            ],
            [
              -74.06136652549236,
              40.72075790715308
            ],
            [
              -74.06253503947164,
              40.72076740359175
            ],
            [
              -74.0625476711231,
              40.71986709540068
            ]
          ]
        ]
      }
    },
    {
      "id": "694",
      "type": "Feature",
      "properties": {
        "tile_id": 694,
        "average_temperature": 33.732,
        "min_temperature": 33.732,
        "max_temperature": 33.732
      },
      "geometry": {
        "type": "Polygon",
        "coordinates": [
          [
            [
              -74.06137917288305,
              40.71985759926182
            ],
            [
              -74.06021067520044,
              40.71984809129664
            ],
            [
              -74.06019801207054,
              40.72074839888769
            ],
            [
              -74.06136652549236,
              40.72075790715308
            ],
            [
              -74.06137917288305,
              40.71985759926182
            ]
          ]
        ]
      }
    },
    {
      "id": "695",
      "type": "Feature",
      "properties": {
        "tile_id": 695,
        "average_temperature": 33.7035,
        "min_temperature": 33.7035,
        "max_temperature": 33.7035
      },
      "geometry": {
        "type": "Polygon",
        "coordinates": [
          [
            [
              -74.06021067520044,
              40.71984809129664
            ],
            [
              -74.05904217807598,
              40.719838571505136
            ],
            [
              -74.0590294992069,
              40.720738878795636
            ],
            [
              -74.06019801207054,
              40.72074839888769
            ],
            [
              -74.06021067520044,
              40.71984809129664
            ]
          ]
        ]
      }
    },
    {
      "id": "696",
      "type": "Feature",
      "properties": {
        "tile_id": 696,
        "average_temperature": 33.6798,
        "min_temperature": 33.6798,
        "max_temperature": 33.6798
      },
      "geometry": {
        "type": "Polygon",
        "coordinates": [
          [
            [
              -74.05904217807598,
              40.719838571505136
            ],
            [
              -74.05787368151036,
              40.719829039887344
            ],
            [
              -74.05786098690213,
              40.72072934687691
            ],
            [
              -74.0590294992069,
              40.720738878795636
            ],
            [
              -74.05904217807598,
              40.719838571505136
            ]
          ]
        ]
      }
    },
    {
      "id": "697",
      "type": "Feature",
      "properties": {
        "tile_id": 697,
        "average_temperature": 33.6606,
        "min_temperature": 33.6606,
        "max_temperature": 33.6606
      },
      "geometry": {
        "type": "Polygon",
        "coordinates": [
          [
            [
              -74.05787368151036,
              40.719829039887344
            ],
            [
              -74.05670518550427,
              40.719819496443264
            ],
            [
              -74.05669247515692,
              40.72071980313152
            ],
            [
              -74.05786098690213,
              40.72072934687691
            ],
            [
              -74.05787368151036,
              40.719829039887344
            ]
          ]
        ]
      }
    },
    {
      "id": "698",
      "type": "Feature",
      "properties": {
        "tile_id": 698,
        "average_temperature": 33.6452,
        "min_temperature": 33.6452,
        "max_temperature": 33.6452
      },
      "geometry": {
        "type": "Polygon",
        "coordinates": [
          [
            [
              -74.05670518550427,
              40.719819496443264
            ],
            [
              -74.05553669005842,
              40.71980994117293
            ],
            [
              -74.05552396397196,
              40.7207102475595
            ],
            [
              -74.05669247515692,
              40.72071980313152
            ],
            [
              -74.05670518550427,
              40.719819496443264
            ]
          ]
        ]
      }
    },
    {
      "id": "699",
      "type": "Feature",
      "properties": {
        "tile_id": 699,
        "average_temperature": 33.6333,
        "min_temperature": 33.6333,
        "max_temperature": 33.6333
      },
      "geometry": {
        "type": "Polygon",
        "coordinates": [
          [
            [
              -74.05553669005842,
              40.71980994117293
            ],
            [
              -74.05436819517347,
              40.71980037407635
            ],
            [
              -74.05435545334797,
              40.72070068016086
            ],
            [
              -74.05552396397196,
              40.7207102475595
            ],
            [
              -74.05553669005842,
              40.71980994117293
            ]
          ]
        ]
      }
    },
    {
      "id": "700",
      "type": "Feature",
      "properties": {
        "tile_id": 700,
        "average_temperature": 33.6243,
        "min_temperature": 33.6243,
        "max_temperature": 33.6243
      },
      "geometry": {
        "type": "Polygon",
        "coordinates": [
          [
            [
              -74.05436819517347,
              40.71980037407635
            ],
            [
              -74.05319970085014,
              40.719790795153536
            ],
            [
              -74.0531869432856,
              40.720691100935625
            ],
            [
              -74.05435545334797,
              40.72070068016086
            ],
            [
              -74.05436819517347,
              40.71980037407635
            ]
          ]
        ]
      }
    },
    {
      "id": "701",
      "type": "Feature",
      "properties": {
        "tile_id": 701,
        "average_temperature": 33.6176,
        "min_temperature": 33.6176,
        "max_temperature": 33.6176
      },
      "geometry": {
        "type": "Polygon",
        "coordinates": [
          [
            [
              -74.05319970085014,
              40.719790795153536
            ],
            [
              -74.05203120708912,
              40.719781204404505
            ],
            [
              -74.05201843378556,
              40.72068150988379
            ],
            [
              -74.0531869432856,
              40.720691100935625
            ],
            [
              -74.05319970085014,
              40.719790795153536
            ]
          ]
        ]
      }
    },
    {
      "id": "702",
      "type": "Feature",
      "properties": {
        "tile_id": 702,
        "average_temperature": 33.6131,
        "min_temperature": 33.6131,
        "max_temperature": 33.6131
      },
      "geometry": {
        "type": "Polygon",
        "coordinates": [
          [
            [
              -74.05203120708912,
              40.719781204404505
            ],
            [
              -74.05086271389109,
              40.71977160182929
            ],
            [
              -74.05084992484856,
              40.72067190700539
            ],
            [
              -74.05201843378556,
              40.72068150988379
            ],
            [
              -74.05203120708912,
              40.719781204404505
            ]
          ]
        ]
      }
    },
    {
      "id": "703",
      "type": "Feature",
      "properties": {
        "tile_id": 703,
        "average_temperature": 33.6104,
        "min_temperature": 33.6104,
        "max_temperature": 33.6104
      },
      "geometry": {
        "type": "Polygon",
        "coordinates": [
          [
            [
              -74.05086271389109,
              40.71977160182929
            ],
            [
              -74.04969422125676,
              40.71976198742789
            ],
            [
              -74.04968141647528,
              40.72066229230044
            ],
            [
              -74.05084992484856,
              40.72067190700539
            ],
            [
              -74.05086271389109,
              40.71977160182929
            ]
          ]
        ]
      }
    },
    {
      "id": "704",
      "type": "Feature",
      "properties": {
        "tile_id": 704,
        "average_temperature": 33.4452,
        "min_temperature": 33.4452,
        "max_temperature": 33.4452
      },
      "geometry": {
        "type": "Polygon",
        "coordinates": [
          [
            [
              -74.08707396058632,
              40.72096409680711
            ],
            [
              -74.08590543506016,
              40.720954848732916
            ],
            [
              -74.08589311764261,
              40.72185516269797
            ],
            [
              -74.0870616589093,
              40.72186441106416
            ],
            [
              -74.08707396058632,
              40.72096409680711
            ]
          ]
        ]
      }
    },
    {
      "id": "705",
      "type": "Feature",
      "properties": {
        "tile_id": 705,
        "average_temperature": 33.5203,
        "min_temperature": 33.5203,
        "max_temperature": 33.5203
      },
      "geometry": {
        "type": "Polygon",
        "coordinates": [
          [
            [
              -74.08590543506016,
              40.720954848732916
            ],
            [
              -74.08473691007691,
              40.72094558883168
            ],
            [
              -74.08472457691887,
              40.721845902504384
            ],
            [
              -74.08589311764261,
              40.72185516269797
            ],
            [
              -74.08590543506016,
              40.720954848732916
            ]
          ]
        ]
      }
    },
    {
      "id": "706",
      "type": "Feature",
      "properties": {
        "tile_id": 706,
        "average_temperature": 33.6009,
        "min_temperature": 33.6009,
        "max_temperature": 33.6009
      },
      "geometry": {
        "type": "Polygon",
        "coordinates": [
          [
            [
              -74.08473691007691,
              40.72094558883168
            ],
            [
              -74.08356838563729,
              40.72093631710341
            ],
            [
              -74.08355603673874,
              40.72183663048338
            ],
            [
              -74.08472457691887,
              40.721845902504384
            ],
            [
              -74.08473691007691,
              40.72094558883168
            ]
          ]
        ]
      }
    },
    {
      "id": "707",
      "type": "Feature",
      "properties": {
        "tile_id": 707,
        "average_temperature": 33.6844,
        "min_temperature": 33.6844,
        "max_temperature": 33.6844
      },
      "geometry": {
        "type": "Polygon",
        "coordinates": [
          [
            [
              -74.08356838563729,
              40.72093631710341
            ],
            [
              -74.08239986174196,
              40.72092703354814
            ],
            [
              -74.08238749710296,
              40.72182734663501
            ],
            [
              -74.08355603673874,
              40.72183663048338
            ],
            [
              -74.08356838563729,
              40.72093631710341
            ]
          ]
        ]
      }
    },
    {
      "id": "708",
      "type": "Feature",
      "properties": {
        "tile_id": 708,
        "average_temperature": 33.7679,
        "min_temperature": 33.7679,
        "max_temperature": 33.7679
      },
      "geometry": {
        "type": "Polygon",
        "coordinates": [
          [
            [
              -74.08239986174196,
              40.72092703354814
            ],
            [
              -74.08123133839162,
              40.72091773816587
            ],
            [
              -74.0812189580122,
              40.721818050959264
            ],
            [
              -74.08238749710296,
              40.72182734663501
            ],
            [
              -74.08239986174196,
              40.72092703354814
            ]
          ]
        ]
      }
    },
    {
      "id": "709",
      "type": "Feature",
      "properties": {
        "tile_id": 709,
        "average_temperature": 33.8486,
        "min_temperature": 33.8486,
        "max_temperature": 33.8486
      },
      "geometry": {
        "type": "Polygon",
        "coordinates": [
          [
            [
              -74.08123133839162,
              40.72091773816587
            ],
            [
              -74.08006281558698,
              40.720908430956634
            ],
            [
              -74.08005041946716,
              40.721808743456165
            ],
            [
              -74.0812189580122,
              40.721818050959264
            ],
            [
              -74.08123133839162,
              40.72091773816587
            ]
          ]
        ]
      }
    },
    {
      "id": "710",
      "type": "Feature",
      "properties": {
        "tile_id": 710,
        "average_temperature": 33.9238,
        "min_temperature": 33.9238,
        "max_temperature": 33.9238
      },
      "geometry": {
        "type": "Polygon",
        "coordinates": [
          [
            [
              -74.08006281558698,
              40.720908430956634
            ],
            [
              -74.07889429332872,
              40.72089911192044
            ],
            [
              -74.07888188146852,
              40.72179942412575
            ],
            [
              -74.08005041946716,
              40.721808743456165
            ],
            [
              -74.08006281558698,
              40.720908430956634
            ]
          ]
        ]
      }
    },
    {
      "id": "711",
      "type": "Feature",
      "properties": {
        "tile_id": 711,
        "average_temperature": 33.9904,
        "min_temperature": 33.9904,
        "max_temperature": 33.9904
      },
      "geometry": {
        "type": "Polygon",
        "coordinates": [
          [
            [
              -74.07889429332872,
              40.72089911192044
            ],
            [
              -74.07772577161752,
              40.720889781057295
            ],
            [
              -74.07771334401698,
              40.721790092968
            ],
            [
              -74.07888188146852,
              40.72179942412575
            ],
            [
              -74.07889429332872,
              40.72089911192044
            ]
          ]
        ]
      }
    },
    {
      "id": "712",
      "type": "Feature",
      "properties": {
        "tile_id": 712,
        "average_temperature": 34.0456,
        "min_temperature": 34.0456,
        "max_temperature": 34.0456
      },
      "geometry": {
        "type": "Polygon",
        "coordinates": [
          [
            [
              -74.07772577161752,
              40.720889781057295
            ],
            [
              -74.07655725045412,
              40.72088043836722
            ],
            [
              -74.07654480711325,
              40.721780749982955
            ],
            [
              -74.07771334401698,
              40.721790092968
            ],
            [
              -74.07772577161752,
              40.720889781057295
            ]
          ]
        ]
      }
    },
    {
      "id": "713",
      "type": "Feature",
      "properties": {
        "tile_id": 713,
        "average_temperature": 34.0863,
        "min_temperature": 34.0863,
        "max_temperature": 34.0863
      },
      "geometry": {
        "type": "Polygon",
        "coordinates": [
          [
            [
              -74.07655725045412,
              40.72088043836722
            ],
            [
              -74.07538872983915,
              40.72087108385023
            ],
            [
              -74.07537627075801,
              40.72177139517061
            ],
            [
              -74.07654480711325,
              40.721780749982955
            ],
            [
              -74.07655725045412,
              40.72088043836722
            ]
          ]
        ]
      }
    },
    {
      "id": "714",
      "type": "Feature",
      "properties": {
        "tile_id": 714,
        "average_temperature": 34.1096,
        "min_temperature": 34.1096,
        "max_temperature": 34.1096
      },
      "geometry": {
        "type": "Polygon",
        "coordinates": [
          [
            [
              -74.07538872983915,
              40.72087108385023
            ],
            [
              -74.07422020977336,
              40.720861717506345
            ],
            [
              -74.07420773495195,
              40.72176202853102
            ],
            [
              -74.07537627075801,
              40.72177139517061
            ],
            [
              -74.07538872983915,
              40.72087108385023
            ]
          ]
        ]
      }
    },
    {
      "id": "715",
      "type": "Feature",
      "properties": {
        "tile_id": 715,
        "average_temperature": 34.115,
        "min_temperature": 34.115,
        "max_temperature": 34.115
      },
      "geometry": {
        "type": "Polygon",
        "coordinates": [
          [
            [
              -74.07422020977336,
              40.720861717506345
            ],
            [
              -74.07305169025742,
              40.72085233933558
            ],
            [
              -74.07303919969578,
              40.72175265006416
            ],
            [
              -74.07420773495195,
              40.72176202853102
            ],
            [
              -74.07422020977336,
              40.720861717506345
            ]
          ]
        ]
      }
    },
    {
      "id": "716",
      "type": "Feature",
      "properties": {
        "tile_id": 716,
        "average_temperature": 34.1049,
        "min_temperature": 34.1049,
        "max_temperature": 34.1049
      },
      "geometry": {
        "type": "Polygon",
        "coordinates": [
          [
            [
              -74.07305169025743,
              40.72085233933558
            ],
            [
              -74.07188317129201,
              40.72084294933794
            ],
            [
              -74.07187066499019,
              40.72174325977007
            ],
            [
              -74.07303919969578,
              40.72175265006416
            ],
            [
              -74.07305169025743,
              40.72085233933558
            ]
          ]
        ]
      }
    },
    {
      "id": "717",
      "type": "Feature",
      "properties": {
        "tile_id": 717,
        "average_temperature": 34.0819,
        "min_temperature": 34.0819,
        "max_temperature": 34.0819
      },
      "geometry": {
        "type": "Polygon",
        "coordinates": [
          [
            [
              -74.07188317129201,
              40.72084294933794
            ],
            [
              -74.07071465287787,
              40.720833547513486
            ],
            [
              -74.07070213083584,
              40.72173385764876
            ],
            [
              -74.07187066499019,
              40.72174325977007
            ],
            [
              -74.07188317129201,
              40.72084294933794
            ]
          ]
        ]
      }
    },
    {
      "id": "718",
      "type": "Feature",
      "properties": {
        "tile_id": 718,
        "average_temperature": 34.0486,
        "min_temperature": 34.0486,
        "max_temperature": 34.0486
      },
      "geometry": {
        "type": "Polygon",
        "coordinates": [
          [
            [
              -74.07071465287787,
              40.720833547513486
            ],
            [
              -74.06954613501563,
              40.72082413386217
            ],
            [
              -74.06953359723347,
              40.72172444370023
            ],
            [
              -74.07070213083584,
              40.72173385764876
            ],
            [
              -74.07071465287787,
              40.720833547513486
            ]
          ]
        ]
      }
    },
    {
      "id": "719",
      "type": "Feature",
      "properties": {
        "tile_id": 719,
        "average_temperature": 34.0077,
        "min_temperature": 34.0077,
        "max_temperature": 34.0077
      },
      "geometry": {
        "type": "Polygon",
        "coordinates": [
          [
            [
              -74.06954613501563,
              40.72082413386217
            ],
            [
              -74.06837761770602,
              40.72081470838404
            ],
            [
              -74.06836506418374,
              40.72171501792453
            ],
            [
              -74.06953359723347,
              40.72172444370023
            ],
            [
              -74.06954613501563,
              40.72082413386217
            ]
          ]
        ]
      }
    },
    {
      "id": "720",
      "type": "Feature",
      "properties": {
        "tile_id": 720,
        "average_temperature": 33.9619,
        "min_temperature": 33.9619,
        "max_temperature": 33.9619
      },
      "geometry": {
        "type": "Polygon",
        "coordinates": [
          [
            [
              -74.06837761770602,
              40.72081470838404
            ],
            [
              -74.06720910094973,
              40.72080527107912
            ],
            [
              -74.06719653168736,
              40.72170558032164
            ],
            [
              -74.06836506418374,
              40.72171501792453
            ],
            [
              -74.06837761770602,
              40.72081470838404
            ]
          ]
        ]
      }
    },
    {
      "id": "721",
      "type": "Feature",
      "properties": {
        "tile_id": 721,
        "average_temperature": 33.9138,
        "min_temperature": 33.9138,
        "max_temperature": 33.9138
      },
      "geometry": {
        "type": "Polygon",
        "coordinates": [
          [
            [
              -74.06720910094973,
              40.72080527107912
            ],
            [
              -74.06604058474746,
              40.720795821947405
            ],
            [
              -74.06602799974503,
              40.72169613089161
            ],
            [
              -74.06719653168736,
              40.72170558032164
            ],
            [
              -74.06720910094973,
              40.72080527107912
            ]
          ]
        ]
      }
    },
    {
      "id": "722",
      "type": "Feature",
      "properties": {
        "tile_id": 722,
        "average_temperature": 33.8662,
        "min_temperature": 33.8662,
        "max_temperature": 33.8662
      },
      "geometry": {
        "type": "Polygon",
        "coordinates": [
          [
            [
              -74.06604058474746,
              40.720795821947405
            ],
            [
              -74.06487206909989,
              40.72078636098894
            ],
            [
              -74.06485946835743,
              40.72168666963443
            ],
            [
              -74.06602799974503,
              40.72169613089161
            ],
            [
              -74.06604058474746,
              40.720795821947405
            ]
          ]
        ]
      }
    },
    {
      "id": "723",
      "type": "Feature",
      "properties": {
        "tile_id": 723,
        "average_temperature": 33.8218,
        "min_temperature": 33.8218,
        "max_temperature": 33.8218
      },
      "geometry": {
        "type": "Polygon",
        "coordinates": [
          [
            [
              -74.06487206909989,
              40.72078636098894
            ],
            [
              -74.06370355400773,
              40.720776888203716
            ],
            [
              -74.06369093752525,
              40.721677196550125
            ],
            [
              -74.06485946835743,
              40.72168666963443
            ],
            [
              -74.06487206909989,
              40.72078636098894
            ]
          ]
        ]
      }
    },
    {
      "id": "724",
      "type": "Feature",
      "properties": {
        "tile_id": 724,
        "average_temperature": 33.7829,
        "min_temperature": 33.7829,
        "max_temperature": 33.7829
      },
      "geometry": {
        "type": "Polygon",
        "coordinates": [
          [
            [
              -74.06370355400773,
              40.720776888203716
            ],
            [
              -74.06253503947164,
              40.720767403591765
            ],
            [
              -74.06252240724919,
              40.721667711638716
            ],
            [
              -74.06369093752525,
              40.721677196550125
            ],
            [
              -74.06370355400773,
              40.720776888203716
            ]
          ]
        ]
      }
    },
    {
      "id": "725",
      "type": "Feature",
      "properties": {
        "tile_id": 725,
        "average_temperature": 33.7494,
        "min_temperature": 33.7494,
        "max_temperature": 33.7494
      },
      "geometry": {
        "type": "Polygon",
        "coordinates": [
          [
            [
              -74.06253503947164,
              40.720767403591765
            ],
            [
              -74.06136652549236,
              40.72075790715308
            ],
            [
              -74.06135387752997,
              40.721658214900216
            ],
            [
              -74.06252240724919,
              40.721667711638716
            ],
            [
              -74.06253503947164,
              40.720767403591765
            ]
          ]
        ]
      }
    },
    {
      "id": "726",
      "type": "Feature",
      "properties": {
        "tile_id": 726,
        "average_temperature": 33.7209,
        "min_temperature": 33.7209,
        "max_temperature": 33.7209
      },
      "geometry": {
        "type": "Polygon",
        "coordinates": [
          [
            [
              -74.06136652549236,
              40.72075790715308
            ],
            [
              -74.06019801207054,
              40.7207483988877
            ],
            [
              -74.06018534836824,
              40.72164870633464
            ],
            [
              -74.06135387752997,
              40.721658214900216
            ],
            [
              -74.06136652549236,
              40.72075790715308
            ]
          ]
        ]
      }
    },
    {
      "id": "727",
      "type": "Feature",
      "properties": {
        "tile_id": 727,
        "average_temperature": 33.697,
        "min_temperature": 33.697,
        "max_temperature": 33.697
      },
      "geometry": {
        "type": "Polygon",
        "coordinates": [
          [
            [
              -74.06019801207054,
              40.7207483988877
            ],
            [
              -74.0590294992069,
              40.72073887879564
            ],
            [
              -74.05901681976471,
              40.721639185942
            ],
            [
              -74.06018534836824,
              40.72164870633464
            ],
            [
              -74.06019801207054,
              40.7207483988877
            ]
          ]
        ]
      }
    },
    {
      "id": "728",
      "type": "Feature",
      "properties": {
        "tile_id": 728,
        "average_temperature": 33.6772,
        "min_temperature": 33.6772,
        "max_temperature": 33.6772
      },
      "geometry": {
        "type": "Polygon",
        "coordinates": [
          [
            [
              -74.0590294992069,
              40.72073887879564
            ],
            [
              -74.05786098690213,
              40.72072934687691
            ],
            [
              -74.05784829172006,
              40.721629653722324
            ],
            [
              -74.05901681976471,
              40.721639185942
            ],
            [
              -74.0590294992069,
              40.72073887879564
            ]
          ]
        ]
      }
    },
    {
      "id": "729",
      "type": "Feature",
      "properties": {
        "tile_id": 729,
        "average_temperature": 33.6611,
        "min_temperature": 33.6611,
        "max_temperature": 33.6611
      },
      "geometry": {
        "type": "Polygon",
        "coordinates": [
          [
            [
              -74.05786098690213,
              40.72072934687691
            ],
            [
              -74.05669247515692,
              40.72071980313153
            ],
            [
              -74.05667976423504,
              40.721620109675634
            ],
            [
              -74.05784829172006,
              40.721629653722324
            ],
            [
              -74.05786098690213,
              40.72072934687691
            ]
          ]
        ]
      }
    },
    {
      "id": "730",
      "type": "Feature",
      "properties": {
        "tile_id": 730,
        "average_temperature": 33.6483,
        "min_temperature": 33.6483,
        "max_temperature": 33.6483
      },
      "geometry": {
        "type": "Polygon",
        "coordinates": [
          [
            [
              -74.05669247515692,
              40.72071980313153
            ],
            [
              -74.05552396397196,
              40.72071024755951
            ],
            [
              -74.05551123731027,
              40.721610553801916
            ],
            [
              -74.05667976423504,
              40.721620109675634
            ],
            [
              -74.05669247515692,
              40.72071980313153
            ]
          ]
        ]
      }
    },
    {
      "id": "731",
      "type": "Feature",
      "properties": {
        "tile_id": 731,
        "average_temperature": 33.6383,
        "min_temperature": 33.6383,
        "max_temperature": 33.6383
      },
      "geometry": {
        "type": "Polygon",
        "coordinates": [
          [
            [
              -74.05552396397196,
              40.72071024755951
            ],
            [
              -74.05435545334797,
              40.72070068016087
            ],
            [
              -74.05434271094649,
              40.721600986101215
            ],
            [
              -74.05551123731028,
              40.721610553801916
            ],
            [
              -74.05552396397196,
              40.72071024755951
            ]
          ]
        ]
      }
    },
    {
      "id": "732",
      "type": "Feature",
      "properties": {
        "tile_id": 732,
        "average_temperature": 33.6306,
        "min_temperature": 33.6306,
        "max_temperature": 33.6306
      },
      "geometry": {
        "type": "Polygon",
        "coordinates": [
          [
            [
              -74.05435545334797,
              40.72070068016087
            ],
            [
              -74.0531869432856,
              40.720691100935625
            ],
            [
              -74.05317418514437,
              40.72159140657353
            ],
            [
              -74.05434271094649,
              40.721600986101215
            ],
            [
              -74.05435545334797,
              40.72070068016087
            ]
          ]
        ]
      }
    },
    {
      "id": "733",
      "type": "Feature",
      "properties": {
        "tile_id": 733,
        "average_temperature": 33.6249,
        "min_temperature": 33.6249,
        "max_temperature": 33.6249
      },
      "geometry": {
        "type": "Polygon",
        "coordinates": [
          [
            [
              -74.0531869432856,
              40.720691100935625
            ],
            [
              -74.05201843378556,
              40.72068150988379
            ],
            [
              -74.05200565990462,
              40.7215818152189
            ],
            [
              -74.05317418514437,
              40.72159140657353
            ],
            [
              -74.0531869432856,
              40.720691100935625
            ]
          ]
        ]
      }
    },
    {
      "id": "734",
      "type": "Feature",
      "properties": {
        "tile_id": 734,
        "average_temperature": 33.6209,
        "min_temperature": 33.6209,
        "max_temperature": 33.6209
      },
      "geometry": {
        "type": "Polygon",
        "coordinates": [
          [
            [
              -74.05201843378556,
              40.72068150988379
            ],
            [
              -74.05084992484856,
              40.720671907005396
            ],
            [
              -74.05083713522792,
              40.72157221203731
            ],
            [
              -74.05200565990462,
              40.7215818152189
            ],
            [
              -74.05201843378556,
              40.72068150988379
            ]
          ]
        ]
      }
    },
    {
      "id": "735",
      "type": "Feature",
      "properties": {
        "tile_id": 735,
        "average_temperature": 33.6185,
        "min_temperature": 33.6185,
        "max_temperature": 33.6185
      },
      "geometry": {
        "type": "Polygon",
        "coordinates": [
          [
            [
              -74.05084992484856,
              40.720671907005396
            ],
            [
              -74.04968141647528,
              40.72066229230044
            ],
            [
              -74.04966861111498,
              40.721562597028786
            ],
            [
              -74.05083713522792,
              40.72157221203731
            ],
            [
              -74.05084992484856,
              40.720671907005396
            ]
          ]
        ]
      }
    },
    {
      "id": "736",
      "type": "Feature",
      "properties": {
        "tile_id": 736,
        "average_temperature": 33.6776,
        "min_temperature": 33.6776,
        "max_temperature": 33.6776
      },
      "geometry": {
        "type": "Polygon",
        "coordinates": [
          [
            [
              -74.0870616589093,
              40.72186441106417
            ],
            [
              -74.08589311764261,
              40.721855162697985
            ],
            [
              -74.08588079966827,
              40.722755476519076
            ],
            [
              -74.08704935667623,
              40.72276472517726
            ],
            [
              -74.0870616589093,
              40.72186441106417
            ]
          ]
        ]
      }
    },
    {
      "id": "737",
      "type": "Feature",
      "properties": {
        "tile_id": 737,
        "average_temperature": 33.7214,
        "min_temperature": 33.7214,
        "max_temperature": 33.7214
      },
      "geometry": {
        "type": "Polygon",
        "coordinates": [
          [
            [
              -74.08589311764261,
              40.721855162697985
            ],
            [
              -74.08472457691887,
              40.721845902504384
            ],
            [
              -74.0847122432033,
              40.722746216033116
            ],
            [
              -74.08588079966827,
              40.722755476519076
            ],
            [
              -74.08589311764261,
              40.721855162697985
            ]
          ]
        ]
      }
    },
    {
      "id": "738",
      "type": "Feature",
      "properties": {
        "tile_id": 738,
        "average_temperature": 33.7682,
        "min_temperature": 33.7682,
        "max_temperature": 33.7682
      },
      "geometry": {
        "type": "Polygon",
        "coordinates": [
          [
            [
              -74.08472457691887,
              40.721845902504384
            ],
            [
              -74.08355603673874,
              40.72183663048339
            ],
            [
              -74.08354368728199,
              40.72273694371938
            ],
            [
              -74.0847122432033,
              40.722746216033116
            ],
            [
              -74.08472457691887,
              40.721845902504384
            ]
          ]
        ]
      }
    },
    {
      "id": "739",
      "type": "Feature",
      "properties": {
        "tile_id": 739,
        "average_temperature": 33.8162,
        "min_temperature": 33.8162,
        "max_temperature": 33.8162
      },
      "geometry": {
        "type": "Polygon",
        "coordinates": [
          [
            [
              -74.08355603673874,
              40.72183663048339
            ],
            [
              -74.08238749710296,
              40.72182734663501
            ],
            [
              -74.08237513190504,
              40.72272765957789
            ],
            [
              -74.08354368728199,
              40.72273694371938
            ],
            [
              -74.08355603673874,
              40.72183663048339
            ]
          ]
        ]
      }
    },
    {
      "id": "740",
      "type": "Feature",
      "properties": {
        "tile_id": 740,
        "average_temperature": 33.8638,
        "min_temperature": 33.8638,
        "max_temperature": 33.8638
      },
      "geometry": {
        "type": "Polygon",
        "coordinates": [
          [
            [
              -74.08238749710296,
              40.72182734663501
            ],
            [
              -74.0812189580122,
              40.72181805095927
            ],
            [
              -74.08120657707313,
              40.72271836360866
            ],
            [
              -74.08237513190504,
              40.72272765957789
            ],
            [
              -74.08238749710296,
              40.72182734663501
            ]
          ]
        ]
      }
    },
    {
      "id": "741",
      "type": "Feature",
      "properties": {
        "tile_id": 741,
        "average_temperature": 33.9091,
        "min_temperature": 33.9091,
        "max_temperature": 33.9091
      },
      "geometry": {
        "type": "Polygon",
        "coordinates": [
          [
            [
              -74.0812189580122,
              40.72181805095927
            ],
            [
              -74.08005041946716,
              40.72180874345618
            ],
            [
              -74.08003802278698,
              40.72270905581171
            ],
            [
              -74.08120657707313,
              40.72271836360866
            ],
            [
              -74.0812189580122,
              40.72181805095927
            ]
          ]
        ]
      }
    },
    {
      "id": "742",
      "type": "Feature",
      "properties": {
        "tile_id": 742,
        "average_temperature": 33.9502,
        "min_temperature": 33.9502,
        "max_temperature": 33.9502
      },
      "geometry": {
        "type": "Polygon",
        "coordinates": [
          [
            [
              -74.08005041946716,
              40.72180874345618
            ],
            [
              -74.07888188146852,
              40.721799424125756
            ],
            [
              -74.07886946904726,
              40.722699736187046
            ],
            [
              -74.08003802278698,
              40.72270905581171
            ],
            [
              -74.08005041946716,
              40.72180874345618
            ]
          ]
        ]
      }
    },
    {
      "id": "743",
      "type": "Feature",
      "properties": {
        "tile_id": 743,
        "average_temperature": 33.9852,
        "min_temperature": 33.9852,
        "max_temperature": 33.9852
      },
      "geometry": {
        "type": "Polygon",
        "coordinates": [
          [
            [
              -74.07888188146852,
              40.721799424125756
            ],
            [
              -74.07771334401698,
              40.721790092968014
            ],
            [
              -74.07770091585468,
              40.7226904047347
            ],
            [
              -74.07886946904726,
              40.722699736187046
            ],
            [
              -74.07888188146852,
              40.721799424125756
            ]
          ]
        ]
      }
    },
    {
      "id": "744",
      "type": "Feature",
      "properties": {
        "tile_id": 744,
        "average_temperature": 34.0123,
        "min_temperature": 34.0123,
        "max_temperature": 34.0123
      },
      "geometry": {
        "type": "Polygon",
        "coordinates": [
          [
            [
              -74.07771334401698,
              40.721790092968014
            ],
            [
              -74.07654480711325,
              40.72178074998296
            ],
            [
              -74.07653236320992,
              40.72268106145466
            ],
            [
              -74.07770091585468,
              40.7226904047347
            ],
            [
              -74.07771334401698,
              40.721790092968014
            ]
          ]
        ]
      }
    },
    {
      "id": "745",
      "type": "Feature",
      "properties": {
        "tile_id": 745,
        "average_temperature": 34.0293,
        "min_temperature": 34.0293,
        "max_temperature": 34.0293
      },
      "geometry": {
        "type": "Polygon",
        "coordinates": [
          [
            [
              -74.07654480711325,
              40.72178074998296
            ],
            [
              -74.07537627075801,
              40.72177139517063
            ],
            [
              -74.07536381111368,
              40.72267170634699
            ],
            [
              -74.07653236320992,
              40.72268106145466
            ],
            [
              -74.07654480711325,
              40.72178074998296
            ]
          ]
        ]
      }
    },
    {
      "id": "746",
      "type": "Feature",
      "properties": {
        "tile_id": 746,
        "average_temperature": 34.0344,
        "min_temperature": 34.0344,
        "max_temperature": 34.0344
      },
      "geometry": {
        "type": "Polygon",
        "coordinates": [
          [
            [
              -74.07537627075801,
              40.72177139517063
            ],
            [
              -74.07420773495195,
              40.721762028531025
            ],
            [
              -74.07419525956665,
              40.722662339411656
            ],
            [
              -74.07536381111368,
              40.72267170634699
            ],
            [
              -74.07537627075801,
              40.72177139517063
            ]
          ]
        ]
      }
    },
    {
      "id": "747",
      "type": "Feature",
      "properties": {
        "tile_id": 747,
        "average_temperature": 34.0274,
        "min_temperature": 34.0274,
        "max_temperature": 34.0274
      },
      "geometry": {
        "type": "Polygon",
        "coordinates": [
          [
            [
              -74.07420773495195,
              40.721762028531025
            ],
            [
              -74.07303919969578,
              40.721752650064175
            ],
            [
              -74.07302670856953,
              40.722652960648695
            ],
            [
              -74.07419525956665,
              40.722662339411656
            ],
            [
              -74.07420773495195,
              40.721762028531025
            ]
          ]
        ]
      }
    },
    {
      "id": "748",
      "type": "Feature",
      "properties": {
        "tile_id": 748,
        "average_temperature": 34.0101,
        "min_temperature": 34.0101,
        "max_temperature": 34.0101
      },
      "geometry": {
        "type": "Polygon",
        "coordinates": [
          [
            [
              -74.07303919969578,
              40.721752650064175
            ],
            [
              -74.07187066499019,
              40.72174325977007
            ],
            [
              -74.07185815812302,
              40.72264357005814
            ],
            [
              -74.07302670856953,
              40.722652960648695
            ],
            [
              -74.07303919969578,
              40.721752650064175
            ]
          ]
        ]
      }
    },
    {
      "id": "749",
      "type": "Feature",
      "properties": {
        "tile_id": 749,
        "average_temperature": 33.9843,
        "min_temperature": 33.9843,
        "max_temperature": 33.9843
      },
      "geometry": {
        "type": "Polygon",
        "coordinates": [
          [
            [
              -74.07187066499019,
              40.72174325977007
            ],
            [
              -74.07070213083584,
              40.72173385764876
            ],
            [
              -74.0706896082278,
              40.722634167639974
            ],
            [
              -74.07185815812302,
              40.72264357005814
            ],
            [
              -74.07187066499019,
              40.72174325977007
            ]
          ]
        ]
      }
    },
    {
      "id": "750",
      "type": "Feature",
      "properties": {
        "tile_id": 750,
        "average_temperature": 33.9521,
        "min_temperature": 33.9521,
        "max_temperature": 33.9521
      },
      "geometry": {
        "type": "Polygon",
        "coordinates": [
          [
            [
              -74.07070213083584,
              40.72173385764876
            ],
            [
              -74.06953359723347,
              40.72172444370024
            ],
            [
              -74.06952105888456,
              40.722624753394236
            ],
            [
              -74.0706896082278,
              40.722634167639974
            ],
            [
              -74.07070213083584,
              40.72173385764876
            ]
          ]
        ]
      }
    },
    {
      "id": "751",
      "type": "Feature",
      "properties": {
        "tile_id": 751,
        "average_temperature": 33.9154,
        "min_temperature": 33.9154,
        "max_temperature": 33.9154
      },
      "geometry": {
        "type": "Polygon",
        "coordinates": [
          [
            [
              -74.06953359723347,
              40.72172444370024
            ],
            [
              -74.06836506418374,
              40.72171501792453
            ],
            [
              -74.06835251009402,
              40.72261532732094
            ],
            [
              -74.06952105888456,
              40.722624753394236
            ],
            [
              -74.06953359723347,
              40.72172444370024
            ]
          ]
        ]
      }
    },
    {
      "id": "752",
      "type": "Feature",
      "properties": {
        "tile_id": 752,
        "average_temperature": 33.8763,
        "min_temperature": 33.8763,
        "max_temperature": 33.8763
      },
      "geometry": {
        "type": "Polygon",
        "coordinates": [
          [
            [
              -74.06836506418374,
              40.72171501792453
            ],
            [
              -74.06719653168736,
              40.72170558032165
            ],
            [
              -74.06718396185683,
              40.72260588942009
            ],
            [
              -74.06835251009402,
              40.72261532732094
            ],
            [
              -74.06836506418374,
              40.72171501792453
            ]
          ]
        ]
      }
    },
    {
      "id": "753",
      "type": "Feature",
      "properties": {
        "tile_id": 753,
        "average_temperature": 33.8367,
        "min_temperature": 33.8367,
        "max_temperature": 33.8367
      },
      "geometry": {
        "type": "Polygon",
        "coordinates": [
          [
            [
              -74.06719653168736,
              40.72170558032165
            ],
            [
              -74.06602799974503,
              40.721696130891615
            ],
            [
              -74.06601541417372,
              40.722596439691706
            ],
            [
              -74.06718396185683,
              40.72260588942009
            ],
            [
              -74.06719653168736,
              40.72170558032165
            ]
          ]
        ]
      }
    },
    {
      "id": "754",
      "type": "Feature",
      "properties": {
        "tile_id": 754,
        "average_temperature": 33.7989,
        "min_temperature": 33.7989,
        "max_temperature": 33.7989
      },
      "geometry": {
        "type": "Polygon",
        "coordinates": [
          [
            [
              -74.06602799974503,
              40.721696130891615
            ],
            [
              -74.06485946835743,
              40.72168666963444
            ],
            [
              -74.06484686704538,
              40.722586978135816
            ],
            [
              -74.06601541417372,
              40.722596439691706
            ],
            [
              -74.06602799974503,
              40.721696130891615
            ]
          ]
        ]
      }
    },
    {
      "id": "755",
      "type": "Feature",
      "properties": {
        "tile_id": 755,
        "average_temperature": 33.7647,
        "min_temperature": 33.7647,
        "max_temperature": 33.7647
      },
      "geometry": {
        "type": "Polygon",
        "coordinates": [
          [
            [
              -74.06485946835743,
              40.72168666963444
            ],
            [
              -74.06369093752525,
              40.72167719655013
            ],
            [
              -74.06367832047249,
              40.72257750475244
            ],
            [
              -74.06484686704538,
              40.722586978135816
            ],
            [
              -74.06485946835743,
              40.72168666963444
            ]
          ]
        ]
      }
    },
    {
      "id": "756",
      "type": "Feature",
      "properties": {
        "tile_id": 756,
        "average_temperature": 33.7359,
        "min_temperature": 33.7359,
        "max_temperature": 33.7359
      },
      "geometry": {
        "type": "Polygon",
        "coordinates": [
          [
            [
              -74.06369093752525,
              40.72167719655013
            ],
            [
              -74.06252240724919,
              40.721667711638716
            ],
            [
              -74.06250977445575,
              40.722568019541555
            ],
            [
              -74.06367832047249,
              40.72257750475244
            ],
            [
              -74.06369093752525,
              40.72167719655013
            ]
          ]
        ]
      }
    },
    {
      "id": "757",
      "type": "Feature",
      "properties": {
        "tile_id": 757,
        "average_temperature": 33.7122,
        "min_temperature": 33.7122,
        "max_temperature": 33.7122
      },
      "geometry": {
        "type": "Polygon",
        "coordinates": [
          [
            [
              -74.06252240724919,
              40.721667711638716
            ],
            [
              -74.06135387752997,
              40.72165821490022
            ],
            [
              -74.06134122899584,
              40.72255852250322
            ],
            [
              -74.06250977445575,
              40.722568019541555
            ],
            [
              -74.06252240724919,
              40.721667711638716
            ]
          ]
        ]
      }
    },
    {
      "id": "758",
      "type": "Feature",
      "properties": {
        "tile_id": 758,
        "average_temperature": 33.6932,
        "min_temperature": 33.6932,
        "max_temperature": 33.6932
      },
      "geometry": {
        "type": "Polygon",
        "coordinates": [
          [
            [
              -74.06135387752997,
              40.72165821490022
            ],
            [
              -74.06018534836824,
              40.721648706334655
            ],
            [
              -74.06017268409349,
              40.72254901363745
            ],
            [
              -74.06134122899584,
              40.72255852250322
            ],
            [
              -74.06135387752997,
              40.72165821490022
            ]
          ]
        ]
      }
    },
    {
      "id": "759",
      "type": "Feature",
      "properties": {
        "tile_id": 759,
        "average_temperature": 33.6781,
        "min_temperature": 33.6781,
        "max_temperature": 33.6781
      },
      "geometry": {
        "type": "Polygon",
        "coordinates": [
          [
            [
              -74.06018534836824,
              40.721648706334655
            ],
            [
              -74.05901681976471,
              40.72163918594201
            ],
            [
              -74.05900413974935,
              40.72253949294423
            ],
            [
              -74.06017268409349,
              40.72254901363745
            ],
            [
              -74.06018534836824,
              40.721648706334655
            ]
          ]
        ]
      }
    },
    {
      "id": "760",
      "type": "Feature",
      "properties": {
        "tile_id": 760,
        "average_temperature": 33.6665,
        "min_temperature": 33.6665,
        "max_temperature": 33.6665
      },
      "geometry": {
        "type": "Polygon",
        "coordinates": [
          [
            [
              -74.05901681976471,
              40.72163918594201
            ],
            [
              -74.05784829172006,
              40.72162965372233
            ],
            [
              -74.05783559596415,
              40.72252996042361
            ],
            [
              -74.05900413974935,
              40.72253949294423
            ],
            [
              -74.05901681976471,
              40.72163918594201
            ]
          ]
        ]
      }
    },
    {
      "id": "761",
      "type": "Feature",
      "properties": {
        "tile_id": 761,
        "average_temperature": 33.6578,
        "min_temperature": 33.6578,
        "max_temperature": 33.6578
      },
      "geometry": {
        "type": "Polygon",
        "coordinates": [
          [
            [
              -74.05784829172006,
              40.72162965372233
            ],
            [
              -74.05667976423504,
              40.72162010967564
            ],
            [
              -74.05666705273858,
              40.72252041607557
            ],
            [
              -74.05783559596415,
              40.72252996042361
            ],
            [
              -74.05784829172006,
              40.72162965372233
            ]
          ]
        ]
      }
    },
    {
      "id": "762",
      "type": "Feature",
      "properties": {
        "tile_id": 762,
        "average_temperature": 33.6515,
        "min_temperature": 33.6515,
        "max_temperature": 33.6515
      },
      "geometry": {
        "type": "Polygon",
        "coordinates": [
          [
            [
              -74.05667976423504,
              40.72162010967564
            ],
            [
              -74.05551123731027,
              40.721610553801916
            ],
            [
              -74.05549851007329,
              40.72251085990016
            ],
            [
              -74.05666705273858,
              40.72252041607557
            ],
            [
              -74.05667976423504,
              40.72162010967564
            ]
          ]
        ]
      }
    },
    {
      "id": "763",
      "type": "Feature",
      "properties": {
        "tile_id": 763,
        "average_temperature": 33.647,
        "min_temperature": 33.647,
        "max_temperature": 33.647
      },
      "geometry": {
        "type": "Polygon",
        "coordinates": [
          [
            [
              -74.05551123731028,
              40.721610553801916
            ],
            [
              -74.05434271094649,
              40.721600986101215
            ],
            [
              -74.05432996796903,
              40.72250129189738
            ],
            [
              -74.05549851007329,
              40.72251085990016
            ],
            [
              -74.05551123731028,
              40.721610553801916
            ]
          ]
        ]
      }
    },
    {
      "id": "764",
      "type": "Feature",
      "properties": {
        "tile_id": 764,
        "average_temperature": 33.6438,
        "min_temperature": 33.6438,
        "max_temperature": 33.6438
      },
      "geometry": {
        "type": "Polygon",
        "coordinates": [
          [
            [
              -74.05434271094649,
              40.721600986101215
            ],
            [
              -74.05317418514437,
              40.72159140657354
            ],
            [
              -74.05316142642644,
              40.72249171206726
            ],
            [
              -74.05432996796903,
              40.72250129189738
            ],
            [
              -74.05434271094649,
              40.721600986101215
            ]
          ]
        ]
      }
    },
    {
      "id": "765",
      "type": "Feature",
      "properties": {
        "tile_id": 765,
        "average_temperature": 33.6415,
        "min_temperature": 33.6415,
        "max_temperature": 33.6415
      },
      "geometry": {
        "type": "Polygon",
        "coordinates": [
          [
            [
              -74.05317418514437,
              40.72159140657354
            ],
            [
              -74.05200565990462,
              40.721581815218904
            ],
            [
              -74.05199288544627,
              40.72248212040979
            ],
            [
              -74.05316142642644,
              40.72249171206726
            ],
            [
              -74.05317418514437,
              40.72159140657354
            ]
          ]
        ]
      }
    },
    {
      "id": "766",
      "type": "Feature",
      "properties": {
        "tile_id": 766,
        "average_temperature": 33.6398,
        "min_temperature": 33.6398,
        "max_temperature": 33.6398
      },
      "geometry": {
        "type": "Polygon",
        "coordinates": [
          [
            [
              -74.05200565990462,
              40.721581815218904
            ],
            [
              -74.05083713522792,
              40.72157221203731
            ],
            [
              -74.05082434502917,
              40.722472516925016
            ],
            [
              -74.05199288544627,
              40.72248212040979
            ],
            [
              -74.05200565990462,
              40.721581815218904
            ]
          ]
        ]
      }
    },
    {
      "id": "767",
      "type": "Feature",
      "properties": {
        "tile_id": 767,
        "average_temperature": 33.6387,
        "min_temperature": 33.6387,
        "max_temperature": 33.6387
      },
      "geometry": {
        "type": "Polygon",
        "coordinates": [
          [
            [
              -74.05083713522792,
              40.72157221203731
            ],
            [
              -74.04966861111498,
              40.7215625970288
            ],
            [
              -74.04965580517586,
              40.722462901612936
            ],
            [
              -74.05082434502917,
              40.722472516925016
            ],
            [
              -74.05083713522792,
              40.72157221203731
            ]
          ]
        ]
      }
    },
    {
      "id": "768",
      "type": "Feature",
      "properties": {
        "tile_id": 768,
        "average_temperature": 33.8689,
        "min_temperature": 33.8689,
        "max_temperature": 33.8689
      },
      "geometry": {
        "type": "Polygon",
        "coordinates": [
          [
            [
              -74.08704935667623,
              40.722764725177264
            ],
            [
              -74.08588079966827,
              40.72275547651908
            ],
            [
              -74.08586848113711,
              40.72365579019622
            ],
            [
              -74.08703705388703,
              40.7236650391464
            ],
            [
              -74.08704935667623,
              40.722764725177264
            ]
          ]
        ]
      }
    },
    {
      "id": "769",
      "type": "Feature",
      "properties": {
        "tile_id": 769,
        "average_temperature": 33.8856,
        "min_temperature": 33.8856,
        "max_temperature": 33.8856
      },
      "geometry": {
        "type": "Polygon",
        "coordinates": [
          [
            [
              -74.08588079966827,
              40.72275547651908
            ],
            [
              -74.0847122432033,
              40.722746216033116
            ],
            [
              -74.08469990893022,
              40.723646529417884
            ],
            [
              -74.08586848113711,
              40.72365579019622
            ],
            [
              -74.08588079966827,
              40.72275547651908
            ]
          ]
        ]
      }
    },
    {
      "id": "770",
      "type": "Feature",
      "properties": {
        "tile_id": 770,
        "average_temperature": 33.9029,
        "min_temperature": 33.9029,
        "max_temperature": 33.9029
      },
      "geometry": {
        "type": "Polygon",
        "coordinates": [
          [
            [
              -74.0847122432033,
              40.722746216033116
            ],
            [
              -74.08354368728199,
              40.72273694371938
            ],
            [
              -74.08353133726699,
              40.7236372568114
            ],
            [
              -74.08469990893022,
              40.723646529417884
            ],
            [
              -74.0847122432033,
              40.722746216033116
            ]
          ]
        ]
      }
    },
    {
      "id": "771",
      "type": "Feature",
      "properties": {
        "tile_id": 771,
        "average_temperature": 33.9201,
        "min_temperature": 33.9201,
        "max_temperature": 33.9201
      },
      "geometry": {
        "type": "Polygon",
        "coordinates": [
          [
            [
              -74.08354368728199,
              40.72273694371938
            ],
            [
              -74.08237513190504,
              40.7227276595779
            ],
            [
              -74.08236276614817,
              40.72362797237679
            ],
            [
              -74.08353133726699,
              40.7236372568114
            ],
            [
              -74.08354368728199,
              40.72273694371938
            ]
          ]
        ]
      }
    },
    {
      "id": "772",
      "type": "Feature",
      "properties": {
        "tile_id": 772,
        "average_temperature": 33.9361,
        "min_temperature": 33.9361,
        "max_temperature": 33.9361
      },
      "geometry": {
        "type": "Polygon",
        "coordinates": [
          [
            [
              -74.08237513190504,
              40.7227276595779
            ],
            [
              -74.08120657707313,
              40.722718363608664
            ],
            [
              -74.08119419557441,
              40.723618676114064
            ],
            [
              -74.08236276614817,
              40.72362797237679
            ],
            [
              -74.08237513190504,
              40.7227276595779
            ]
          ]
        ]
      }
    },
    {
      "id": "773",
      "type": "Feature",
      "properties": {
        "tile_id": 773,
        "average_temperature": 33.9501,
        "min_temperature": 33.9501,
        "max_temperature": 33.9501
      },
      "geometry": {
        "type": "Polygon",
        "coordinates": [
          [
            [
              -74.08120657707313,
              40.722718363608664
            ],
            [
              -74.08003802278698,
              40.72270905581172
            ],
            [
              -74.08002562554644,
              40.72360936802324
            ],
            [
              -74.08119419557441,
              40.723618676114064
            ],
            [
              -74.08120657707313,
              40.722718363608664
            ]
          ]
        ]
      }
    },
    {
      "id": "774",
      "type": "Feature",
      "properties": {
        "tile_id": 774,
        "average_temperature": 33.9611,
        "min_temperature": 33.9611,
        "max_temperature": 33.9611
      },
      "geometry": {
        "type": "Polygon",
        "coordinates": [
          [
            [
              -74.08003802278698,
              40.72270905581172
            ],
            [
              -74.07886946904726,
              40.72269973618705
            ],
            [
              -74.07885705606492,
              40.72360004810434
            ],
            [
              -74.08002562554644,
              40.72360936802324
            ],
            [
              -74.08003802278698,
              40.72270905581172
            ]
          ]
        ]
      }
    },
    {
      "id": "775",
      "type": "Feature",
      "properties": {
        "tile_id": 775,
        "average_temperature": 33.9681,
        "min_temperature": 33.9681,
        "max_temperature": 33.9681
      },
      "geometry": {
        "type": "Polygon",
        "coordinates": [
          [
            [
              -74.07886946904726,
              40.72269973618705
            ],
            [
              -74.07770091585468,
              40.722690404734706
            ],
            [
              -74.07768848713056,
              40.72359071635738
            ],
            [
              -74.07885705606492,
              40.72360004810434
            ],
            [
              -74.07886946904726,
              40.72269973618705
            ]
          ]
        ]
      }
    },
    {
      "id": "776",
      "type": "Feature",
      "properties": {
        "tile_id": 776,
        "average_temperature": 33.97,
        "min_temperature": 33.97,
        "max_temperature": 33.97
      },
      "geometry": {
        "type": "Polygon",
        "coordinates": [
          [
            [
              -74.07770091585468,
              40.722690404734706
            ],
            [
              -74.07653236320992,
              40.72268106145467
            ],
            [
              -74.07651991874407,
              40.72358137278236
            ],
            [
              -74.07768848713056,
              40.72359071635738
            ],
            [
              -74.07770091585468,
              40.722690404734706
            ]
          ]
        ]
      }
    },
    {
      "id": "777",
      "type": "Feature",
      "properties": {
        "tile_id": 777,
        "average_temperature": 33.9658,
        "min_temperature": 33.9658,
        "max_temperature": 33.9658
      },
      "geometry": {
        "type": "Polygon",
        "coordinates": [
          [
            [
              -74.07653236320992,
              40.72268106145467
            ],
            [
              -74.07536381111368,
              40.72267170634699
            ],
            [
              -74.07535135090612,
              40.72357201737932
            ],
            [
              -74.07651991874407,
              40.72358137278236
            ],
            [
              -74.07653236320992,
              40.72268106145467
            ]
          ]
        ]
      }
    },
    {
      "id": "778",
      "type": "Feature",
      "properties": {
        "tile_id": 778,
        "average_temperature": 33.9545,
        "min_temperature": 33.9545,
        "max_temperature": 33.9545
      },
      "geometry": {
        "type": "Polygon",
        "coordinates": [
          [
            [
              -74.07536381111368,
              40.72267170634699
            ],
            [
              -74.07419525956665,
              40.72266233941167
            ],
            [
              -74.07418278361742,
              40.72356265014825
            ],
            [
              -74.07535135090612,
              40.72357201737932
            ],
            [
              -74.07536381111368,
              40.72267170634699
            ]
          ]
        ]
      }
    },
    {
      "id": "779",
      "type": "Feature",
      "properties": {
        "tile_id": 779,
        "average_temperature": 33.936,
        "min_temperature": 33.936,
        "max_temperature": 33.936
      },
      "geometry": {
        "type": "Polygon",
        "coordinates": [
          [
            [
              -74.07419525956665,
              40.72266233941167
            ],
            [
              -74.07302670856953,
              40.72265296064871
            ],
            [
              -74.07301421687865,
              40.72355327108919
            ],
            [
              -74.07418278361742,
              40.72356265014825
            ],
            [
              -74.07419525956665,
              40.72266233941167
            ]
          ]
        ]
      }
    },
    {
      "id": "780",
      "type": "Feature",
      "properties": {
        "tile_id": 780,
        "average_temperature": 33.9117,
        "min_temperature": 33.9117,
        "max_temperature": 33.9117
      },
      "geometry": {
        "type": "Polygon",
        "coordinates": [
          [
            [
              -74.07302670856953,
              40.72265296064871
            ],
            [
              -74.07185815812302,
              40.722643570058146
            ],
            [
              -74.0718456506905,
              40.72354388020215
            ],
            [
              -74.07301421687865,
              40.72355327108919
            ],
            [
              -74.07302670856953,
              40.72265296064871
            ]
          ]
        ]
      }
    },
    {
      "id": "781",
      "type": "Feature",
      "properties": {
        "tile_id": 781,
        "average_temperature": 33.8831,
        "min_temperature": 33.8831,
        "max_temperature": 33.8831
      },
      "geometry": {
        "type": "Polygon",
        "coordinates": [
          [
            [
              -74.07185815812302,
              40.722643570058146
            ],
            [
              -74.0706896082278,
              40.72263416763998
            ],
            [
              -74.07067708505369,
              40.72353447748713
            ],
            [
              -74.0718456506905,
              40.72354388020215
            ],
            [
              -74.07185815812302,
              40.722643570058146
            ]
          ]
        ]
      }
    },
    {
      "id": "782",
      "type": "Feature",
      "properties": {
        "tile_id": 782,
        "average_temperature": 33.8516,
        "min_temperature": 33.8516,
        "max_temperature": 33.8516
      },
      "geometry": {
        "type": "Polygon",
        "coordinates": [
          [
            [
              -74.0706896082278,
              40.72263416763998
            ],
            [
              -74.06952105888456,
              40.72262475339424
            ],
            [
              -74.06950851996889,
              40.72352506294417
            ],
            [
              -74.07067708505369,
              40.72353447748713
            ],
            [
              -74.0706896082278,
              40.72263416763998
            ]
          ]
        ]
      }
    },
    {
      "id": "783",
      "type": "Feature",
      "properties": {
        "tile_id": 783,
        "average_temperature": 33.8186,
        "min_temperature": 33.8186,
        "max_temperature": 33.8186
      },
      "geometry": {
        "type": "Polygon",
        "coordinates": [
          [
            [
              -74.06952105888456,
              40.72262475339424
            ],
            [
              -74.06835251009402,
              40.722615327320945
            ],
            [
              -74.06833995543678,
              40.72351563657326
            ],
            [
              -74.06950851996889,
              40.72352506294417
            ],
            [
              -74.06952105888456,
              40.72262475339424
            ]
          ]
        ]
      }
    },
    {
      "id": "784",
      "type": "Feature",
      "properties": {
        "tile_id": 784,
        "average_temperature": 33.7855,
        "min_temperature": 33.7855,
        "max_temperature": 33.7855
      },
      "geometry": {
        "type": "Polygon",
        "coordinates": [
          [
            [
              -74.06835251009402,
              40.722615327320945
            ],
            [
              -74.06718396185683,
              40.722605889420095
            ],
            [
              -74.0671713914581,
              40.72350619837444
            ],
            [
              -74.06833995543678,
              40.72351563657326
            ],
            [
              -74.06835251009402,
              40.722615327320945
            ]
          ]
        ]
      }
    },
    {
      "id": "785",
      "type": "Feature",
      "properties": {
        "tile_id": 785,
        "average_temperature": 33.754,
        "min_temperature": 33.754,
        "max_temperature": 33.754
      },
      "geometry": {
        "type": "Polygon",
        "coordinates": [
          [
            [
              -74.06718396185683,
              40.722605889420095
            ],
            [
              -74.06601541417372,
              40.72259643969171
            ],
            [
              -74.0660028280335,
              40.72349674834771
            ],
            [
              -74.0671713914581,
              40.72350619837444
            ],
            [
              -74.06718396185683,
              40.722605889420095
            ]
          ]
        ]
      }
    },
    {
      "id": "786",
      "type": "Feature",
      "properties": {
        "tile_id": 786,
        "average_temperature": 33.7254,
        "min_temperature": 33.7254,
        "max_temperature": 33.7254
      },
      "geometry": {
        "type": "Polygon",
        "coordinates": [
          [
            [
              -74.06601541417372,
              40.72259643969171
            ],
            [
              -74.06484686704538,
              40.72258697813582
            ],
            [
              -74.0648342651637,
              40.72348728649311
            ],
            [
              -74.0660028280335,
              40.72349674834771
            ],
            [
              -74.06601541417372,
              40.72259643969171
            ]
          ]
        ]
      }
    },
    {
      "id": "787",
      "type": "Feature",
      "properties": {
        "tile_id": 787,
        "average_temperature": 33.7013,
        "min_temperature": 33.7013,
        "max_temperature": 33.7013
      },
      "geometry": {
        "type": "Polygon",
        "coordinates": [
          [
            [
              -74.06484686704538,
              40.72258697813582
            ],
            [
              -74.06367832047249,
              40.72257750475244
            ],
            [
              -74.06366570284938,
              40.72347781281062
            ],
            [
              -74.0648342651637,
              40.72348728649311
            ],
            [
              -74.06484686704538,
              40.72258697813582
            ]
          ]
        ]
      }
    },
    {
      "id": "788",
      "type": "Feature",
      "properties": {
        "tile_id": 788,
        "average_temperature": 33.6828,
        "min_temperature": 33.6828,
        "max_temperature": 33.6828
      },
      "geometry": {
        "type": "Polygon",
        "coordinates": [
          [
            [
              -74.06367832047249,
              40.72257750475244
            ],
            [
              -74.06250977445575,
              40.72256801954156
            ],
            [
              -74.06249714109126,
              40.72346832730029
            ],
            [
              -74.06366570284938,
              40.72347781281062
            ],
            [
              -74.06367832047249,
              40.72257750475244
            ]
          ]
        ]
      }
    },
    {
      "id": "789",
      "type": "Feature",
      "properties": {
        "tile_id": 789,
        "average_temperature": 33.6694,
        "min_temperature": 33.6694,
        "max_temperature": 33.6694
      },
      "geometry": {
        "type": "Polygon",
        "coordinates": [
          [
            [
              -74.06250977445575,
              40.72256801954156
            ],
            [
              -74.06134122899584,
              40.722558522503235
            ],
            [
              -74.06132857988997,
              40.72345882996211
            ],
            [
              -74.06249714109126,
              40.72346832730029
            ],
            [
              -74.06250977445575,
              40.72256801954156
            ]
          ]
        ]
      }
    },
    {
      "id": "790",
      "type": "Feature",
      "properties": {
        "tile_id": 790,
        "average_temperature": 33.6605,
        "min_temperature": 33.6605,
        "max_temperature": 33.6605
      },
      "geometry": {
        "type": "Polygon",
        "coordinates": [
          [
            [
              -74.06134122899584,
              40.722558522503235
            ],
            [
              -74.06017268409349,
              40.722549013637455
            ],
            [
              -74.06016001924627,
              40.723449320796114
            ],
            [
              -74.06132857988997,
              40.72345882996211
            ],
            [
              -74.06134122899584,
              40.722558522503235
            ]
          ]
        ]
      }
    },
    {
      "id": "791",
      "type": "Feature",
      "properties": {
        "tile_id": 791,
        "average_temperature": 33.6553,
        "min_temperature": 33.6553,
        "max_temperature": 33.6553
      },
      "geometry": {
        "type": "Polygon",
        "coordinates": [
          [
            [
              -74.06017268409349,
              40.722549013637455
            ],
            [
              -74.05900413974935,
              40.72253949294424
            ],
            [
              -74.05899145916084,
              40.723439799802314
            ],
            [
              -74.06016001924627,
              40.723449320796114
            ],
            [
              -74.06017268409349,
              40.722549013637455
            ]
          ]
        ]
      }
    },
    {
      "id": "792",
      "type": "Feature",
      "properties": {
        "tile_id": 792,
        "average_temperature": 33.653,
        "min_temperature": 33.653,
        "max_temperature": 33.653
      },
      "geometry": {
        "type": "Polygon",
        "coordinates": [
          [
            [
              -74.05900413974935,
              40.72253949294424
            ],
            [
              -74.05783559596415,
              40.72252996042361
            ],
            [
              -74.05782289963435,
              40.72343026698073
            ],
            [
              -74.05899145916084,
              40.723439799802314
            ],
            [
              -74.05900413974935,
              40.72253949294424
            ]
          ]
        ]
      }
    },
    {
      "id": "793",
      "type": "Feature",
      "properties": {
        "tile_id": 793,
        "average_temperature": 33.6529,
        "min_temperature": 33.6529,
        "max_temperature": 33.6529
      },
      "geometry": {
        "type": "Polygon",
        "coordinates": [
          [
            [
              -74.05783559596415,
              40.72252996042361
            ],
            [
              -74.05666705273858,
              40.722520416075575
            ],
            [
              -74.05665434066749,
              40.72342072233136
            ],
            [
              -74.05782289963435,
              40.72343026698073
            ],
            [
              -74.05783559596415,
              40.72252996042361
            ]
          ]
        ]
      }
    },
    {
      "id": "794",
      "type": "Feature",
      "properties": {
        "tile_id": 794,
        "average_temperature": 33.6544,
        "min_temperature": 33.6544,
        "max_temperature": 33.6544
      },
      "geometry": {
        "type": "Polygon",
        "coordinates": [
          [
            [
              -74.05666705273858,
              40.722520416075575
            ],
            [
              -74.05549851007329,
              40.72251085990016
            ],
            [
              -74.05548578226099,
              40.723411165854245
            ],
            [
              -74.05665434066749,
              40.72342072233136
            ],
            [
              -74.05666705273858,
              40.722520416075575
            ]
          ]
        ]
      }
    },
    {
      "id": "795",
      "type": "Feature",
      "properties": {
        "tile_id": 795,
        "average_temperature": 33.6567,
        "min_temperature": 33.6567,
        "max_temperature": 33.6567
      },
      "geometry": {
        "type": "Polygon",
        "coordinates": [
          [
            [
              -74.05549851007329,
              40.72251085990016
            ],
            [
              -74.05432996796903,
              40.722501291897395
            ],
            [
              -74.05431722441553,
              40.72340159754938
            ],
            [
              -74.05548578226099,
              40.723411165854245
            ],
            [
              -74.05549851007329,
              40.72251085990016
            ]
          ]
        ]
      }
    },
    {
      "id": "796",
      "type": "Feature",
      "properties": {
        "tile_id": 796,
        "average_temperature": 33.6591,
        "min_temperature": 33.6591,
        "max_temperature": 33.6591
      },
      "geometry": {
        "type": "Polygon",
        "coordinates": [
          [
            [
              -74.05432996796903,
              40.722501291897395
            ],
            [
              -74.05316142642644,
              40.72249171206727
            ],
            [
              -74.05314866713178,
              40.72339201741679
            ],
            [
              -74.05431722441553,
              40.72340159754938
            ],
            [
              -74.05432996796903,
              40.722501291897395
            ]
          ]
        ]
      }
    },
    {
      "id": "797",
      "type": "Feature",
      "properties": {
        "tile_id": 797,
        "average_temperature": 33.661,
        "min_temperature": 33.661,
        "max_temperature": 33.661
      },
      "geometry": {
        "type": "Polygon",
        "coordinates": [
          [
            [
              -74.05316142642644,
              40.72249171206727
            ],
            [
              -74.05199288544627,
              40.7224821204098
            ],
            [
              -74.05198011041047,
              40.723382425456506
            ],
            [
              -74.05314866713178,
              40.72339201741679
            ],
            [
              -74.05316142642644,
              40.72249171206727
            ]
          ]
        ]
      }
    },
    {
      "id": "798",
      "type": "Feature",
      "properties": {
        "tile_id": 798,
        "average_temperature": 33.6622,
        "min_temperature": 33.6622,
        "max_temperature": 33.6622
      },
      "geometry": {
        "type": "Polygon",
        "coordinates": [
          [
            [
              -74.05199288544627,
              40.7224821204098
            ],
            [
              -74.05082434502917,
              40.72247251692502
            ],
            [
              -74.05081155425226,
              40.72337282166853
            ],
            [
              -74.05198011041047,
              40.723382425456506
            ],
            [
              -74.05199288544627,
              40.7224821204098
            ]
          ]
        ]
      }
    },
    {
      "id": "799",
      "type": "Feature",
      "properties": {
        "tile_id": 799,
        "average_temperature": 33.6628,
        "min_temperature": 33.6628,
        "max_temperature": 33.6628
      },
      "geometry": {
        "type": "Polygon",
        "coordinates": [
          [
            [
              -74.05082434502917,
              40.72247251692502
            ],
            [
              -74.04965580517586,
              40.72246290161294
            ],
            [
              -74.04964299865786,
              40.72336320605289
            ],
            [
              -74.05081155425226,
              40.72337282166853
            ],
            [
              -74.05082434502917,
              40.72247251692502
            ]
          ]
        ]
      }
    },
    {
      "id": "800",
      "type": "Feature",
      "properties": {
        "tile_id": 800,
        "average_temperature": 33.9958,
        "min_temperature": 33.9958,
        "max_temperature": 33.9958
      },
      "geometry": {
        "type": "Polygon",
        "coordinates": [
          [
            [
              -74.08703705388703,
              40.7236650391464
            ],
            [
              -74.08586848113711,
              40.723655790196226
            ],
            [
              -74.08585616204913,
              40.724556103729405
            ],
            [
              -74.08702475054169,
              40.72456535297158
            ],
            [
              -74.08703705388703,
              40.7236650391464
            ]
          ]
        ]
      }
    },
    {
      "id": "801",
      "type": "Feature",
      "properties": {
        "tile_id": 801,
        "average_temperature": 33.9944,
        "min_temperature": 33.9944,
        "max_temperature": 33.9944
      },
      "geometry": {
        "type": "Polygon",
        "coordinates": [
          [
            [
              -74.08586848113711,
              40.723655790196226
            ],
            [
              -74.08469990893022,
              40.72364652941789
            ],
            [
              -74.08468757409956,
              40.72454684265868
            ],
            [
              -74.08585616204913,
              40.724556103729405
            ],
            [
              -74.08586848113711,
              40.723655790196226
            ]
          ]
        ]
      }
    },
    {
      "id": "802",
      "type": "Feature",
      "properties": {
        "tile_id": 802,
        "average_temperature": 33.9919,
        "min_temperature": 33.9919,
        "max_temperature": 33.9919
      },
      "geometry": {
        "type": "Polygon",
        "coordinates": [
          [
            [
              -74.08469990893022,
              40.72364652941789
            ],
            [
              -74.08353133726699,
              40.7236372568114
            ],
            [
              -74.08351898669372,
              40.72453756975945
            ],
            [
              -74.08468757409956,
              40.72454684265868
            ],
            [
              -74.08469990893022,
              40.72364652941789
            ]
          ]
        ]
      }
    },
    {
      "id": "803",
      "type": "Feature",
      "properties": {
        "tile_id": 803,
        "average_temperature": 33.988,
        "min_temperature": 33.988,
        "max_temperature": 33.988
      },
      "geometry": {
        "type": "Polygon",
        "coordinates": [
          [
            [
              -74.08353133726699,
              40.7236372568114
            ],
            [
              -74.08236276614817,
              40.723627972376796
            ],
            [
              -74.08235039983231,
              40.72452828503171
            ],
            [
              -74.08351898669372,
              40.72453756975945
            ],
            [
              -74.08353133726699,
              40.7236372568114
            ]
          ]
        ]
      }
    },
    {
      "id": "804",
      "type": "Feature",
      "properties": {
        "tile_id": 804,
        "average_temperature": 33.9825,
        "min_temperature": 33.9825,
        "max_temperature": 33.9825
      },
      "geometry": {
        "type": "Polygon",
        "coordinates": [
          [
            [
              -74.08236276614817,
              40.723627972376796
            ],
            [
              -74.08119419557441,
              40.723618676114064
            ],
            [
              -74.081181813516,
              40.72451898847548
            ],
            [
              -74.08235039983232,
              40.72452828503171
            ],
            [
              -74.08236276614817,
              40.723627972376796
            ]
          ]
        ]
      }
    },
    {
      "id": "805",
      "type": "Feature",
      "properties": {
        "tile_id": 805,
        "average_temperature": 33.9749,
        "min_temperature": 33.9749,
        "max_temperature": 33.9749
      },
      "geometry": {
        "type": "Polygon",
        "coordinates": [
          [
            [
              -74.08119419557441,
              40.723618676114064
            ],
            [
              -74.08002562554644,
              40.72360936802325
            ],
            [
              -74.08001322774548,
              40.72450968009079
            ],
            [
              -74.081181813516,
              40.72451898847548
            ],
            [
              -74.08119419557441,
              40.723618676114064
            ]
          ]
        ]
      }
    },
    {
      "id": "806",
      "type": "Feature",
      "properties": {
        "tile_id": 806,
        "average_temperature": 33.9651,
        "min_temperature": 33.9651,
        "max_temperature": 33.9651
      },
      "geometry": {
        "type": "Polygon",
        "coordinates": [
          [
            [
              -74.08002562554644,
              40.72360936802325
            ],
            [
              -74.07885705606492,
              40.72360004810435
            ],
            [
              -74.07884464252146,
              40.72450035987763
            ],
            [
              -74.08001322774548,
              40.72450968009079
            ],
            [
              -74.08002562554644,
              40.72360936802325
            ]
          ]
        ]
      }
    },
    {
      "id": "807",
      "type": "Feature",
      "properties": {
        "tile_id": 807,
        "average_temperature": 33.9525,
        "min_temperature": 33.9525,
        "max_temperature": 33.9525
      },
      "geometry": {
        "type": "Polygon",
        "coordinates": [
          [
            [
              -74.07885705606492,
              40.72360004810435
            ],
            [
              -74.07768848713056,
              40.723590716357386
            ],
            [
              -74.07767605784464,
              40.72449102783605
            ],
            [
              -74.07884464252146,
              40.72450035987763
            ],
            [
              -74.07885705606492,
              40.72360004810435
            ]
          ]
        ]
      }
    },
    {
      "id": "808",
      "type": "Feature",
      "properties": {
        "tile_id": 808,
        "average_temperature": 33.9368,
        "min_temperature": 33.9368,
        "max_temperature": 33.9368
      },
      "geometry": {
        "type": "Polygon",
        "coordinates": [
          [
            [
              -74.07768848713056,
              40.723590716357386
            ],
            [
              -74.07651991874407,
              40.72358137278237
            ],
            [
              -74.07650747371568,
              40.72448168396603
            ],
            [
              -74.07767605784464,
              40.72449102783605
            ],
            [
              -74.07768848713056,
              40.723590716357386
            ]
          ]
        ]
      }
    },
    {
      "id": "809",
      "type": "Feature",
      "properties": {
        "tile_id": 809,
        "average_temperature": 33.9176,
        "min_temperature": 33.9176,
        "max_temperature": 33.9176
      },
      "geometry": {
        "type": "Polygon",
        "coordinates": [
          [
            [
              -74.07651991874407,
              40.72358137278237
            ],
            [
              -74.07535135090612,
              40.723572017379325
            ],
            [
              -74.07533889013533,
              40.72447232826763
            ],
            [
              -74.07650747371568,
              40.72448168396603
            ],
            [
              -74.07651991874407,
              40.72358137278237
            ]
          ]
        ]
      }
    },
    {
      "id": "810",
      "type": "Feature",
      "properties": {
        "tile_id": 810,
        "average_temperature": 33.8944,
        "min_temperature": 33.8944,
        "max_temperature": 33.8944
      },
      "geometry": {
        "type": "Polygon",
        "coordinates": [
          [
            [
              -74.07535135090612,
              40.723572017379325
            ],
            [
              -74.07418278361742,
              40.72356265014826
            ],
            [
              -74.07417030710423,
              40.72446296074082
            ],
            [
              -74.07533889013533,
              40.72447232826763
            ],
            [
              -74.07535135090612,
              40.723572017379325
            ]
          ]
        ]
      }
    },
    {
      "id": "811",
      "type": "Feature",
      "properties": {
        "tile_id": 811,
        "average_temperature": 33.8677,
        "min_temperature": 33.8677,
        "max_temperature": 33.8677
      },
      "geometry": {
        "type": "Polygon",
        "coordinates": [
          [
            [
              -74.07418278361742,
              40.72356265014826
            ],
            [
              -74.07301421687865,
              40.723553271089195
            ],
            [
              -74.07300172462308,
              40.724453581385646
            ],
            [
              -74.07417030710423,
              40.72446296074082
            ],
            [
              -74.07418278361742,
              40.72356265014826
            ]
          ]
        ]
      }
    },
    {
      "id": "812",
      "type": "Feature",
      "properties": {
        "tile_id": 812,
        "average_temperature": 33.8383,
        "min_temperature": 33.8383,
        "max_temperature": 33.8383
      },
      "geometry": {
        "type": "Polygon",
        "coordinates": [
          [
            [
              -74.07301421687865,
              40.723553271089195
            ],
            [
              -74.0718456506905,
              40.72354388020215
            ],
            [
              -74.0718331426926,
              40.72444419020209
            ],
            [
              -74.07300172462308,
              40.724453581385646
            ],
            [
              -74.07301421687865,
              40.723553271089195
            ]
          ]
        ]
      }
    },
    {
      "id": "813",
      "type": "Feature",
      "properties": {
        "tile_id": 813,
        "average_temperature": 33.8074,
        "min_temperature": 33.8074,
        "max_temperature": 33.8074
      },
      "geometry": {
        "type": "Polygon",
        "coordinates": [
          [
            [
              -74.0718456506905,
              40.72354388020215
            ],
            [
              -74.07067708505369,
              40.723534477487135
            ],
            [
              -74.07066456131348,
              40.72443478719022
            ],
            [
              -74.0718331426926,
              40.72444419020209
            ],
            [
              -74.0718456506905,
              40.72354388020215
            ]
          ]
        ]
      }
    },
    {
      "id": "814",
      "type": "Feature",
      "properties": {
        "tile_id": 814,
        "average_temperature": 33.7761,
        "min_temperature": 33.7761,
        "max_temperature": 33.7761
      },
      "geometry": {
        "type": "Polygon",
        "coordinates": [
          [
            [
              -74.07067708505369,
              40.723534477487135
            ],
            [
              -74.06950851996889,
              40.72352506294418
            ],
            [
              -74.0694959804864,
              40.72442537235003
            ],
            [
              -74.07066456131348,
              40.72443478719022
            ],
            [
              -74.07067708505369,
              40.723534477487135
            ]
          ]
        ]
      }
    },
    {
      "id": "815",
      "type": "Feature",
      "properties": {
        "tile_id": 815,
        "average_temperature": 33.7454,
        "min_temperature": 33.7454,
        "max_temperature": 33.7454
      },
      "geometry": {
        "type": "Polygon",
        "coordinates": [
          [
            [
              -74.06950851996889,
              40.72352506294418
            ],
            [
              -74.06833995543678,
              40.723515636573275
            ],
            [
              -74.06832740021204,
              40.72441594568151
            ],
            [
              -74.0694959804864,
              40.72442537235003
            ],
            [
              -74.06950851996889,
              40.72352506294418
            ]
          ]
        ]
      }
    },
    {
      "id": "816",
      "type": "Feature",
      "properties": {
        "tile_id": 816,
        "average_temperature": 33.7165,
        "min_temperature": 33.7165,
        "max_temperature": 33.7165
      },
      "geometry": {
        "type": "Polygon",
        "coordinates": [
          [
            [
              -74.06833995543678,
              40.723515636573275
            ],
            [
              -74.0671713914581,
              40.72350619837444
            ],
            [
              -74.06715882049113,
              40.72440650718471
            ],
            [
              -74.06832740021204,
              40.72441594568151
            ],
            [
              -74.06833995543678,
              40.723515636573275
            ]
          ]
        ]
      }
    },
    {
      "id": "817",
      "type": "Feature",
      "properties": {
        "tile_id": 817,
        "average_temperature": 33.6905,
        "min_temperature": 33.6905,
        "max_temperature": 33.6905
      },
      "geometry": {
        "type": "Polygon",
        "coordinates": [
          [
            [
              -74.0671713914581,
              40.72350619837444
            ],
            [
              -74.0660028280335,
              40.72349674834771
            ],
            [
              -74.06599024132434,
              40.72439705685964
            ],
            [
              -74.06715882049113,
              40.72440650718471
            ],
            [
              -74.0671713914581,
              40.72350619837444
            ]
          ]
        ]
      }
    },
    {
      "id": "818",
      "type": "Feature",
      "properties": {
        "tile_id": 818,
        "average_temperature": 33.6686,
        "min_temperature": 33.6686,
        "max_temperature": 33.6686
      },
      "geometry": {
        "type": "Polygon",
        "coordinates": [
          [
            [
              -74.0660028280335,
              40.72349674834771
            ],
            [
              -74.0648342651637,
              40.72348728649311
            ],
            [
              -74.06482166271238,
              40.72438759470629
            ],
            [
              -74.06599024132434,
              40.72439705685964
            ],
            [
              -74.0660028280335,
              40.72349674834771
            ]
          ]
        ]
      }
    },
    {
      "id": "819",
      "type": "Feature",
      "properties": {
        "tile_id": 819,
        "average_temperature": 33.6519,
        "min_temperature": 33.6519,
        "max_temperature": 33.6519
      },
      "geometry": {
        "type": "Polygon",
        "coordinates": [
          [
            [
              -74.0648342651637,
              40.72348728649311
            ],
            [
              -74.06366570284938,
              40.72347781281062
            ],
            [
              -74.06365308465593,
              40.724378120724715
            ],
            [
              -74.06482166271238,
              40.72438759470629
            ],
            [
              -74.0648342651637,
              40.72348728649311
            ]
          ]
        ]
      }
    },
    {
      "id": "820",
      "type": "Feature",
      "properties": {
        "tile_id": 820,
        "average_temperature": 33.6411,
        "min_temperature": 33.6411,
        "max_temperature": 33.6411
      },
      "geometry": {
        "type": "Polygon",
        "coordinates": [
          [
            [
              -74.06366570284938,
              40.72347781281062
            ],
            [
              -74.06249714109124,
              40.723468327300296
            ],
            [
              -74.06248450715566,
              40.72436863491489
            ],
            [
              -74.06365308465593,
              40.724378120724715
            ],
            [
              -74.06366570284938,
              40.72347781281062
            ]
          ]
        ]
      }
    },
    {
      "id": "821",
      "type": "Feature",
      "properties": {
        "tile_id": 821,
        "average_temperature": 33.6355,
        "min_temperature": 33.6355,
        "max_temperature": 33.6355
      },
      "geometry": {
        "type": "Polygon",
        "coordinates": [
          [
            [
              -74.06249714109124,
              40.723468327300296
            ],
            [
              -74.06132857988997,
              40.72345882996211
            ],
            [
              -74.06131593021232,
              40.72435913727687
            ],
            [
              -74.06248450715566,
              40.72436863491489
            ],
            [
              -74.06249714109124,
              40.723468327300296
            ]
          ]
        ]
      }
    },
    {
      "id": "822",
      "type": "Feature",
      "properties": {
        "tile_id": 822,
        "average_temperature": 33.6344,
        "min_temperature": 33.6344,
        "max_temperature": 33.6344
      },
      "geometry": {
        "type": "Polygon",
        "coordinates": [
          [
            [
              -74.06132857988997,
              40.72345882996211
            ],
            [
              -74.06016001924627,
              40.723449320796114
            ],
            [
              -74.06014735382657,
              40.72434962781065
            ],
            [
              -74.06131593021232,
              40.72435913727687
            ],
            [
              -74.06132857988997,
              40.72345882996211
            ]
          ]
        ]
      }
    },
    {
      "id": "823",
      "type": "Feature",
      "properties": {
        "tile_id": 823,
        "average_temperature": 33.6369,
        "min_temperature": 33.6369,
        "max_temperature": 33.6369
      },
      "geometry": {
        "type": "Polygon",
        "coordinates": [
          [
            [
              -74.06016001924627,
              40.723449320796114
            ],
            [
              -74.05899145916084,
              40.723439799802314
            ],
            [
              -74.0589787779991,
              40.72434010651626
            ],
            [
              -74.06014735382657,
              40.72434962781065
            ],
            [
              -74.06016001924627,
              40.723449320796114
            ]
          ]
        ]
      }
    },
    {
      "id": "824",
      "type": "Feature",
      "properties": {
        "tile_id": 824,
        "average_temperature": 33.642,
        "min_temperature": 33.642,
        "max_temperature": 33.642
      },
      "geometry": {
        "type": "Polygon",
        "coordinates": [
          [
            [
              -74.05899145916084,
              40.723439799802314
            ],
            [
              -74.05782289963435,
              40.72343026698073
            ],
            [
              -74.05781020273061,
              40.724330573393694
            ],
            [
              -74.0589787779991,
              40.72434010651626
            ],
            [
              -74.05899145916084,
              40.723439799802314
            ]
          ]
        ]
      }
    },
    {
      "id": "825",
      "type": "Feature",
      "properties": {
        "tile_id": 825,
        "average_temperature": 33.6489,
        "min_temperature": 33.6489,
        "max_temperature": 33.6489
      },
      "geometry": {
        "type": "Polygon",
        "coordinates": [
          [
            [
              -74.05782289963435,
              40.72343026698073
            ],
            [
              -74.05665434066749,
              40.72342072233136
            ],
            [
              -74.05664162802181,
              40.72432102844299
            ],
            [
              -74.05781020273061,
              40.724330573393694
            ],
            [
              -74.05782289963435,
              40.72343026698073
            ]
          ]
        ]
      }
    },
    {
      "id": "826",
      "type": "Feature",
      "properties": {
        "tile_id": 826,
        "average_temperature": 33.6567,
        "min_temperature": 33.6567,
        "max_temperature": 33.6567
      },
      "geometry": {
        "type": "Polygon",
        "coordinates": [
          [
            [
              -74.05665434066749,
              40.72342072233136
            ],
            [
              -74.05548578226099,
              40.723411165854245
            ],
            [
              -74.05547305387336,
              40.72431147166416
            ],
            [
              -74.05664162802181,
              40.72432102844299
            ],
            [
              -74.05665434066749,
              40.72342072233136
            ]
          ]
        ]
      }
    },
    {
      "id": "827",
      "type": "Feature",
      "properties": {
        "tile_id": 827,
        "average_temperature": 33.6645,
        "min_temperature": 33.6645,
        "max_temperature": 33.6645
      },
      "geometry": {
        "type": "Polygon",
        "coordinates": [
          [
            [
              -74.05548578226099,
              40.723411165854245
            ],
            [
              -74.05431722441553,
              40.7234015975494
            ],
            [
              -74.05430448028598,
              40.72430190305721
            ],
            [
              -74.05547305387337,
              40.72431147166416
            ],
            [
              -74.05548578226099,
              40.723411165854245
            ]
          ]
        ]
      }
    },
    {
      "id": "828",
      "type": "Feature",
      "properties": {
        "tile_id": 828,
        "average_temperature": 33.6716,
        "min_temperature": 33.6716,
        "max_temperature": 33.6716
      },
      "geometry": {
        "type": "Polygon",
        "coordinates": [
          [
            [
              -74.05431722441553,
              40.7234015975494
            ],
            [
              -74.05314866713178,
              40.723392017416806
            ],
            [
              -74.05313590726037,
              40.72429232262216
            ],
            [
              -74.05430448028598,
              40.72430190305721
            ],
            [
              -74.05431722441553,
              40.7234015975494
            ]
          ]
        ]
      }
    },
    {
      "id": "829",
      "type": "Feature",
      "properties": {
        "tile_id": 829,
        "average_temperature": 33.677,
        "min_temperature": 33.677,
        "max_temperature": 33.677
      },
      "geometry": {
        "type": "Polygon",
        "coordinates": [
          [
            [
              -74.05314866713178,
              40.723392017416806
            ],
            [
              -74.05198011041047,
              40.72338242545652
            ],
            [
              -74.05196733479718,
              40.72428273035904
            ],
            [
              -74.05313590726037,
              40.72429232262216
            ],
            [
              -74.05314866713178,
              40.723392017416806
            ]
          ]
        ]
      }
    },
    {
      "id": "830",
      "type": "Feature",
      "properties": {
        "tile_id": 830,
        "average_temperature": 33.6807,
        "min_temperature": 33.6807,
        "max_temperature": 33.6807
      },
      "geometry": {
        "type": "Polygon",
        "coordinates": [
          [
            [
              -74.05198011041047,
              40.72338242545652
            ],
            [
              -74.05081155425226,
              40.723372821668534
            ],
            [
              -74.05079876289716,
              40.724273126267846
            ],
            [
              -74.05196733479718,
              40.72428273035904
            ],
            [
              -74.05198011041047,
              40.72338242545652
            ]
          ]
        ]
      }
    },
    {
      "id": "831",
      "type": "Feature",
      "properties": {
        "tile_id": 831,
        "average_temperature": 33.6828,
        "min_temperature": 33.6828,
        "max_temperature": 33.6828
      },
      "geometry": {
        "type": "Polygon",
        "coordinates": [
          [
            [
              -74.05081155425226,
              40.723372821668534
            ],
            [
              -74.04964299865786,
              40.723363206052895
            ],
            [
              -74.04963019156096,
              40.724263510348614
            ],
            [
              -74.05079876289716,
              40.724273126267846
            ],
            [
              -74.05081155425226,
              40.723372821668534
            ]
          ]
        ]
      }
    },
    {
      "id": "832",
      "type": "Feature",
      "properties": {
        "tile_id": 832,
        "average_temperature": 34.0569,
        "min_temperature": 34.0569,
        "max_temperature": 34.0569
      },
      "geometry": {
        "type": "Polygon",
        "coordinates": [
          [
            [
              -74.08702475054169,
              40.72456535297158
            ],
            [
              -74.08585616204913,
              40.724556103729405
            ],
            [
              -74.08584384240424,
              40.72545641711861
            ],
            [
              -74.0870124466402,
              40.725465666652816
            ],
            [
              -74.08702475054169,
              40.72456535297158
            ]
          ]
        ]
      }
    },
    {
      "id": "833",
      "type": "Feature",
      "properties": {
        "tile_id": 833,
        "average_temperature": 34.0469,
        "min_temperature": 34.0469,
        "max_temperature": 34.0469
      },
      "geometry": {
        "type": "Polygon",
        "coordinates": [
          [
            [
              -74.08585616204913,
              40.724556103729405
            ],
            [
              -74.08468757409956,
              40.72454684265868
            ],
            [
              -74.08467523871133,
              40.725447155755504
            ],
            [
              -74.08584384240424,
              40.72545641711861
            ],
            [
              -74.08585616204913,
              40.724556103729405
            ]
          ]
        ]
      }
    },
    {
      "id": "834",
      "type": "Feature",
      "properties": {
        "tile_id": 834,
        "average_temperature": 34.0349,
        "min_temperature": 34.0349,
        "max_temperature": 34.0349
      },
      "geometry": {
        "type": "Polygon",
        "coordinates": [
          [
            [
              -74.08468757409956,
              40.72454684265868
            ],
            [
              -74.08351898669372,
              40.72453756975945
            ],
            [
              -74.08350663556217,
              40.725437882563504
            ],
            [
              -74.08467523871133,
              40.725447155755504
            ],
            [
              -74.08468757409956,
              40.72454684265868
            ]
          ]
        ]
      }
    },
    {
      "id": "835",
      "type": "Feature",
      "properties": {
        "tile_id": 835,
        "average_temperature": 34.0209,
        "min_temperature": 34.0209,
        "max_temperature": 34.0209
      },
      "geometry": {
        "type": "Polygon",
        "coordinates": [
          [
            [
              -74.08351898669372,
              40.72453756975945
            ],
            [
              -74.08235039983231,
              40.72452828503171
            ],
            [
              -74.08233803295745,
              40.72542859754263
            ],
            [
              -74.08350663556217,
              40.725437882563504
            ],
            [
              -74.08351898669372,
              40.72453756975945
            ]
          ]
        ]
      }
    },
    {
      "id": "836",
      "type": "Feature",
      "properties": {
        "tile_id": 836,
        "average_temperature": 34.0049,
        "min_temperature": 34.0049,
        "max_temperature": 34.0049
      },
      "geometry": {
        "type": "Polygon",
        "coordinates": [
          [
            [
              -74.08235039983232,
              40.72452828503171
            ],
            [
              -74.081181813516,
              40.72451898847548
            ],
            [
              -74.08116943089786,
              40.7254193006929
            ],
            [
              -74.08233803295745,
              40.72542859754263
            ],
            [
              -74.08235039983232,
              40.72452828503171
            ]
          ]
        ]
      }
    },
    {
      "id": "837",
      "type": "Feature",
      "properties": {
        "tile_id": 837,
        "average_temperature": 33.9869,
        "min_temperature": 33.9869,
        "max_temperature": 33.9869
      },
      "geometry": {
        "type": "Polygon",
        "coordinates": [
          [
            [
              -74.081181813516,
              40.72451898847548
            ],
            [
              -74.08001322774548,
              40.72450968009079
            ],
            [
              -74.0800008293841,
              40.72540999201431
            ],
            [
              -74.08116943089786,
              40.7254193006929
            ],
            [
              -74.081181813516,
              40.72451898847548
            ]
          ]
        ]
      }
    },
    {
      "id": "838",
      "type": "Feature",
      "properties": {
        "tile_id": 838,
        "average_temperature": 33.9667,
        "min_temperature": 33.9667,
        "max_temperature": 33.9667
      },
      "geometry": {
        "type": "Polygon",
        "coordinates": [
          [
            [
              -74.08001322774548,
              40.72450968009079
            ],
            [
              -74.07884464252146,
              40.72450035987763
            ],
            [
              -74.07883222841686,
              40.72540067150691
            ],
            [
              -74.0800008293841,
              40.72540999201431
            ],
            [
              -74.08001322774548,
              40.72450968009079
            ]
          ]
        ]
      }
    },
    {
      "id": "839",
      "type": "Feature",
      "properties": {
        "tile_id": 839,
        "average_temperature": 33.9444,
        "min_temperature": 33.9444,
        "max_temperature": 33.9444
      },
      "geometry": {
        "type": "Polygon",
        "coordinates": [
          [
            [
              -74.07884464252146,
              40.72450035987763
            ],
            [
              -74.07767605784464,
              40.72449102783605
            ],
            [
              -74.07766362799686,
              40.72539133917069
            ],
            [
              -74.07883222841686,
              40.72540067150691
            ],
            [
              -74.07884464252146,
              40.72450035987763
            ]
          ]
        ]
      }
    },
    {
      "id": "840",
      "type": "Feature",
      "properties": {
        "tile_id": 840,
        "average_temperature": 33.9199,
        "min_temperature": 33.9199,
        "max_temperature": 33.9199
      },
      "geometry": {
        "type": "Polygon",
        "coordinates": [
          [
            [
              -74.07767605784464,
              40.72449102783605
            ],
            [
              -74.07650747371568,
              40.72448168396603
            ],
            [
              -74.07649502812475,
              40.725381995005684
            ],
            [
              -74.07766362799686,
              40.72539133917069
            ],
            [
              -74.07767605784464,
              40.72449102783605
            ]
          ]
        ]
      }
    },
    {
      "id": "841",
      "type": "Feature",
      "properties": {
        "tile_id": 841,
        "average_temperature": 33.8931,
        "min_temperature": 33.8931,
        "max_temperature": 33.8931
      },
      "geometry": {
        "type": "Polygon",
        "coordinates": [
          [
            [
              -74.07650747371568,
              40.72448168396603
            ],
            [
              -74.07533889013533,
              40.72447232826763
            ],
            [
              -74.07532642880123,
              40.72537263901188
            ],
            [
              -74.07649502812475,
              40.725381995005684
            ],
            [
              -74.07650747371568,
              40.72448168396603
            ]
          ]
        ]
      }
    },
    {
      "id": "842",
      "type": "Feature",
      "properties": {
        "tile_id": 842,
        "average_temperature": 33.864,
        "min_temperature": 33.864,
        "max_temperature": 33.864
      },
      "geometry": {
        "type": "Polygon",
        "coordinates": [
          [
            [
              -74.07533889013533,
              40.72447232826763
            ],
            [
              -74.07417030710423,
              40.72446296074082
            ],
            [
              -74.07415783002703,
              40.725363271189345
            ],
            [
              -74.07532642880123,
              40.72537263901188
            ],
            [
              -74.07533889013533,
              40.72447232826763
            ]
          ]
        ]
      }
    },
    {
      "id": "843",
      "type": "Feature",
      "properties": {
        "tile_id": 843,
        "average_temperature": 33.8329,
        "min_temperature": 33.8329,
        "max_temperature": 33.8329
      },
      "geometry": {
        "type": "Polygon",
        "coordinates": [
          [
            [
              -74.07417030710423,
              40.72446296074082
            ],
            [
              -74.07300172462308,
              40.724453581385646
            ],
            [
              -74.07298923180282,
              40.725353891538035
            ],
            [
              -74.07415783002703,
              40.725363271189345
            ],
            [
              -74.07417030710423,
              40.72446296074082
            ]
          ]
        ]
      }
    },
    {
      "id": "844",
      "type": "Feature",
      "properties": {
        "tile_id": 844,
        "average_temperature": 33.8008,
        "min_temperature": 33.8008,
        "max_temperature": 33.8008
      },
      "geometry": {
        "type": "Polygon",
        "coordinates": [
          [
            [
              -74.07300172462308,
              40.724453581385646
            ],
            [
              -74.0718331426926,
              40.72444419020209
            ],
            [
              -74.0718206341293,
              40.725344500058
            ],
            [
              -74.07298923180282,
              40.725353891538035
            ],
            [
              -74.07300172462308,
              40.724453581385646
            ]
          ]
        ]
      }
    },
    {
      "id": "845",
      "type": "Feature",
      "properties": {
        "tile_id": 845,
        "average_temperature": 33.7686,
        "min_temperature": 33.7686,
        "max_temperature": 33.7686
      },
      "geometry": {
        "type": "Polygon",
        "coordinates": [
          [
            [
              -74.0718331426926,
              40.72444419020209
            ],
            [
              -74.07066456131348,
              40.72443478719022
            ],
            [
              -74.07065203700715,
              40.725335096749255
            ],
            [
              -74.0718206341293,
              40.725344500058
            ],
            [
              -74.0718331426926,
              40.72444419020209
            ]
          ]
        ]
      }
    },
    {
      "id": "846",
      "type": "Feature",
      "properties": {
        "tile_id": 846,
        "average_temperature": 33.7372,
        "min_temperature": 33.7372,
        "max_temperature": 33.7372
      },
      "geometry": {
        "type": "Polygon",
        "coordinates": [
          [
            [
              -74.07066456131348,
              40.72443478719022
            ],
            [
              -74.0694959804864,
              40.72442537235003
            ],
            [
              -74.06948344043707,
              40.7253256816118
            ],
            [
              -74.07065203700715,
              40.725335096749255
            ],
            [
              -74.07066456131348,
              40.72443478719022
            ]
          ]
        ]
      }
    },
    {
      "id": "847",
      "type": "Feature",
      "properties": {
        "tile_id": 847,
        "average_temperature": 33.7076,
        "min_temperature": 33.7076,
        "max_temperature": 33.7076
      },
      "geometry": {
        "type": "Polygon",
        "coordinates": [
          [
            [
              -74.0694959804864,
              40.72442537235003
            ],
            [
              -74.06832740021204,
              40.72441594568151
            ],
            [
              -74.06831484441976,
              40.725316254645676
            ],
            [
              -74.06948344043707,
              40.7253256816118
            ],
            [
              -74.0694959804864,
              40.72442537235003
            ]
          ]
        ]
      }
    },
    {
      "id": "848",
      "type": "Feature",
      "properties": {
        "tile_id": 848,
        "average_temperature": 33.6807,
        "min_temperature": 33.6807,
        "max_temperature": 33.6807
      },
      "geometry": {
        "type": "Polygon",
        "coordinates": [
          [
            [
              -74.06832740021204,
              40.72441594568151
            ],
            [
              -74.06715882049113,
              40.72440650718471
            ],
            [
              -74.06714624895591,
              40.725306815850885
            ],
            [
              -74.06831484441976,
              40.725316254645676
            ],
            [
              -74.06832740021204,
              40.72441594568151
            ]
          ]
        ]
      }
    },
    {
      "id": "849",
      "type": "Feature",
      "properties": {
        "tile_id": 849,
        "average_temperature": 33.6576,
        "min_temperature": 33.6576,
        "max_temperature": 33.6576
      },
      "geometry": {
        "type": "Polygon",
        "coordinates": [
          [
            [
              -74.06715882049113,
              40.72440650718471
            ],
            [
              -74.06599024132434,
              40.72439705685964
            ],
            [
              -74.06597765404622,
              40.72529736522745
            ],
            [
              -74.06714624895591,
              40.725306815850885
            ],
            [
              -74.06715882049113,
              40.72440650718471
            ]
          ]
        ]
      }
    },
    {
      "id": "850",
      "type": "Feature",
      "properties": {
        "tile_id": 850,
        "average_temperature": 33.639,
        "min_temperature": 33.639,
        "max_temperature": 33.639
      },
      "geometry": {
        "type": "Polygon",
        "coordinates": [
          [
            [
              -74.06599024132434,
              40.72439705685964
            ],
            [
              -74.06482166271238,
              40.72438759470629
            ],
            [
              -74.06480905969136,
              40.72528790277536
            ],
            [
              -74.06597765404622,
              40.72529736522745
            ],
            [
              -74.06599024132434,
              40.72439705685964
            ]
          ]
        ]
      }
    },
    {
      "id": "851",
      "type": "Feature",
      "properties": {
        "tile_id": 851,
        "average_temperature": 33.626,
        "min_temperature": 33.626,
        "max_temperature": 33.626
      },
      "geometry": {
        "type": "Polygon",
        "coordinates": [
          [
            [
              -74.06482166271238,
              40.72438759470629
            ],
            [
              -74.06365308465593,
              40.724378120724715
            ],
            [
              -74.06364046589206,
              40.725278428494676
            ],
            [
              -74.06480905969137,
              40.72528790277536
            ],
            [
              -74.06482166271238,
              40.72438759470629
            ]
          ]
        ]
      }
    },
    {
      "id": "852",
      "type": "Feature",
      "properties": {
        "tile_id": 852,
        "average_temperature": 33.6191,
        "min_temperature": 33.6191,
        "max_temperature": 33.6191
      },
      "geometry": {
        "type": "Polygon",
        "coordinates": [
          [
            [
              -74.06365308465593,
              40.724378120724715
            ],
            [
              -74.06248450715566,
              40.72436863491489
            ],
            [
              -74.06247187264898,
              40.72526894238537
            ],
            [
              -74.06364046589206,
              40.725278428494676
            ],
            [
              -74.06365308465593,
              40.724378120724715
            ]
          ]
        ]
      }
    },
    {
      "id": "853",
      "type": "Feature",
      "properties": {
        "tile_id": 853,
        "average_temperature": 33.6177,
        "min_temperature": 33.6177,
        "max_temperature": 33.6177
      },
      "geometry": {
        "type": "Polygon",
        "coordinates": [
          [
            [
              -74.06248450715566,
              40.72436863491489
            ],
            [
              -74.06131593021232,
              40.72435913727687
            ],
            [
              -74.06130327996286,
              40.72525944444749
            ],
            [
              -74.06247187264898,
              40.72526894238537
            ],
            [
              -74.06248450715566,
              40.72436863491489
            ]
          ]
        ]
      }
    },
    {
      "id": "854",
      "type": "Feature",
      "properties": {
        "tile_id": 854,
        "average_temperature": 33.6207,
        "min_temperature": 33.6207,
        "max_temperature": 33.6207
      },
      "geometry": {
        "type": "Polygon",
        "coordinates": [
          [
            [
              -74.06131593021232,
              40.72435913727687
            ],
            [
              -74.06014735382657,
              40.72434962781065
            ],
            [
              -74.06013468783433,
              40.72524993468104
            ],
            [
              -74.06130327996286,
              40.72525944444749
            ],
            [
              -74.06131593021232,
              40.72435913727687
            ]
          ]
        ]
      }
    },
    {
      "id": "855",
      "type": "Feature",
      "properties": {
        "tile_id": 855,
        "average_temperature": 33.6272,
        "min_temperature": 33.6272,
        "max_temperature": 33.6272
      },
      "geometry": {
        "type": "Polygon",
        "coordinates": [
          [
            [
              -74.06014735382657,
              40.72434962781065
            ],
            [
              -74.0589787779991,
              40.72434010651626
            ],
            [
              -74.05896609626413,
              40.72524041308604
            ],
            [
              -74.06013468783433,
              40.72524993468104
            ],
            [
              -74.06014735382657,
              40.72434962781065
            ]
          ]
        ]
      }
    },
    {
      "id": "856",
      "type": "Feature",
      "properties": {
        "tile_id": 856,
        "average_temperature": 33.6362,
        "min_temperature": 33.6362,
        "max_temperature": 33.6362
      },
      "geometry": {
        "type": "Polygon",
        "coordinates": [
          [
            [
              -74.0589787779991,
              40.72434010651626
            ],
            [
              -74.05781020273061,
              40.724330573393694
            ],
            [
              -74.05779750525294,
              40.725230879662504
            ],
            [
              -74.05896609626413,
              40.72524041308604
            ],
            [
              -74.0589787779991,
              40.72434010651626
            ]
          ]
        ]
      }
    },
    {
      "id": "857",
      "type": "Feature",
      "properties": {
        "tile_id": 857,
        "average_temperature": 33.6468,
        "min_temperature": 33.6468,
        "max_temperature": 33.6468
      },
      "geometry": {
        "type": "Polygon",
        "coordinates": [
          [
            [
              -74.05781020273061,
              40.724330573393694
            ],
            [
              -74.05664162802181,
              40.72432102844299
            ],
            [
              -74.05662891480144,
              40.72522133441045
            ],
            [
              -74.05779750525294,
              40.725230879662504
            ],
            [
              -74.05781020273061,
              40.724330573393694
            ]
          ]
        ]
      }
    },
    {
      "id": "858",
      "type": "Feature",
      "properties": {
        "tile_id": 858,
        "average_temperature": 33.658,
        "min_temperature": 33.658,
        "max_temperature": 33.658
      },
      "geometry": {
        "type": "Polygon",
        "coordinates": [
          [
            [
              -74.05664162802181,
              40.72432102844299
            ],
            [
              -74.05547305387336,
              40.72431147166416
            ],
            [
              -74.05546032491036,
              40.72521177732989
            ],
            [
              -74.05662891480144,
              40.72522133441045
            ],
            [
              -74.05664162802181,
              40.72432102844299
            ]
          ]
        ]
      }
    },
    {
      "id": "859",
      "type": "Feature",
      "properties": {
        "tile_id": 859,
        "average_temperature": 33.6688,
        "min_temperature": 33.6688,
        "max_temperature": 33.6688
      },
      "geometry": {
        "type": "Polygon",
        "coordinates": [
          [
            [
              -74.05547305387337,
              40.72431147166416
            ],
            [
              -74.05430448028598,
              40.72430190305721
            ],
            [
              -74.05429173558036,
              40.725202208420846
            ],
            [
              -74.05546032491036,
              40.72521177732989
            ],
            [
              -74.05547305387337,
              40.72431147166416
            ]
          ]
        ]
      }
    },
    {
      "id": "860",
      "type": "Feature",
      "properties": {
        "tile_id": 860,
        "average_temperature": 33.6784,
        "min_temperature": 33.6784,
        "max_temperature": 33.6784
      },
      "geometry": {
        "type": "Polygon",
        "coordinates": [
          [
            [
              -74.05430448028598,
              40.72430190305721
            ],
            [
              -74.05313590726037,
              40.72429232262216
            ],
            [
              -74.05312314681214,
              40.72519262768334
            ],
            [
              -74.05429173558036,
              40.725202208420846
            ],
            [
              -74.05430448028598,
              40.72430190305721
            ]
          ]
        ]
      }
    },
    {
      "id": "861",
      "type": "Feature",
      "properties": {
        "tile_id": 861,
        "average_temperature": 33.6858,
        "min_temperature": 33.6858,
        "max_temperature": 33.6858
      },
      "geometry": {
        "type": "Polygon",
        "coordinates": [
          [
            [
              -74.05313590726037,
              40.72429232262216
            ],
            [
              -74.05196733479718,
              40.72428273035904
            ],
            [
              -74.05195455860641,
              40.72518303511737
            ],
            [
              -74.05312314681214,
              40.72519262768334
            ],
            [
              -74.05313590726037,
              40.72429232262216
            ]
          ]
        ]
      }
    },
    {
      "id": "862",
      "type": "Feature",
      "properties": {
        "tile_id": 862,
        "average_temperature": 33.6908,
        "min_temperature": 33.6908,
        "max_temperature": 33.6908
      },
      "geometry": {
        "type": "Polygon",
        "coordinates": [
          [
            [
              -74.05196733479718,
              40.72428273035904
            ],
            [
              -74.05079876289716,
              40.724273126267846
            ],
            [
              -74.05078597096384,
              40.72517343072296
            ],
            [
              -74.05195455860641,
              40.72518303511737
            ],
            [
              -74.05196733479718,
              40.72428273035904
            ]
          ]
        ]
      }
    },
    {
      "id": "863",
      "type": "Feature",
      "properties": {
        "tile_id": 863,
        "average_temperature": 33.6938,
        "min_temperature": 33.6938,
        "max_temperature": 33.6938
      },
      "geometry": {
        "type": "Polygon",
        "coordinates": [
          [
            [
              -74.05079876289716,
              40.724273126267846
            ],
            [
              -74.04963019156096,
              40.724263510348614
            ],
            [
              -74.04961738388513,
              40.725163814500135
            ],
            [
              -74.05078597096384,
              40.72517343072296
            ],
            [
              -74.05079876289716,
              40.724273126267846
            ]
          ]
        ]
      }
    },
    {
      "id": "864",
      "type": "Feature",
      "properties": {
        "tile_id": 864,
        "average_temperature": 34.0674,
        "min_temperature": 34.0674,
        "max_temperature": 34.0674
      },
      "geometry": {
        "type": "Polygon",
        "coordinates": [
          [
            [
              -74.0870124466402,
              40.72546566665282
            ],
            [
              -74.08584384240424,
              40.725456417118615
            ],
            [
              -74.08583152220247,
              40.726356730363875
            ],
            [
              -74.08700014218252,
              40.726365980190096
            ],
            [
              -74.0870124466402,
              40.72546566665282
            ]
          ]
        ]
      }
    },
    {
      "id": "865",
      "type": "Feature",
      "properties": {
        "tile_id": 865,
        "average_temperature": 34.0562,
        "min_temperature": 34.0562,
        "max_temperature": 34.0562
      },
      "geometry": {
        "type": "Polygon",
        "coordinates": [
          [
            [
              -74.08584384240424,
              40.725456417118615
            ],
            [
              -74.08467523871133,
              40.725447155755504
            ],
            [
              -74.08466290276549,
              40.72634746870836
            ],
            [
              -74.08583152220247,
              40.726356730363875
            ],
            [
              -74.08584384240424,
              40.725456417118615
            ]
          ]
        ]
      }
    },
    {
      "id": "866",
      "type": "Feature",
      "properties": {
        "tile_id": 866,
        "average_temperature": 34.0427,
        "min_temperature": 34.0427,
        "max_temperature": 34.0427
      },
      "geometry": {
        "type": "Polygon",
        "coordinates": [
          [
            [
              -74.08467523871133,
              40.725447155755504
            ],
            [
              -74.08350663556217,
              40.72543788256351
            ],
            [
              -74.08349428387227,
              40.7263381952236
            ],
            [
              -74.08466290276549,
              40.72634746870836
            ],
            [
              -74.08467523871133,
              40.725447155755504
            ]
          ]
        ]
      }
    },
    {
      "id": "867",
      "type": "Feature",
      "properties": {
        "tile_id": 867,
        "average_temperature": 34.027,
        "min_temperature": 34.027,
        "max_temperature": 34.027
      },
      "geometry": {
        "type": "Polygon",
        "coordinates": [
          [
            [
              -74.08350663556217,
              40.72543788256351
            ],
            [
              -74.08233803295745,
              40.72542859754263
            ],
            [
              -74.08232566552354,
              40.726328909909576
            ],
            [
              -74.08349428387227,
              40.7263381952236
            ],
            [
              -74.08350663556217,
              40.72543788256351
            ]
          ]
        ]
      }
    },
    {
      "id": "868",
      "type": "Feature",
      "properties": {
        "tile_id": 868,
        "average_temperature": 34.0091,
        "min_temperature": 34.0091,
        "max_temperature": 34.0091
      },
      "geometry": {
        "type": "Polygon",
        "coordinates": [
          [
            [
              -74.08233803295745,
              40.72542859754263
            ],
            [
              -74.08116943089786,
              40.725419300692906
            ],
            [
              -74.08115704771998,
              40.726319612766325
            ],
            [
              -74.08232566552354,
              40.726328909909576
            ],
            [
              -74.08233803295745,
              40.72542859754263
            ]
          ]
        ]
      }
    },
    {
      "id": "869",
      "type": "Feature",
      "properties": {
        "tile_id": 869,
        "average_temperature": 33.9891,
        "min_temperature": 33.9891,
        "max_temperature": 33.9891
      },
      "geometry": {
        "type": "Polygon",
        "coordinates": [
          [
            [
              -74.08116943089786,
              40.725419300692906
            ],
            [
              -74.0800008293841,
              40.72540999201433
            ],
            [
              -74.07998843046227,
              40.72631030379385
            ],
            [
              -74.08115704771998,
              40.726319612766325
            ],
            [
              -74.08116943089786,
              40.725419300692906
            ]
          ]
        ]
      }
    },
    {
      "id": "870",
      "type": "Feature",
      "properties": {
        "tile_id": 870,
        "average_temperature": 33.9669,
        "min_temperature": 33.9669,
        "max_temperature": 33.9669
      },
      "geometry": {
        "type": "Polygon",
        "coordinates": [
          [
            [
              -74.0800008293841,
              40.72540999201433
            ],
            [
              -74.07883222841686,
              40.725400671506925
            ],
            [
              -74.0788198137511,
              40.72630098299218
            ],
            [
              -74.07998843046227,
              40.72631030379385
            ],
            [
              -74.0800008293841,
              40.72540999201433
            ]
          ]
        ]
      }
    },
    {
      "id": "871",
      "type": "Feature",
      "properties": {
        "tile_id": 871,
        "average_temperature": 33.9425,
        "min_temperature": 33.9425,
        "max_temperature": 33.9425
      },
      "geometry": {
        "type": "Polygon",
        "coordinates": [
          [
            [
              -74.07883222841686,
              40.725400671506925
            ],
            [
              -74.07766362799686,
              40.7253913391707
            ],
            [
              -74.07765119758717,
              40.726291650361325
            ],
            [
              -74.0788198137511,
              40.72630098299218
            ],
            [
              -74.07883222841686,
              40.725400671506925
            ]
          ]
        ]
      }
    },
    {
      "id": "872",
      "type": "Feature",
      "properties": {
        "tile_id": 872,
        "average_temperature": 33.9161,
        "min_temperature": 33.9161,
        "max_temperature": 33.9161
      },
      "geometry": {
        "type": "Polygon",
        "coordinates": [
          [
            [
              -74.07766362799686,
              40.7253913391707
            ],
            [
              -74.07649502812475,
              40.72538199500569
            ],
            [
              -74.07648258197119,
              40.7262823059013
            ],
            [
              -74.07765119758717,
              40.726291650361325
            ],
            [
              -74.07766362799686,
              40.7253913391707
            ]
          ]
        ]
      }
    },
    {
      "id": "873",
      "type": "Feature",
      "properties": {
        "tile_id": 873,
        "average_temperature": 33.8875,
        "min_temperature": 33.8875,
        "max_temperature": 33.8875
      },
      "geometry": {
        "type": "Polygon",
        "coordinates": [
          [
            [
              -74.07649502812475,
              40.72538199500569
            ],
            [
              -74.07532642880123,
              40.72537263901189
            ],
            [
              -74.07531396690385,
              40.726272949612124
            ],
            [
              -74.07648258197119,
              40.7262823059013
            ],
            [
              -74.07649502812475,
              40.72538199500569
            ]
          ]
        ]
      }
    },
    {
      "id": "874",
      "type": "Feature",
      "properties": {
        "tile_id": 874,
        "average_temperature": 33.8569,
        "min_temperature": 33.8569,
        "max_temperature": 33.8569
      },
      "geometry": {
        "type": "Polygon",
        "coordinates": [
          [
            [
              -74.07532642880123,
              40.72537263901189
            ],
            [
              -74.07415783002703,
              40.725363271189345
            ],
            [
              -74.07414535238583,
              40.72626358149381
            ],
            [
              -74.07531396690385,
              40.726272949612124
            ],
            [
              -74.07532642880123,
              40.72537263901189
            ]
          ]
        ]
      }
    },
    {
      "id": "875",
      "type": "Feature",
      "properties": {
        "tile_id": 875,
        "average_temperature": 33.8246,
        "min_temperature": 33.8246,
        "max_temperature": 33.8246
      },
      "geometry": {
        "type": "Polygon",
        "coordinates": [
          [
            [
              -74.07415783002703,
              40.725363271189345
            ],
            [
              -74.07298923180282,
              40.725353891538035
            ],
            [
              -74.07297673841782,
              40.72625420154638
            ],
            [
              -74.07414535238583,
              40.72626358149381
            ],
            [
              -74.07415783002703,
              40.725363271189345
            ]
          ]
        ]
      }
    },
    {
      "id": "876",
      "type": "Feature",
      "properties": {
        "tile_id": 876,
        "average_temperature": 33.7917,
        "min_temperature": 33.7917,
        "max_temperature": 33.7917
      },
      "geometry": {
        "type": "Polygon",
        "coordinates": [
          [
            [
              -74.07298923180282,
              40.725353891538035
            ],
            [
              -74.0718206341293,
              40.72534450005801
            ],
            [
              -74.07180812500054,
              40.726244809769845
            ],
            [
              -74.07297673841782,
              40.72625420154638
            ],
            [
              -74.07298923180282,
              40.725353891538035
            ]
          ]
        ]
      }
    },
    {
      "id": "877",
      "type": "Feature",
      "properties": {
        "tile_id": 877,
        "average_temperature": 33.759,
        "min_temperature": 33.759,
        "max_temperature": 33.759
      },
      "geometry": {
        "type": "Polygon",
        "coordinates": [
          [
            [
              -74.0718206341293,
              40.72534450005801
            ],
            [
              -74.07065203700715,
              40.72533509674926
            ],
            [
              -74.07063951213466,
              40.72623540616422
            ],
            [
              -74.07180812500054,
              40.726244809769845
            ],
            [
              -74.0718206341293,
              40.72534450005801
            ]
          ]
        ]
      }
    },
    {
      "id": "878",
      "type": "Feature",
      "properties": {
        "tile_id": 878,
        "average_temperature": 33.7275,
        "min_temperature": 33.7275,
        "max_temperature": 33.7275
      },
      "geometry": {
        "type": "Polygon",
        "coordinates": [
          [
            [
              -74.07065203700715,
              40.72533509674926
            ],
            [
              -74.06948344043707,
              40.72532568161181
            ],
            [
              -74.06947089982089,
              40.72622599072952
            ],
            [
              -74.07063951213466,
              40.72623540616422
            ],
            [
              -74.07065203700715,
              40.72533509674926
            ]
          ]
        ]
      }
    },
    {
      "id": "879",
      "type": "Feature",
      "properties": {
        "tile_id": 879,
        "average_temperature": 33.698,
        "min_temperature": 33.698,
        "max_temperature": 33.698
      },
      "geometry": {
        "type": "Polygon",
        "coordinates": [
          [
            [
              -74.06948344043707,
              40.72532568161181
            ],
            [
              -74.06831484441976,
              40.72531625464568
            ],
            [
              -74.0683022880599,
              40.72621656346577
            ],
            [
              -74.06947089982089,
              40.72622599072952
            ],
            [
              -74.06948344043707,
              40.72532568161181
            ]
          ]
        ]
      }
    },
    {
      "id": "880",
      "type": "Feature",
      "properties": {
        "tile_id": 880,
        "average_temperature": 33.6715,
        "min_temperature": 33.6715,
        "max_temperature": 33.6715
      },
      "geometry": {
        "type": "Polygon",
        "coordinates": [
          [
            [
              -74.06831484441976,
              40.72531625464568
            ],
            [
              -74.06714624895591,
              40.72530681585089
            ],
            [
              -74.06713367685241,
              40.726207124372976
            ],
            [
              -74.0683022880599,
              40.72621656346577
            ],
            [
              -74.06831484441976,
              40.72531625464568
            ]
          ]
        ]
      }
    },
    {
      "id": "881",
      "type": "Feature",
      "properties": {
        "tile_id": 881,
        "average_temperature": 33.6489,
        "min_temperature": 33.6489,
        "max_temperature": 33.6489
      },
      "geometry": {
        "type": "Polygon",
        "coordinates": [
          [
            [
              -74.06714624895591,
              40.72530681585089
            ],
            [
              -74.06597765404622,
              40.725297365227455
            ],
            [
              -74.06596506619908,
              40.72619767345116
            ],
            [
              -74.06713367685241,
              40.726207124372976
            ],
            [
              -74.06714624895591,
              40.72530681585089
            ]
          ]
        ]
      }
    },
    {
      "id": "882",
      "type": "Feature",
      "properties": {
        "tile_id": 882,
        "average_temperature": 33.6311,
        "min_temperature": 33.6311,
        "max_temperature": 33.6311
      },
      "geometry": {
        "type": "Polygon",
        "coordinates": [
          [
            [
              -74.06597765404622,
              40.725297365227455
            ],
            [
              -74.06480905969136,
              40.725287902775364
            ],
            [
              -74.06479645610064,
              40.72618821070034
            ],
            [
              -74.06596506619908,
              40.72619767345116
            ],
            [
              -74.06597765404622,
              40.725297365227455
            ]
          ]
        ]
      }
    },
    {
      "id": "883",
      "type": "Feature",
      "properties": {
        "tile_id": 883,
        "average_temperature": 33.619,
        "min_temperature": 33.619,
        "max_temperature": 33.619
      },
      "geometry": {
        "type": "Polygon",
        "coordinates": [
          [
            [
              -74.06480905969137,
              40.725287902775364
            ],
            [
              -74.06364046589206,
              40.725278428494676
            ],
            [
              -74.06362784655778,
              40.726178736120524
            ],
            [
              -74.06479645610065,
              40.72618821070034
            ],
            [
              -74.06480905969137,
              40.725287902775364
            ]
          ]
        ]
      }
    },
    {
      "id": "884",
      "type": "Feature",
      "properties": {
        "tile_id": 884,
        "average_temperature": 33.6132,
        "min_temperature": 33.6132,
        "max_temperature": 33.6132
      },
      "geometry": {
        "type": "Polygon",
        "coordinates": [
          [
            [
              -74.06364046589206,
              40.725278428494676
            ],
            [
              -74.06247187264898,
              40.725268942385384
            ],
            [
              -74.06245923757118,
              40.72616924971174
            ],
            [
              -74.06362784655778,
              40.726178736120524
            ],
            [
              -74.06364046589206,
              40.725278428494676
            ]
          ]
        ]
      }
    },
    {
      "id": "885",
      "type": "Feature",
      "properties": {
        "tile_id": 885,
        "average_temperature": 33.6128,
        "min_temperature": 33.6128,
        "max_temperature": 33.6128
      },
      "geometry": {
        "type": "Polygon",
        "coordinates": [
          [
            [
              -74.06247187264898,
              40.725268942385384
            ],
            [
              -74.06130327996286,
              40.725259444447495
            ],
            [
              -74.06129062914154,
              40.72615975147399
            ],
            [
              -74.06245923757118,
              40.72616924971174
            ],
            [
              -74.06247187264898,
              40.725268942385384
            ]
          ]
        ]
      }
    },
    {
      "id": "886",
      "type": "Feature",
      "properties": {
        "tile_id": 886,
        "average_temperature": 33.6169,
        "min_temperature": 33.6169,
        "max_temperature": 33.6169
      },
      "geometry": {
        "type": "Polygon",
        "coordinates": [
          [
            [
              -74.06130327996286,
              40.725259444447495
            ],
            [
              -74.06013468783433,
              40.72524993468105
            ],
            [
              -74.06012202126954,
              40.72615024140731
            ],
            [
              -74.06129062914154,
              40.72615975147399
            ],
            [
              -74.06130327996286,
              40.725259444447495
            ]
          ]
        ]
      }
    },
    {
      "id": "887",
      "type": "Feature",
      "properties": {
        "tile_id": 887,
        "average_temperature": 33.6245,
        "min_temperature": 33.6245,
        "max_temperature": 33.6245
      },
      "geometry": {
        "type": "Polygon",
        "coordinates": [
          [
            [
              -74.06013468783433,
              40.72524993468105
            ],
            [
              -74.05896609626413,
              40.72524041308605
            ],
            [
              -74.05895341395589,
              40.7261407195117
            ],
            [
              -74.06012202126954,
              40.72615024140731
            ],
            [
              -74.06013468783433,
              40.72524993468105
            ]
          ]
        ]
      }
    },
    {
      "id": "888",
      "type": "Feature",
      "properties": {
        "tile_id": 888,
        "average_temperature": 33.6346,
        "min_temperature": 33.6346,
        "max_temperature": 33.6346
      },
      "geometry": {
        "type": "Polygon",
        "coordinates": [
          [
            [
              -74.05896609626413,
              40.72524041308605
            ],
            [
              -74.05779750525294,
              40.72523087966252
            ],
            [
              -74.05778480720129,
              40.72613118578717
            ],
            [
              -74.05895341395589,
              40.7261407195117
            ],
            [
              -74.05896609626413,
              40.72524041308605
            ]
          ]
        ]
      }
    },
    {
      "id": "889",
      "type": "Feature",
      "properties": {
        "tile_id": 889,
        "average_temperature": 33.6463,
        "min_temperature": 33.6463,
        "max_temperature": 33.6463
      },
      "geometry": {
        "type": "Polygon",
        "coordinates": [
          [
            [
              -74.05779750525294,
              40.72523087966252
            ],
            [
              -74.05662891480144,
              40.72522133441046
            ],
            [
              -74.0566162010064,
              40.726121640233764
            ],
            [
              -74.05778480720129,
              40.72613118578717
            ],
            [
              -74.05779750525294,
              40.72523087966252
            ]
          ]
        ]
      }
    },
    {
      "id": "890",
      "type": "Feature",
      "properties": {
        "tile_id": 890,
        "average_temperature": 33.6585,
        "min_temperature": 33.6585,
        "max_temperature": 33.6585
      },
      "geometry": {
        "type": "Polygon",
        "coordinates": [
          [
            [
              -74.05662891480144,
              40.72522133441046
            ],
            [
              -74.05546032491036,
              40.725211777329896
            ],
            [
              -74.05544759537194,
              40.72611208285148
            ],
            [
              -74.0566162010064,
              40.726121640233764
            ],
            [
              -74.05662891480144,
              40.72522133441046
            ]
          ]
        ]
      }
    },
    {
      "id": "891",
      "type": "Feature",
      "properties": {
        "tile_id": 891,
        "average_temperature": 33.6702,
        "min_temperature": 33.6702,
        "max_temperature": 33.6702
      },
      "geometry": {
        "type": "Polygon",
        "coordinates": [
          [
            [
              -74.05546032491036,
              40.725211777329896
            ],
            [
              -74.05429173558036,
              40.72520220842085
            ],
            [
              -74.05427899029861,
              40.72610251364033
            ],
            [
              -74.05544759537194,
              40.72611208285148
            ],
            [
              -74.05546032491036,
              40.725211777329896
            ]
          ]
        ]
      }
    },
    {
      "id": "892",
      "type": "Feature",
      "properties": {
        "tile_id": 892,
        "average_temperature": 33.6806,
        "min_temperature": 33.6806,
        "max_temperature": 33.6806
      },
      "geometry": {
        "type": "Polygon",
        "coordinates": [
          [
            [
              -74.05429173558036,
              40.72520220842085
            ],
            [
              -74.05312314681214,
              40.72519262768334
            ],
            [
              -74.0531103857871,
              40.72609293260033
            ],
            [
              -74.05427899029861,
              40.72610251364033
            ],
            [
              -74.05429173558036,
              40.72520220842085
            ]
          ]
        ]
      }
    },
    {
      "id": "893",
      "type": "Feature",
      "properties": {
        "tile_id": 893,
        "average_temperature": 33.6886,
        "min_temperature": 33.6886,
        "max_temperature": 33.6886
      },
      "geometry": {
        "type": "Polygon",
        "coordinates": [
          [
            [
              -74.05312314681214,
              40.72519262768334
            ],
            [
              -74.05195455860641,
              40.725183035117375
            ],
            [
              -74.0519417818381,
              40.72608333973151
            ],
            [
              -74.0531103857871,
              40.72609293260033
            ],
            [
              -74.05312314681214,
              40.72519262768334
            ]
          ]
        ]
      }
    },
    {
      "id": "894",
      "type": "Feature",
      "properties": {
        "tile_id": 894,
        "average_temperature": 33.6941,
        "min_temperature": 33.6941,
        "max_temperature": 33.6941
      },
      "geometry": {
        "type": "Polygon",
        "coordinates": [
          [
            [
              -74.05195455860641,
              40.725183035117375
            ],
            [
              -74.05078597096384,
              40.72517343072297
            ],
            [
              -74.05077317845227,
              40.72607373503388
            ],
            [
              -74.0519417818381,
              40.72608333973151
            ],
            [
              -74.05195455860641,
              40.725183035117375
            ]
          ]
        ]
      }
    },
    {
      "id": "895",
      "type": "Feature",
      "properties": {
        "tile_id": 895,
        "average_temperature": 33.6973,
        "min_temperature": 33.6973,
        "max_temperature": 33.6973
      },
      "geometry": {
        "type": "Polygon",
        "coordinates": [
          [
            [
              -74.05078597096384,
              40.72517343072297
            ],
            [
              -74.04961738388513,
              40.725163814500135
            ],
            [
              -74.04960457563035,
              40.72606411850746
            ],
            [
              -74.05077317845227,
              40.72607373503388
            ],
            [
              -74.05078597096384,
              40.72517343072297
            ]
          ]
        ]
      }
    },
    {
      "id": "896",
      "type": "Feature",
      "properties": {
        "tile_id": 896,
        "average_temperature": 34.0429,
        "min_temperature": 34.0429,
        "max_temperature": 34.0429
      },
      "geometry": {
        "type": "Polygon",
        "coordinates": [
          [
            [
              -74.08700014218252,
              40.726365980190096
            ],
            [
              -74.08583152220247,
              40.726356730363875
            ],
            [
              -74.08581920144374,
              40.72725704346516
            ],
            [
              -74.0869878371686,
              40.72726629358342
            ],
            [
              -74.08700014218252,
              40.726365980190096
            ]
          ]
        ]
      }
    },
    {
      "id": "897",
      "type": "Feature",
      "properties": {
        "tile_id": 897,
        "average_temperature": 34.0355,
        "min_temperature": 34.0355,
        "max_temperature": 34.0355
      },
      "geometry": {
        "type": "Polygon",
        "coordinates": [
          [
            [
              -74.08583152220247,
              40.726356730363875
            ],
            [
              -74.08466290276549,
              40.72634746870836
            ],
            [
              -74.08465056626198,
              40.72724778151725
            ],
            [
              -74.08581920144374,
              40.72725704346516
            ],
            [
              -74.08583152220247,
              40.726356730363875
            ]
          ]
        ]
      }
    },
    {
      "id": "898",
      "type": "Feature",
      "properties": {
        "tile_id": 898,
        "average_temperature": 34.0261,
        "min_temperature": 34.0261,
        "max_temperature": 34.0261
      },
      "geometry": {
        "type": "Polygon",
        "coordinates": [
          [
            [
              -74.08466290276549,
              40.72634746870836
            ],
            [
              -74.08349428387227,
              40.7263381952236
            ],
            [
              -74.08348193162402,
              40.7272385077397
            ],
            [
              -74.08465056626198,
              40.72724778151725
            ],
            [
              -74.08466290276549,
              40.72634746870836
            ]
          ]
        ]
      }
    },
    {
      "id": "899",
      "type": "Feature",
      "properties": {
        "tile_id": 899,
        "average_temperature": 34.0145,
        "min_temperature": 34.0145,
        "max_temperature": 34.0145
      },
      "geometry": {
        "type": "Polygon",
        "coordinates": [
          [
            [
              -74.08349428387227,
              40.7263381952236
            ],
            [
              -74.08232566552354,
              40.72632890990958
            ],
            [
              -74.08231329753058,
              40.72722922213252
            ],
            [
              -74.08348193162402,
              40.7272385077397
            ],
            [
              -74.08349428387227,
              40.7263381952236
            ]
          ]
        ]
      }
    },
    {
      "id": "900",
      "type": "Feature",
      "properties": {
        "tile_id": 900,
        "average_temperature": 34.0008,
        "min_temperature": 34.0008,
        "max_temperature": 34.0008
      },
      "geometry": {
        "type": "Polygon",
        "coordinates": [
          [
            [
              -74.08232566552354,
              40.72632890990958
            ],
            [
              -74.08115704771998,
              40.72631961276633
            ],
            [
              -74.0811446639823,
              40.72721992469575
            ],
            [
              -74.08231329753058,
              40.72722922213252
            ],
            [
              -74.08232566552354,
              40.72632890990958
            ]
          ]
        ]
      }
    },
    {
      "id": "901",
      "type": "Feature",
      "properties": {
        "tile_id": 901,
        "average_temperature": 33.9846,
        "min_temperature": 33.9846,
        "max_temperature": 33.9846
      },
      "geometry": {
        "type": "Polygon",
        "coordinates": [
          [
            [
              -74.08115704771998,
              40.72631961276633
            ],
            [
              -74.07998843046227,
              40.72631030379386
            ],
            [
              -74.07997603097994,
              40.727210615429385
            ],
            [
              -74.0811446639823,
              40.72721992469575
            ],
            [
              -74.08115704771998,
              40.72631961276633
            ]
          ]
        ]
      }
    },
    {
      "id": "902",
      "type": "Feature",
      "properties": {
        "tile_id": 902,
        "average_temperature": 33.9661,
        "min_temperature": 33.9661,
        "max_temperature": 33.9661
      },
      "geometry": {
        "type": "Polygon",
        "coordinates": [
          [
            [
              -74.07998843046227,
              40.72631030379386
            ],
            [
              -74.0788198137511,
              40.726300982992186
            ],
            [
              -74.07880739852412,
              40.72720129433344
            ],
            [
              -74.07997603097994,
              40.727210615429385
            ],
            [
              -74.07998843046227,
              40.72631030379386
            ]
          ]
        ]
      }
    },
    {
      "id": "903",
      "type": "Feature",
      "properties": {
        "tile_id": 903,
        "average_temperature": 33.9451,
        "min_temperature": 33.9451,
        "max_temperature": 33.9451
      },
      "geometry": {
        "type": "Polygon",
        "coordinates": [
          [
            [
              -74.0788198137511,
              40.726300982992186
            ],
            [
              -74.07765119758717,
              40.72629165036133
            ],
            [
              -74.07763876661559,
              40.72719196140793
            ],
            [
              -74.07880739852412,
              40.72720129433344
            ],
            [
              -74.0788198137511,
              40.726300982992186
            ]
          ]
        ]
      }
    },
    {
      "id": "904",
      "type": "Feature",
      "properties": {
        "tile_id": 904,
        "average_temperature": 33.9215,
        "min_temperature": 33.9215,
        "max_temperature": 33.9215
      },
      "geometry": {
        "type": "Polygon",
        "coordinates": [
          [
            [
              -74.07765119758717,
              40.72629165036133
            ],
            [
              -74.07648258197119,
              40.72628230590131
            ],
            [
              -74.07647013525504,
              40.7271826166529
            ],
            [
              -74.07763876661559,
              40.72719196140793
            ],
            [
              -74.07765119758717,
              40.72629165036133
            ]
          ]
        ]
      }
    },
    {
      "id": "905",
      "type": "Feature",
      "properties": {
        "tile_id": 905,
        "average_temperature": 33.8953,
        "min_temperature": 33.8953,
        "max_temperature": 33.8953
      },
      "geometry": {
        "type": "Polygon",
        "coordinates": [
          [
            [
              -74.07648258197119,
              40.72628230590131
            ],
            [
              -74.07531396690385,
              40.72627294961214
            ],
            [
              -74.07530150444313,
              40.72717326006833
            ],
            [
              -74.07647013525504,
              40.7271826166529
            ],
            [
              -74.07648258197119,
              40.72628230590131
            ]
          ]
        ]
      }
    },
    {
      "id": "906",
      "type": "Feature",
      "properties": {
        "tile_id": 906,
        "average_temperature": 33.8663,
        "min_temperature": 33.8663,
        "max_temperature": 33.8663
      },
      "geometry": {
        "type": "Polygon",
        "coordinates": [
          [
            [
              -74.07531396690385,
              40.72627294961214
            ],
            [
              -74.07414535238583,
              40.72626358149381
            ],
            [
              -74.07413287418058,
              40.72716389165425
            ],
            [
              -74.07530150444313,
              40.72717326006833
            ],
            [
              -74.07531396690385,
              40.72627294961214
            ]
          ]
        ]
      }
    },
    {
      "id": "907",
      "type": "Feature",
      "properties": {
        "tile_id": 907,
        "average_temperature": 33.8352,
        "min_temperature": 33.8352,
        "max_temperature": 33.8352
      },
      "geometry": {
        "type": "Polygon",
        "coordinates": [
          [
            [
              -74.07414535238583,
              40.72626358149381
            ],
            [
              -74.07297673841782,
              40.72625420154638
            ],
            [
              -74.07296424446808,
              40.72715451141068
            ],
            [
              -74.07413287418058,
              40.72716389165425
            ],
            [
              -74.07414535238583,
              40.72626358149381
            ]
          ]
        ]
      }
    },
    {
      "id": "908",
      "type": "Feature",
      "properties": {
        "tile_id": 908,
        "average_temperature": 33.8028,
        "min_temperature": 33.8028,
        "max_temperature": 33.8028
      },
      "geometry": {
        "type": "Polygon",
        "coordinates": [
          [
            [
              -74.07297673841782,
              40.72625420154638
            ],
            [
              -74.07180812500054,
              40.726244809769845
            ],
            [
              -74.07179561530631,
              40.72714511933763
            ],
            [
              -74.07296424446808,
              40.72715451141068
            ],
            [
              -74.07297673841782,
              40.72625420154638
            ]
          ]
        ]
      }
    },
    {
      "id": "909",
      "type": "Feature",
      "properties": {
        "tile_id": 909,
        "average_temperature": 33.7702,
        "min_temperature": 33.7702,
        "max_temperature": 33.7702
      },
      "geometry": {
        "type": "Polygon",
        "coordinates": [
          [
            [
              -74.07180812500054,
              40.726244809769845
            ],
            [
              -74.07063951213466,
              40.726235406164236
            ],
            [
              -74.07062698669598,
              40.72713571543511
            ],
            [
              -74.07179561530631,
              40.72714511933763
            ],
            [
              -74.07180812500054,
              40.726244809769845
            ]
          ]
        ]
      }
    },
    {
      "id": "910",
      "type": "Feature",
      "properties": {
        "tile_id": 910,
        "average_temperature": 33.7384,
        "min_temperature": 33.7384,
        "max_temperature": 33.7384
      },
      "geometry": {
        "type": "Polygon",
        "coordinates": [
          [
            [
              -74.07063951213466,
              40.726235406164236
            ],
            [
              -74.06947089982089,
              40.72622599072953
            ],
            [
              -74.0694583586378,
              40.727126299703166
            ],
            [
              -74.07062698669598,
              40.72713571543511
            ],
            [
              -74.07063951213466,
              40.726235406164236
            ]
          ]
        ]
      }
    },
    {
      "id": "911",
      "type": "Feature",
      "properties": {
        "tile_id": 911,
        "average_temperature": 33.7084,
        "min_temperature": 33.7084,
        "max_temperature": 33.7084
      },
      "geometry": {
        "type": "Polygon",
        "coordinates": [
          [
            [
              -74.06947089982089,
              40.72622599072953
            ],
            [
              -74.0683022880599,
              40.72621656346578
            ],
            [
              -74.06828973113242,
              40.72711687214178
            ],
            [
              -74.0694583586378,
              40.727126299703166
            ],
            [
              -74.06947089982089,
              40.72622599072953
            ]
          ]
        ]
      }
    },
    {
      "id": "912",
      "type": "Feature",
      "properties": {
        "tile_id": 912,
        "average_temperature": 33.6811,
        "min_temperature": 33.6811,
        "max_temperature": 33.6811
      },
      "geometry": {
        "type": "Polygon",
        "coordinates": [
          [
            [
              -74.0683022880599,
              40.72621656346578
            ],
            [
              -74.06713367685241,
              40.72620712437298
            ],
            [
              -74.06712110418057,
              40.727107432750984
            ],
            [
              -74.06828973113242,
              40.72711687214178
            ],
            [
              -74.0683022880599,
              40.72621656346578
            ]
          ]
        ]
      }
    },
    {
      "id": "913",
      "type": "Feature",
      "properties": {
        "tile_id": 913,
        "average_temperature": 33.6575,
        "min_temperature": 33.6575,
        "max_temperature": 33.6575
      },
      "geometry": {
        "type": "Polygon",
        "coordinates": [
          [
            [
              -74.06713367685241,
              40.72620712437298
            ],
            [
              -74.06596506619908,
              40.72619767345117
            ],
            [
              -74.06595247778293,
              40.72709798153078
            ],
            [
              -74.06712110418057,
              40.727107432750984
            ],
            [
              -74.06713367685241,
              40.72620712437298
            ]
          ]
        ]
      }
    },
    {
      "id": "914",
      "type": "Feature",
      "properties": {
        "tile_id": 914,
        "average_temperature": 33.6387,
        "min_temperature": 33.6387,
        "max_temperature": 33.6387
      },
      "geometry": {
        "type": "Polygon",
        "coordinates": [
          [
            [
              -74.06596506619908,
              40.72619767345117
            ],
            [
              -74.06479645610064,
              40.72618821070035
            ],
            [
              -74.06478385194019,
              40.72708851848121
            ],
            [
              -74.06595247778293,
              40.72709798153078
            ],
            [
              -74.06596506619908,
              40.72619767345117
            ]
          ]
        ]
      }
    },
    {
      "id": "915",
      "type": "Feature",
      "properties": {
        "tile_id": 915,
        "average_temperature": 33.6255,
        "min_temperature": 33.6255,
        "max_temperature": 33.6255
      },
      "geometry": {
        "type": "Polygon",
        "coordinates": [
          [
            [
              -74.06479645610065,
              40.72618821070035
            ],
            [
              -74.06362784655778,
              40.72617873612053
            ],
            [
              -74.06361522665306,
              40.72707904360227
            ],
            [
              -74.06478385194019,
              40.72708851848121
            ],
            [
              -74.06479645610065,
              40.72618821070035
            ]
          ]
        ]
      }
    },
    {
      "id": "916",
      "type": "Feature",
      "properties": {
        "tile_id": 916,
        "average_temperature": 33.6186,
        "min_temperature": 33.6186,
        "max_temperature": 33.6186
      },
      "geometry": {
        "type": "Polygon",
        "coordinates": [
          [
            [
              -74.06362784655778,
              40.72617873612053
            ],
            [
              -74.06245923757118,
              40.726169249711745
            ],
            [
              -74.0624466019222,
              40.72706955689399
            ],
            [
              -74.06361522665306,
              40.72707904360227
            ],
            [
              -74.06362784655778,
              40.72617873612053
            ]
          ]
        ]
      }
    },
    {
      "id": "917",
      "type": "Feature",
      "properties": {
        "tile_id": 917,
        "average_temperature": 33.6171,
        "min_temperature": 33.6171,
        "max_temperature": 33.6171
      },
      "geometry": {
        "type": "Polygon",
        "coordinates": [
          [
            [
              -74.06245923757118,
              40.726169249711745
            ],
            [
              -74.06129062914154,
              40.72615975147401
            ],
            [
              -74.06127797774835,
              40.727060058356365
            ],
            [
              -74.0624466019222,
              40.72706955689399
            ],
            [
              -74.06245923757118,
              40.726169249711745
            ]
          ]
        ]
      }
    },
    {
      "id": "918",
      "type": "Feature",
      "properties": {
        "tile_id": 918,
        "average_temperature": 33.6202,
        "min_temperature": 33.6202,
        "max_temperature": 33.6202
      },
      "geometry": {
        "type": "Polygon",
        "coordinates": [
          [
            [
              -74.06129062914154,
              40.72615975147401
            ],
            [
              -74.06012202126954,
              40.72615024140732
            ],
            [
              -74.06010935413217,
              40.72705054798944
            ],
            [
              -74.06127797774835,
              40.727060058356365
            ],
            [
              -74.06129062914154,
              40.72615975147401
            ]
          ]
        ]
      }
    },
    {
      "id": "919",
      "type": "Feature",
      "properties": {
        "tile_id": 919,
        "average_temperature": 33.6268,
        "min_temperature": 33.6268,
        "max_temperature": 33.6268
      },
      "geometry": {
        "type": "Polygon",
        "coordinates": [
          [
            [
              -74.06012202126954,
              40.72615024140732
            ],
            [
              -74.05895341395589,
              40.726140719511704
            ],
            [
              -74.05894073107436,
              40.72704102579319
            ],
            [
              -74.06010935413217,
              40.72705054798944
            ],
            [
              -74.06012202126954,
              40.72615024140732
            ]
          ]
        ]
      }
    },
    {
      "id": "920",
      "type": "Feature",
      "properties": {
        "tile_id": 920,
        "average_temperature": 33.636,
        "min_temperature": 33.636,
        "max_temperature": 33.636
      },
      "geometry": {
        "type": "Polygon",
        "coordinates": [
          [
            [
              -74.05895341395589,
              40.726140719511704
            ],
            [
              -74.05778480720129,
              40.726131185787175
            ],
            [
              -74.05777210857562,
              40.72703149176769
            ],
            [
              -74.05894073107436,
              40.72704102579319
            ],
            [
              -74.05895341395589,
              40.726140719511704
            ]
          ]
        ]
      }
    },
    {
      "id": "921",
      "type": "Feature",
      "properties": {
        "tile_id": 921,
        "average_temperature": 33.6469,
        "min_temperature": 33.6469,
        "max_temperature": 33.6469
      },
      "geometry": {
        "type": "Polygon",
        "coordinates": [
          [
            [
              -74.05778480720129,
              40.726131185787175
            ],
            [
              -74.0566162010064,
              40.72612164023377
            ],
            [
              -74.05660348663663,
              40.7270219459129
            ],
            [
              -74.05777210857562,
              40.72703149176769
            ],
            [
              -74.05778480720129,
              40.726131185787175
            ]
          ]
        ]
      }
    },
    {
      "id": "922",
      "type": "Feature",
      "properties": {
        "tile_id": 922,
        "average_temperature": 33.6583,
        "min_temperature": 33.6583,
        "max_temperature": 33.6583
      },
      "geometry": {
        "type": "Polygon",
        "coordinates": [
          [
            [
              -74.0566162010064,
              40.72612164023377
            ],
            [
              -74.05544759537194,
              40.726112082851486
            ],
            [
              -74.0554348652581,
              40.72701238822888
            ],
            [
              -74.05660348663663,
              40.7270219459129
            ],
            [
              -74.0566162010064,
              40.72612164023377
            ]
          ]
        ]
      }
    },
    {
      "id": "923",
      "type": "Feature",
      "properties": {
        "tile_id": 923,
        "average_temperature": 33.6695,
        "min_temperature": 33.6695,
        "max_temperature": 33.6695
      },
      "geometry": {
        "type": "Polygon",
        "coordinates": [
          [
            [
              -74.05544759537194,
              40.726112082851486
            ],
            [
              -74.05427899029861,
              40.72610251364033
            ],
            [
              -74.05426624444074,
              40.72700281871561
            ],
            [
              -74.0554348652581,
              40.72701238822888
            ],
            [
              -74.05544759537194,
              40.726112082851486
            ]
          ]
        ]
      }
    },
    {
      "id": "924",
      "type": "Feature",
      "properties": {
        "tile_id": 924,
        "average_temperature": 33.6793,
        "min_temperature": 33.6793,
        "max_temperature": 33.6793
      },
      "geometry": {
        "type": "Polygon",
        "coordinates": [
          [
            [
              -74.05427899029861,
              40.72610251364033
            ],
            [
              -74.0531103857871,
              40.72609293260034
            ],
            [
              -74.0530976241852,
              40.72699323737313
            ],
            [
              -74.05426624444074,
              40.72700281871561
            ],
            [
              -74.05427899029861,
              40.72610251364033
            ]
          ]
        ]
      }
    },
    {
      "id": "925",
      "type": "Feature",
      "properties": {
        "tile_id": 925,
        "average_temperature": 33.687,
        "min_temperature": 33.687,
        "max_temperature": 33.687
      },
      "geometry": {
        "type": "Polygon",
        "coordinates": [
          [
            [
              -74.0531103857871,
              40.72609293260034
            ],
            [
              -74.0519417818381,
              40.72608333973152
            ],
            [
              -74.05192900449221,
              40.726983644201454
            ],
            [
              -74.0530976241852,
              40.72699323737313
            ],
            [
              -74.0531103857871,
              40.72609293260034
            ]
          ]
        ]
      }
    },
    {
      "id": "926",
      "type": "Feature",
      "properties": {
        "tile_id": 926,
        "average_temperature": 33.6922,
        "min_temperature": 33.6922,
        "max_temperature": 33.6922
      },
      "geometry": {
        "type": "Polygon",
        "coordinates": [
          [
            [
              -74.0519417818381,
              40.72608333973152
            ],
            [
              -74.05077317845227,
              40.726073735033886
            ],
            [
              -74.05076038536244,
              40.7269740392006
            ],
            [
              -74.05192900449221,
              40.726983644201454
            ],
            [
              -74.0519417818381,
              40.72608333973152
            ]
          ]
        ]
      }
    },
    {
      "id": "927",
      "type": "Feature",
      "properties": {
        "tile_id": 927,
        "average_temperature": 33.6954,
        "min_temperature": 33.6954,
        "max_temperature": 33.6954
      },
      "geometry": {
        "type": "Polygon",
        "coordinates": [
          [
            [
              -74.05077317845227,
              40.726073735033886
            ],
            [
              -74.04960457563035,
              40.72606411850746
            ],
            [
              -74.0495917667966,
              40.72696442237056
            ],
            [
              -74.05076038536244,
              40.7269740392006
            ],
            [
              -74.05077317845227,
              40.726073735033886
            ]
          ]
        ]
      }
    },
    {
      "id": "928",
      "type": "Feature",
      "properties": {
        "tile_id": 928,
        "average_temperature": 33.9988,
        "min_temperature": 33.9988,
        "max_temperature": 33.9988
      },
      "geometry": {
        "type": "Polygon",
        "coordinates": [
          [
            [
              -74.0869878371686,
              40.72726629358342
            ],
            [
              -74.08581920144374,
              40.72725704346516
            ],
            [
              -74.08580688012808,
              40.728157356422486
            ],
            [
              -74.08697553159847,
              40.72816660683279
            ],
            [
              -74.0869878371686,
              40.72726629358342
            ]
          ]
        ]
      }
    },
    {
      "id": "929",
      "type": "Feature",
      "properties": {
        "tile_id": 929,
        "average_temperature": 33.9981,
        "min_temperature": 33.9981,
        "max_temperature": 33.9981
      },
      "geometry": {
        "type": "Polygon",
        "coordinates": [
          [
            [
              -74.08581920144374,
              40.72725704346516
            ],
            [
              -74.08465056626198,
              40.727247781517256
            ],
            [
              -74.08463822920082,
              40.72814809418216
            ],
            [
              -74.08580688012808,
              40.728157356422486
            ],
            [
              -74.08581920144374,
              40.72725704346516
            ]
          ]
        ]
      }
    },
    {
      "id": "930",
      "type": "Feature",
      "properties": {
        "tile_id": 930,
        "average_temperature": 33.9958,
        "min_temperature": 33.9958,
        "max_temperature": 33.9958
      },
      "geometry": {
        "type": "Polygon",
        "coordinates": [
          [
            [
              -74.08465056626198,
              40.727247781517256
            ],
            [
              -74.08348193162402,
              40.727238507739706
            ],
            [
              -74.0834695788174,
              40.72813882011183
            ],
            [
              -74.08463822920082,
              40.72814809418216
            ],
            [
              -74.08465056626198,
              40.727247781517256
            ]
          ]
        ]
      }
    },
    {
      "id": "931",
      "type": "Feature",
      "properties": {
        "tile_id": 931,
        "average_temperature": 33.9917,
        "min_temperature": 33.9917,
        "max_temperature": 33.9917
      },
      "geometry": {
        "type": "Polygon",
        "coordinates": [
          [
            [
              -74.08348193162402,
              40.727238507739706
            ],
            [
              -74.08231329753058,
              40.727229222132536
            ],
            [
              -74.08230092897851,
              40.728129534211504
            ],
            [
              -74.0834695788174,
              40.72813882011183
            ],
            [
              -74.08348193162402,
              40.727238507739706
            ]
          ]
        ]
      }
    },
    {
      "id": "932",
      "type": "Feature",
      "properties": {
        "tile_id": 932,
        "average_temperature": 33.9854,
        "min_temperature": 33.9854,
        "max_temperature": 33.9854
      },
      "geometry": {
        "type": "Polygon",
        "coordinates": [
          [
            [
              -74.08231329753058,
              40.727229222132536
            ],
            [
              -74.0811446639823,
              40.72721992469575
            ],
            [
              -74.08113227968484,
              40.72812023648119
            ],
            [
              -74.08230092897851,
              40.728129534211504
            ],
            [
              -74.08231329753058,
              40.727229222132536
            ]
          ]
        ]
      }
    },
    {
      "id": "933",
      "type": "Feature",
      "properties": {
        "tile_id": 933,
        "average_temperature": 33.9766,
        "min_temperature": 33.9766,
        "max_temperature": 33.9766
      },
      "geometry": {
        "type": "Polygon",
        "coordinates": [
          [
            [
              -74.0811446639823,
              40.72721992469575
            ],
            [
              -74.07997603097994,
              40.72721061542939
            ],
            [
              -74.07996363093709,
              40.72811092692091
            ],
            [
              -74.08113227968484,
              40.72812023648119
            ],
            [
              -74.0811446639823,
              40.72721992469575
            ]
          ]
        ]
      }
    },
    {
      "id": "934",
      "type": "Feature",
      "properties": {
        "tile_id": 934,
        "average_temperature": 33.965,
        "min_temperature": 33.965,
        "max_temperature": 33.965
      },
      "geometry": {
        "type": "Polygon",
        "coordinates": [
          [
            [
              -74.07997603097994,
              40.72721061542939
            ],
            [
              -74.07880739852412,
              40.72720129433345
            ],
            [
              -74.07879498273593,
              40.72810160553068
            ],
            [
              -74.07996363093709,
              40.72811092692091
            ],
            [
              -74.07997603097994,
              40.72721061542939
            ]
          ]
        ]
      }
    },
    {
      "id": "935",
      "type": "Feature",
      "properties": {
        "tile_id": 935,
        "average_temperature": 33.9504,
        "min_temperature": 33.9504,
        "max_temperature": 33.9504
      },
      "geometry": {
        "type": "Polygon",
        "coordinates": [
          [
            [
              -74.07880739852412,
              40.72720129433345
            ],
            [
              -74.07763876661559,
              40.72719196140794
            ],
            [
              -74.07762633508207,
              40.72809227231053
            ],
            [
              -74.07879498273593,
              40.72810160553068
            ],
            [
              -74.07880739852412,
              40.72720129433345
            ]
          ]
        ]
      }
    },
    {
      "id": "936",
      "type": "Feature",
      "properties": {
        "tile_id": 936,
        "average_temperature": 33.9324,
        "min_temperature": 33.9324,
        "max_temperature": 33.9324
      },
      "geometry": {
        "type": "Polygon",
        "coordinates": [
          [
            [
              -74.07763876661559,
              40.72719196140794
            ],
            [
              -74.07647013525504,
              40.727182616652904
            ],
            [
              -74.07645768797622,
              40.72808292726046
            ],
            [
              -74.07762633508207,
              40.72809227231053
            ],
            [
              -74.07763876661559,
              40.72719196140794
            ]
          ]
        ]
      }
    },
    {
      "id": "937",
      "type": "Feature",
      "properties": {
        "tile_id": 937,
        "average_temperature": 33.9108,
        "min_temperature": 33.9108,
        "max_temperature": 33.9108
      },
      "geometry": {
        "type": "Polygon",
        "coordinates": [
          [
            [
              -74.07647013525504,
              40.727182616652904
            ],
            [
              -74.07530150444313,
              40.727173260068334
            ],
            [
              -74.07528904141904,
              40.72807357038049
            ],
            [
              -74.07645768797622,
              40.72808292726046
            ],
            [
              -74.07647013525504,
              40.727182616652904
            ]
          ]
        ]
      }
    },
    {
      "id": "938",
      "type": "Feature",
      "properties": {
        "tile_id": 938,
        "average_temperature": 33.8854,
        "min_temperature": 33.8854,
        "max_temperature": 33.8854
      },
      "geometry": {
        "type": "Polygon",
        "coordinates": [
          [
            [
              -74.07530150444313,
              40.727173260068334
            ],
            [
              -74.07413287418058,
              40.72716389165425
            ],
            [
              -74.07412039541126,
              40.72806420167065
            ],
            [
              -74.07528904141904,
              40.72807357038049
            ],
            [
              -74.07530150444313,
              40.727173260068334
            ]
          ]
        ]
      }
    },
    {
      "id": "939",
      "type": "Feature",
      "properties": {
        "tile_id": 939,
        "average_temperature": 33.8567,
        "min_temperature": 33.8567,
        "max_temperature": 33.8567
      },
      "geometry": {
        "type": "Polygon",
        "coordinates": [
          [
            [
              -74.07413287418058,
              40.72716389165425
            ],
            [
              -74.07296424446808,
              40.72715451141069
            ],
            [
              -74.07295174995353,
              40.72805482113093
            ],
            [
              -74.07412039541126,
              40.72806420167065
            ],
            [
              -74.07413287418058,
              40.72716389165425
            ]
          ]
        ]
      }
    },
    {
      "id": "940",
      "type": "Feature",
      "properties": {
        "tile_id": 940,
        "average_temperature": 33.8257,
        "min_temperature": 33.8257,
        "max_temperature": 33.8257
      },
      "geometry": {
        "type": "Polygon",
        "coordinates": [
          [
            [
              -74.07296424446808,
              40.72715451141069
            ],
            [
              -74.07179561530631,
              40.72714511933763
            ],
            [
              -74.07178310504659,
              40.728045428761355
            ],
            [
              -74.07295174995353,
              40.72805482113093
            ],
            [
              -74.07296424446808,
              40.72715451141069
            ]
          ]
        ]
      }
    },
    {
      "id": "941",
      "type": "Feature",
      "properties": {
        "tile_id": 941,
        "average_temperature": 33.7936,
        "min_temperature": 33.7936,
        "max_temperature": 33.7936
      },
      "geometry": {
        "type": "Polygon",
        "coordinates": [
          [
            [
              -74.07179561530631,
              40.72714511933763
            ],
            [
              -74.07062698669598,
              40.72713571543512
            ],
            [
              -74.07061446069112,
              40.72803602456195
            ],
            [
              -74.07178310504659,
              40.728045428761355
            ],
            [
              -74.07179561530631,
              40.72714511933763
            ]
          ]
        ]
      }
    },
    {
      "id": "942",
      "type": "Feature",
      "properties": {
        "tile_id": 942,
        "average_temperature": 33.7615,
        "min_temperature": 33.7615,
        "max_temperature": 33.7615
      },
      "geometry": {
        "type": "Polygon",
        "coordinates": [
          [
            [
              -74.07062698669598,
              40.72713571543512
            ],
            [
              -74.0694583586378,
              40.727126299703166
            ],
            [
              -74.06944581688781,
              40.72802660853273
            ],
            [
              -74.07061446069112,
              40.72803602456195
            ],
            [
              -74.07062698669598,
              40.72713571543512
            ]
          ]
        ]
      }
    },
    {
      "id": "943",
      "type": "Feature",
      "properties": {
        "tile_id": 943,
        "average_temperature": 33.7305,
        "min_temperature": 33.7305,
        "max_temperature": 33.7305
      },
      "geometry": {
        "type": "Polygon",
        "coordinates": [
          [
            [
              -74.0694583586378,
              40.727126299703166
            ],
            [
              -74.06828973113242,
              40.727116872141785
            ],
            [
              -74.06827717363734,
              40.7280171806737
            ],
            [
              -74.06944581688781,
              40.72802660853273
            ],
            [
              -74.0694583586378,
              40.727126299703166
            ]
          ]
        ]
      }
    },
    {
      "id": "944",
      "type": "Feature",
      "properties": {
        "tile_id": 944,
        "average_temperature": 33.7018,
        "min_temperature": 33.7018,
        "max_temperature": 33.7018
      },
      "geometry": {
        "type": "Polygon",
        "coordinates": [
          [
            [
              -74.06828973113242,
              40.727116872141785
            ],
            [
              -74.06712110418057,
              40.727107432750984
            ],
            [
              -74.06710853094042,
              40.72800774098489
            ],
            [
              -74.06827717363734,
              40.7280171806737
            ],
            [
              -74.06828973113242,
              40.727116872141785
            ]
          ]
        ]
      }
    },
    {
      "id": "945",
      "type": "Feature",
      "properties": {
        "tile_id": 945,
        "average_temperature": 33.6763,
        "min_temperature": 33.6763,
        "max_temperature": 33.6763
      },
      "geometry": {
        "type": "Polygon",
        "coordinates": [
          [
            [
              -74.06712110418057,
              40.727107432750984
            ],
            [
              -74.06595247778293,
              40.7270979815308
            ],
            [
              -74.06593988879771,
              40.72799828946631
            ],
            [
              -74.06710853094042,
              40.72800774098489
            ],
            [
              -74.06712110418057,
              40.727107432750984
            ]
          ]
        ]
      }
    },
    {
      "id": "946",
      "type": "Feature",
      "properties": {
        "tile_id": 946,
        "average_temperature": 33.6554,
        "min_temperature": 33.6554,
        "max_temperature": 33.6554
      },
      "geometry": {
        "type": "Polygon",
        "coordinates": [
          [
            [
              -74.06595247778293,
              40.7270979815308
            ],
            [
              -74.06478385194019,
              40.72708851848122
            ],
            [
              -74.06477124720998,
              40.72798882611797
            ],
            [
              -74.06593988879771,
              40.72799828946631
            ],
            [
              -74.06595247778293,
              40.7270979815308
            ]
          ]
        ]
      }
    },
    {
      "id": "947",
      "type": "Feature",
      "properties": {
        "tile_id": 947,
        "average_temperature": 33.64,
        "min_temperature": 33.64,
        "max_temperature": 33.64
      },
      "geometry": {
        "type": "Polygon",
        "coordinates": [
          [
            [
              -74.06478385194019,
              40.72708851848122
            ],
            [
              -74.06361522665306,
              40.727079043602274
            ],
            [
              -74.06360260617785,
              40.7279793509399
            ],
            [
              -74.06477124720998,
              40.72798882611797
            ],
            [
              -74.06478385194019,
              40.72708851848122
            ]
          ]
        ]
      }
    },
    {
      "id": "948",
      "type": "Feature",
      "properties": {
        "tile_id": 948,
        "average_temperature": 33.6307,
        "min_temperature": 33.6307,
        "max_temperature": 33.6307
      },
      "geometry": {
        "type": "Polygon",
        "coordinates": [
          [
            [
              -74.06361522665306,
              40.727079043602274
            ],
            [
              -74.0624466019222,
              40.72706955689399
            ],
            [
              -74.06243396570204,
              40.7279698639321
            ],
            [
              -74.06360260617785,
              40.7279793509399
            ],
            [
              -74.06361522665306,
              40.727079043602274
            ]
          ]
        ]
      }
    },
    {
      "id": "949",
      "type": "Feature",
      "properties": {
        "tile_id": 949,
        "average_temperature": 33.6269,
        "min_temperature": 33.6269,
        "max_temperature": 33.6269
      },
      "geometry": {
        "type": "Polygon",
        "coordinates": [
          [
            [
              -74.0624466019222,
              40.72706955689399
            ],
            [
              -74.06127797774835,
              40.72706005835637
            ],
            [
              -74.06126532578325,
              40.7279603650946
            ],
            [
              -74.06243396570204,
              40.7279698639321
            ],
            [
              -74.0624466019222,
              40.72706955689399
            ]
          ]
        ]
      }
    },
    {
      "id": "950",
      "type": "Feature",
      "properties": {
        "tile_id": 950,
        "average_temperature": 33.6277,
        "min_temperature": 33.6277,
        "max_temperature": 33.6277
      },
      "geometry": {
        "type": "Polygon",
        "coordinates": [
          [
            [
              -74.06127797774835,
              40.72706005835637
            ],
            [
              -74.06010935413217,
              40.72705054798944
            ],
            [
              -74.06009668642218,
              40.72795085442742
            ],
            [
              -74.06126532578325,
              40.7279603650946
            ],
            [
              -74.06127797774835,
              40.72706005835637
            ]
          ]
        ]
      }
    },
    {
      "id": "951",
      "type": "Feature",
      "properties": {
        "tile_id": 951,
        "average_temperature": 33.6321,
        "min_temperature": 33.6321,
        "max_temperature": 33.6321
      },
      "geometry": {
        "type": "Polygon",
        "coordinates": [
          [
            [
              -74.06010935413217,
              40.72705054798944
            ],
            [
              -74.05894073107436,
              40.7270410257932
            ],
            [
              -74.05892804761949,
              40.72794133193056
            ],
            [
              -74.06009668642218,
              40.72795085442742
            ],
            [
              -74.06010935413217,
              40.72705054798944
            ]
          ]
        ]
      }
    },
    {
      "id": "952",
      "type": "Feature",
      "properties": {
        "tile_id": 952,
        "average_temperature": 33.6392,
        "min_temperature": 33.6392,
        "max_temperature": 33.6392
      },
      "geometry": {
        "type": "Polygon",
        "coordinates": [
          [
            [
              -74.05894073107436,
              40.7270410257932
            ],
            [
              -74.05777210857562,
              40.7270314917677
            ],
            [
              -74.05775940937592,
              40.72793179760405
            ],
            [
              -74.05892804761949,
              40.72794133193056
            ],
            [
              -74.05894073107436,
              40.7270410257932
            ]
          ]
        ]
      }
    },
    {
      "id": "953",
      "type": "Feature",
      "properties": {
        "tile_id": 953,
        "average_temperature": 33.6481,
        "min_temperature": 33.6481,
        "max_temperature": 33.6481
      },
      "geometry": {
        "type": "Polygon",
        "coordinates": [
          [
            [
              -74.05777210857562,
              40.7270314917677
            ],
            [
              -74.05660348663663,
              40.72702194591292
            ],
            [
              -74.05659077169211,
              40.72792225144789
            ],
            [
              -74.05775940937592,
              40.72793179760405
            ],
            [
              -74.05777210857562,
              40.7270314917677
            ]
          ]
        ]
      }
    },
    {
      "id": "954",
      "type": "Feature",
      "properties": {
        "tile_id": 954,
        "average_temperature": 33.6578,
        "min_temperature": 33.6578,
        "max_temperature": 33.6578
      },
      "geometry": {
        "type": "Polygon",
        "coordinates": [
          [
            [
              -74.05660348663663,
              40.72702194591292
            ],
            [
              -74.0554348652581,
              40.72701238822888
            ],
            [
              -74.05542213456881,
              40.727912693462116
            ],
            [
              -74.05659077169211,
              40.72792225144789
            ],
            [
              -74.05660348663663,
              40.72702194591292
            ]
          ]
        ]
      }
    },
    {
      "id": "955",
      "type": "Feature",
      "properties": {
        "tile_id": 955,
        "average_temperature": 33.6674,
        "min_temperature": 33.6674,
        "max_temperature": 33.6674
      },
      "geometry": {
        "type": "Polygon",
        "coordinates": [
          [
            [
              -74.0554348652581,
              40.72701238822888
            ],
            [
              -74.05426624444074,
              40.72700281871562
            ],
            [
              -74.05425349800669,
              40.72790312364673
            ],
            [
              -74.05542213456881,
              40.727912693462116
            ],
            [
              -74.0554348652581,
              40.72701238822888
            ]
          ]
        ]
      }
    },
    {
      "id": "956",
      "type": "Feature",
      "properties": {
        "tile_id": 956,
        "average_temperature": 33.676,
        "min_temperature": 33.676,
        "max_temperature": 33.676
      },
      "geometry": {
        "type": "Polygon",
        "coordinates": [
          [
            [
              -74.05426624444074,
              40.72700281871562
            ],
            [
              -74.0530976241852,
              40.72699323737314
            ],
            [
              -74.05308486200641,
              40.72789354200176
            ],
            [
              -74.05425349800669,
              40.72790312364673
            ],
            [
              -74.05426624444074,
              40.72700281871562
            ]
          ]
        ]
      }
    },
    {
      "id": "957",
      "type": "Feature",
      "properties": {
        "tile_id": 957,
        "average_temperature": 33.6827,
        "min_temperature": 33.6827,
        "max_temperature": 33.6827
      },
      "geometry": {
        "type": "Polygon",
        "coordinates": [
          [
            [
              -74.0530976241852,
              40.72699323737314
            ],
            [
              -74.05192900449221,
              40.72698364420146
            ],
            [
              -74.05191622656872,
              40.727883948527214
            ],
            [
              -74.05308486200641,
              40.72789354200176
            ],
            [
              -74.0530976241852,
              40.72699323737314
            ]
          ]
        ]
      }
    },
    {
      "id": "958",
      "type": "Feature",
      "properties": {
        "tile_id": 958,
        "average_temperature": 33.6873,
        "min_temperature": 33.6873,
        "max_temperature": 33.6873
      },
      "geometry": {
        "type": "Polygon",
        "coordinates": [
          [
            [
              -74.05192900449221,
              40.72698364420146
            ],
            [
              -74.05076038536244,
              40.726974039200606
            ],
            [
              -74.05074759169429,
              40.72787434322311
            ],
            [
              -74.05191622656872,
              40.727883948527214
            ],
            [
              -74.05192900449221,
              40.72698364420146
            ]
          ]
        ]
      }
    },
    {
      "id": "959",
      "type": "Feature",
      "properties": {
        "tile_id": 959,
        "average_temperature": 33.6901,
        "min_temperature": 33.6901,
        "max_temperature": 33.6901
      },
      "geometry": {
        "type": "Polygon",
        "coordinates": [
          [
            [
              -74.05076038536244,
              40.726974039200606
            ],
            [
              -74.0495917667966,
              40.726964422370564
            ],
            [
              -74.04957895738382,
              40.72786472608947
            ],
            [
              -74.05074759169429,
              40.72787434322311
            ],
            [
              -74.05076038536244,
              40.726974039200606
            ]
          ]
        ]
      }
    },
    {
      "id": "960",
      "type": "Feature",
      "properties": {
        "tile_id": 960,
        "average_temperature": 33.9505,
        "min_temperature": 33.9505,
        "max_temperature": 33.9505
      },
      "geometry": {
        "type": "Polygon",
        "coordinates": [
          [
            [
              -74.08697553159847,
              40.728166606832794
            ],
            [
              -74.08580688012808,
              40.72815735642249
            ],
            [
              -74.0857945582554,
              40.72905766923585
            ],
            [
              -74.08696322547203,
              40.72906691993819
            ],
            [
              -74.08697553159847,
              40.728166606832794
            ]
          ]
        ]
      }
    },
    {
      "id": "961",
      "type": "Feature",
      "properties": {
        "tile_id": 961,
        "average_temperature": 33.957,
        "min_temperature": 33.957,
        "max_temperature": 33.957
      },
      "geometry": {
        "type": "Polygon",
        "coordinates": [
          [
            [
              -74.08580688012808,
              40.72815735642249
            ],
            [
              -74.08463822920082,
              40.728148094182174
            ],
            [
              -74.08462589158196,
              40.7290484067031
            ],
            [
              -74.0857945582554,
              40.72905766923585
            ],
            [
              -74.08580688012808,
              40.72815735642249
            ]
          ]
        ]
      }
    },
    {
      "id": "962",
      "type": "Feature",
      "properties": {
        "tile_id": 962,
        "average_temperature": 33.9625,
        "min_temperature": 33.9625,
        "max_temperature": 33.9625
      },
      "geometry": {
        "type": "Polygon",
        "coordinates": [
          [
            [
              -74.08463822920082,
              40.728148094182174
            ],
            [
              -74.0834695788174,
              40.72813882011184
            ],
            [
              -74.08345722545236,
              40.72903913233996
            ],
            [
              -74.08462589158196,
              40.7290484067031
            ],
            [
              -74.08463822920082,
              40.728148094182174
            ]
          ]
        ]
      }
    },
    {
      "id": "963",
      "type": "Feature",
      "properties": {
        "tile_id": 963,
        "average_temperature": 33.9665,
        "min_temperature": 33.9665,
        "max_temperature": 33.9665
      },
      "geometry": {
        "type": "Polygon",
        "coordinates": [
          [
            [
              -74.0834695788174,
              40.72813882011184
            ],
            [
              -74.08230092897851,
              40.728129534211504
            ],
            [
              -74.08228855986732,
              40.729029846146474
            ],
            [
              -74.08345722545236,
              40.72903913233996
            ],
            [
              -74.0834695788174,
              40.72813882011184
            ]
          ]
        ]
      }
    },
    {
      "id": "964",
      "type": "Feature",
      "properties": {
        "tile_id": 964,
        "average_temperature": 33.9684,
        "min_temperature": 33.9684,
        "max_temperature": 33.9684
      },
      "geometry": {
        "type": "Polygon",
        "coordinates": [
          [
            [
              -74.08230092897851,
              40.728129534211504
            ],
            [
              -74.08113227968484,
              40.728120236481196
            ],
            [
              -74.08111989482752,
              40.72902054812262
            ],
            [
              -74.08228855986732,
              40.729029846146474
            ],
            [
              -74.08230092897851,
              40.728129534211504
            ]
          ]
        ]
      }
    },
    {
      "id": "965",
      "type": "Feature",
      "properties": {
        "tile_id": 965,
        "average_temperature": 33.9677,
        "min_temperature": 33.9677,
        "max_temperature": 33.9677
      },
      "geometry": {
        "type": "Polygon",
        "coordinates": [
          [
            [
              -74.08113227968484,
              40.728120236481196
            ],
            [
              -74.07996363093709,
              40.72811092692092
            ],
            [
              -74.07995123033368,
              40.72901123826842
            ],
            [
              -74.08111989482752,
              40.72902054812262
            ],
            [
              -74.08113227968484,
              40.728120236481196
            ]
          ]
        ]
      }
    },
    {
      "id": "966",
      "type": "Feature",
      "properties": {
        "tile_id": 966,
        "average_temperature": 33.9639,
        "min_temperature": 33.9639,
        "max_temperature": 33.9639
      },
      "geometry": {
        "type": "Polygon",
        "coordinates": [
          [
            [
              -74.07996363093709,
              40.72811092692092
            ],
            [
              -74.07879498273593,
              40.728101605530696
            ],
            [
              -74.07878256638647,
              40.72900191658392
            ],
            [
              -74.07995123033368,
              40.72901123826842
            ],
            [
              -74.07996363093709,
              40.72811092692092
            ]
          ]
        ]
      }
    },
    {
      "id": "967",
      "type": "Feature",
      "properties": {
        "tile_id": 967,
        "average_temperature": 33.9564,
        "min_temperature": 33.9564,
        "max_temperature": 33.9564
      },
      "geometry": {
        "type": "Polygon",
        "coordinates": [
          [
            [
              -74.07879498273593,
              40.728101605530696
            ],
            [
              -74.07762633508207,
              40.72809227231054
            ],
            [
              -74.07761390298657,
              40.72899258306911
            ],
            [
              -74.07878256638647,
              40.72900191658392
            ],
            [
              -74.07879498273593,
              40.728101605530696
            ]
          ]
        ]
      }
    },
    {
      "id": "968",
      "type": "Feature",
      "properties": {
        "tile_id": 968,
        "average_temperature": 33.9448,
        "min_temperature": 33.9448,
        "max_temperature": 33.9448
      },
      "geometry": {
        "type": "Polygon",
        "coordinates": [
          [
            [
              -74.07762633508207,
              40.72809227231054
            ],
            [
              -74.07645768797622,
              40.728082927260466
            ],
            [
              -74.0764452401347,
              40.728983237724
            ],
            [
              -74.07761390298657,
              40.72899258306911
            ],
            [
              -74.07762633508207,
              40.72809227231054
            ]
          ]
        ]
      }
    },
    {
      "id": "969",
      "type": "Feature",
      "properties": {
        "tile_id": 969,
        "average_temperature": 33.9286,
        "min_temperature": 33.9286,
        "max_temperature": 33.9286
      },
      "geometry": {
        "type": "Polygon",
        "coordinates": [
          [
            [
              -74.07645768797622,
              40.728082927260466
            ],
            [
              -74.07528904141904,
              40.7280735703805
            ],
            [
              -74.07527657783156,
              40.72897388054863
            ],
            [
              -74.0764452401347,
              40.728983237724
            ],
            [
              -74.07645768797622,
              40.728082927260466
            ]
          ]
        ]
      }
    },
    {
      "id": "970",
      "type": "Feature",
      "properties": {
        "tile_id": 970,
        "average_temperature": 33.9073,
        "min_temperature": 33.9073,
        "max_temperature": 33.9073
      },
      "geometry": {
        "type": "Polygon",
        "coordinates": [
          [
            [
              -74.07528904141904,
              40.7280735703805
            ],
            [
              -74.07412039541126,
              40.72806420167065
            ],
            [
              -74.07410791607782,
              40.728964511543
            ],
            [
              -74.07527657783156,
              40.72897388054863
            ],
            [
              -74.07528904141904,
              40.7280735703805
            ]
          ]
        ]
      }
    },
    {
      "id": "971",
      "type": "Feature",
      "properties": {
        "tile_id": 971,
        "average_temperature": 33.8813,
        "min_temperature": 33.8813,
        "max_temperature": 33.8813
      },
      "geometry": {
        "type": "Polygon",
        "coordinates": [
          [
            [
              -74.07412039541126,
              40.72806420167065
            ],
            [
              -74.07295174995353,
              40.72805482113094
            ],
            [
              -74.07293925487419,
              40.72895513070713
            ],
            [
              -74.07410791607782,
              40.728964511543
            ],
            [
              -74.07412039541126,
              40.72806420167065
            ]
          ]
        ]
      }
    },
    {
      "id": "972",
      "type": "Feature",
      "properties": {
        "tile_id": 972,
        "average_temperature": 33.852,
        "min_temperature": 33.852,
        "max_temperature": 33.852
      },
      "geometry": {
        "type": "Polygon",
        "coordinates": [
          [
            [
              -74.07295174995353,
              40.72805482113094
            ],
            [
              -74.07178310504659,
              40.72804542876137
            ],
            [
              -74.07177059422135,
              40.72894573804102
            ],
            [
              -74.07293925487419,
              40.72895513070713
            ],
            [
              -74.07295174995353,
              40.72805482113094
            ]
          ]
        ]
      }
    },
    {
      "id": "973",
      "type": "Feature",
      "properties": {
        "tile_id": 973,
        "average_temperature": 33.8205,
        "min_temperature": 33.8205,
        "max_temperature": 33.8205
      },
      "geometry": {
        "type": "Polygon",
        "coordinates": [
          [
            [
              -74.07178310504659,
              40.72804542876137
            ],
            [
              -74.07061446069112,
              40.72803602456195
            ],
            [
              -74.07060193412,
              40.728936333544716
            ],
            [
              -74.07177059422135,
              40.72894573804102
            ],
            [
              -74.07178310504659,
              40.72804542876137
            ]
          ]
        ]
      }
    },
    {
      "id": "974",
      "type": "Feature",
      "properties": {
        "tile_id": 974,
        "average_temperature": 33.7881,
        "min_temperature": 33.7881,
        "max_temperature": 33.7881
      },
      "geometry": {
        "type": "Polygon",
        "coordinates": [
          [
            [
              -74.07061446069112,
              40.72803602456195
            ],
            [
              -74.06944581688781,
              40.72802660853274
            ],
            [
              -74.06943327457084,
              40.72892691721822
            ],
            [
              -74.07060193412,
              40.728936333544716
            ],
            [
              -74.07061446069112,
              40.72803602456195
            ]
          ]
        ]
      }
    },
    {
      "id": "975",
      "type": "Feature",
      "properties": {
        "tile_id": 975,
        "average_temperature": 33.7562,
        "min_temperature": 33.7562,
        "max_temperature": 33.7562
      },
      "geometry": {
        "type": "Polygon",
        "coordinates": [
          [
            [
              -74.06944581688781,
              40.72802660853274
            ],
            [
              -74.06827717363733,
              40.72801718067372
            ],
            [
              -74.06826461557456,
              40.72891748906154
            ],
            [
              -74.06943327457084,
              40.72892691721822
            ],
            [
              -74.06944581688781,
              40.72802660853274
            ]
          ]
        ]
      }
    },
    {
      "id": "976",
      "type": "Feature",
      "properties": {
        "tile_id": 976,
        "average_temperature": 33.7258,
        "min_temperature": 33.7258,
        "max_temperature": 33.7258
      },
      "geometry": {
        "type": "Polygon",
        "coordinates": [
          [
            [
              -74.06827717363733,
              40.72801718067372
            ],
            [
              -74.06710853094042,
              40.7280077409849
            ],
            [
              -74.06709595713187,
              40.72890804907472
            ],
            [
              -74.06826461557456,
              40.72891748906154
            ],
            [
              -74.06827717363733,
              40.72801718067372
            ]
          ]
        ]
      }
    },
    {
      "id": "977",
      "type": "Feature",
      "properties": {
        "tile_id": 977,
        "average_temperature": 33.6983,
        "min_temperature": 33.6983,
        "max_temperature": 33.6983
      },
      "geometry": {
        "type": "Polygon",
        "coordinates": [
          [
            [
              -74.06710853094042,
              40.7280077409849
            ],
            [
              -74.06593988879771,
              40.72799828946631
            ],
            [
              -74.06592729924343,
              40.72889859725774
            ],
            [
              -74.06709595713187,
              40.72890804907472
            ],
            [
              -74.06710853094042,
              40.7280077409849
            ]
          ]
        ]
      }
    },
    {
      "id": "978",
      "type": "Feature",
      "properties": {
        "tile_id": 978,
        "average_temperature": 33.675,
        "min_temperature": 33.675,
        "max_temperature": 33.675
      },
      "geometry": {
        "type": "Polygon",
        "coordinates": [
          [
            [
              -74.06593988879771,
              40.72799828946631
            ],
            [
              -74.06477124720998,
              40.72798882611798
            ],
            [
              -74.06475864190995,
              40.72888913361062
            ],
            [
              -74.06592729924343,
              40.72889859725774
            ],
            [
              -74.06593988879771,
              40.72799828946631
            ]
          ]
        ]
      }
    },
    {
      "id": "979",
      "type": "Feature",
      "properties": {
        "tile_id": 979,
        "average_temperature": 33.657,
        "min_temperature": 33.657,
        "max_temperature": 33.657
      },
      "geometry": {
        "type": "Polygon",
        "coordinates": [
          [
            [
              -74.06477124720998,
              40.72798882611798
            ],
            [
              -74.06360260617785,
              40.72797935093991
            ],
            [
              -74.06358998513214,
              40.728879658133415
            ],
            [
              -74.06475864190995,
              40.72888913361062
            ],
            [
              -74.06477124720998,
              40.72798882611798
            ]
          ]
        ]
      }
    },
    {
      "id": "980",
      "type": "Feature",
      "properties": {
        "tile_id": 980,
        "average_temperature": 33.645,
        "min_temperature": 33.645,
        "max_temperature": 33.645
      },
      "geometry": {
        "type": "Polygon",
        "coordinates": [
          [
            [
              -74.06360260617785,
              40.72797935093991
            ],
            [
              -74.06243396570204,
              40.72796986393211
            ],
            [
              -74.06242132891067,
              40.7288701708261
            ],
            [
              -74.06358998513214,
              40.728879658133415
            ],
            [
              -74.06360260617785,
              40.72797935093991
            ]
          ]
        ]
      }
    },
    {
      "id": "981",
      "type": "Feature",
      "properties": {
        "tile_id": 981,
        "average_temperature": 33.6385,
        "min_temperature": 33.6385,
        "max_temperature": 33.6385
      },
      "geometry": {
        "type": "Polygon",
        "coordinates": [
          [
            [
              -74.06243396570204,
              40.72796986393211
            ],
            [
              -74.06126532578325,
              40.72796036509462
            ],
            [
              -74.06125267324623,
              40.728860671688714
            ],
            [
              -74.06242132891067,
              40.7288701708261
            ],
            [
              -74.06243396570204,
              40.72796986393211
            ]
          ]
        ]
      }
    },
    {
      "id": "982",
      "type": "Feature",
      "properties": {
        "tile_id": 982,
        "average_temperature": 33.6366,
        "min_temperature": 33.6366,
        "max_temperature": 33.6366
      },
      "geometry": {
        "type": "Polygon",
        "coordinates": [
          [
            [
              -74.06126532578325,
              40.72796036509462
            ],
            [
              -74.06009668642217,
              40.727950854427434
            ],
            [
              -74.06008401813955,
              40.72885116072127
            ],
            [
              -74.06125267324623,
              40.728860671688714
            ],
            [
              -74.06126532578325,
              40.72796036509462
            ]
          ]
        ]
      }
    },
    {
      "id": "983",
      "type": "Feature",
      "properties": {
        "tile_id": 983,
        "average_temperature": 33.6384,
        "min_temperature": 33.6384,
        "max_temperature": 33.6384
      },
      "geometry": {
        "type": "Polygon",
        "coordinates": [
          [
            [
              -74.06009668642217,
              40.727950854427434
            ],
            [
              -74.05892804761949,
              40.727941331930566
            ],
            [
              -74.05891536359128,
              40.728841637923765
            ],
            [
              -74.06008401813955,
              40.72885116072127
            ],
            [
              -74.06009668642217,
              40.727950854427434
            ]
          ]
        ]
      }
    },
    {
      "id": "984",
      "type": "Feature",
      "properties": {
        "tile_id": 984,
        "average_temperature": 33.6429,
        "min_temperature": 33.6429,
        "max_temperature": 33.6429
      },
      "geometry": {
        "type": "Polygon",
        "coordinates": [
          [
            [
              -74.05892804761949,
              40.727941331930566
            ],
            [
              -74.05775940937592,
              40.72793179760406
            ],
            [
              -74.05774670960214,
              40.72883210329625
            ],
            [
              -74.05891536359128,
              40.728841637923765
            ],
            [
              -74.05892804761949,
              40.727941331930566
            ]
          ]
        ]
      }
    },
    {
      "id": "985",
      "type": "Feature",
      "properties": {
        "tile_id": 985,
        "average_temperature": 33.6495,
        "min_temperature": 33.6495,
        "max_temperature": 33.6495
      },
      "geometry": {
        "type": "Polygon",
        "coordinates": [
          [
            [
              -74.05775940937592,
              40.72793179760406
            ],
            [
              -74.05659077169211,
              40.72792225144791
            ],
            [
              -74.05657805617284,
              40.728822556838715
            ],
            [
              -74.05774670960214,
              40.72883210329625
            ],
            [
              -74.05775940937592,
              40.72793179760406
            ]
          ]
        ]
      }
    },
    {
      "id": "986",
      "type": "Feature",
      "properties": {
        "tile_id": 986,
        "average_temperature": 33.657,
        "min_temperature": 33.657,
        "max_temperature": 33.657
      },
      "geometry": {
        "type": "Polygon",
        "coordinates": [
          [
            [
              -74.05659077169211,
              40.72792225144791
            ],
            [
              -74.05542213456881,
              40.727912693462116
            ],
            [
              -74.05540940330403,
              40.72881299855118
            ],
            [
              -74.05657805617284,
              40.728822556838715
            ],
            [
              -74.05659077169211,
              40.72792225144791
            ]
          ]
        ]
      }
    },
    {
      "id": "987",
      "type": "Feature",
      "properties": {
        "tile_id": 987,
        "average_temperature": 33.6648,
        "min_temperature": 33.6648,
        "max_temperature": 33.6648
      },
      "geometry": {
        "type": "Polygon",
        "coordinates": [
          [
            [
              -74.05542213456881,
              40.727912693462116
            ],
            [
              -74.05425349800669,
              40.72790312364674
            ],
            [
              -74.05424075099644,
              40.728803428433665
            ],
            [
              -74.05540940330403,
              40.72881299855118
            ],
            [
              -74.05542213456881,
              40.727912693462116
            ]
          ]
        ]
      }
    },
    {
      "id": "988",
      "type": "Feature",
      "properties": {
        "tile_id": 988,
        "average_temperature": 33.6718,
        "min_temperature": 33.6718,
        "max_temperature": 33.6718
      },
      "geometry": {
        "type": "Polygon",
        "coordinates": [
          [
            [
              -74.05425349800669,
              40.72790312364674
            ],
            [
              -74.05308486200641,
              40.72789354200177
            ],
            [
              -74.05307209925073,
              40.728793846486184
            ],
            [
              -74.05424075099644,
              40.728803428433665
            ],
            [
              -74.05425349800669,
              40.72790312364674
            ]
          ]
        ]
      }
    },
    {
      "id": "989",
      "type": "Feature",
      "properties": {
        "tile_id": 989,
        "average_temperature": 33.6773,
        "min_temperature": 33.6773,
        "max_temperature": 33.6773
      },
      "geometry": {
        "type": "Polygon",
        "coordinates": [
          [
            [
              -74.05308486200641,
              40.72789354200177
            ],
            [
              -74.05191622656872,
              40.72788394852722
            ],
            [
              -74.05190344806763,
              40.72878425270876
            ],
            [
              -74.05307209925073,
              40.728793846486184
            ],
            [
              -74.05308486200641,
              40.72789354200177
            ]
          ]
        ]
      }
    },
    {
      "id": "990",
      "type": "Feature",
      "properties": {
        "tile_id": 990,
        "average_temperature": 33.6812,
        "min_temperature": 33.6812,
        "max_temperature": 33.6812
      },
      "geometry": {
        "type": "Polygon",
        "coordinates": [
          [
            [
              -74.05191622656872,
              40.72788394852722
            ],
            [
              -74.05074759169429,
              40.72787434322311
            ],
            [
              -74.0507347974478,
              40.72877464710142
            ],
            [
              -74.05190344806763,
              40.72878425270876
            ],
            [
              -74.05191622656872,
              40.72788394852722
            ]
          ]
        ]
      }
    },
    {
      "id": "991",
      "type": "Feature",
      "properties": {
        "tile_id": 991,
        "average_temperature": 33.6835,
        "min_temperature": 33.6835,
        "max_temperature": 33.6835
      },
      "geometry": {
        "type": "Polygon",
        "coordinates": [
          [
            [
              -74.05074759169429,
              40.72787434322311
            ],
            [
              -74.04957895738382,
              40.72786472608947
            ],
            [
              -74.04956614739199,
              40.728765029664146
            ],
            [
              -74.0507347974478,
              40.72877464710142
            ],
            [
              -74.05074759169429,
              40.72787434322311
            ]
          ]
        ]
      }
    },
    {
      "id": "992",
      "type": "Feature",
      "properties": {
        "tile_id": 992,
        "average_temperature": 33.913,
        "min_temperature": 33.913,
        "max_temperature": 33.913
      },
      "geometry": {
        "type": "Polygon",
        "coordinates": [
          [
            [
              -74.08696322547203,
              40.72906691993819
            ],
            [
              -74.0857945582554,
              40.72905766923585
            ],
            [
              -74.08578223582573,
              40.72995798190523
            ],
            [
              -74.0869509187893,
              40.72996723289963
            ],
            [
              -74.08696322547203,
              40.72906691993819
            ]
          ]
        ]
      }
    },
    {
      "id": "993",
      "type": "Feature",
      "properties": {
        "tile_id": 993,
        "average_temperature": 33.925,
        "min_temperature": 33.925,
        "max_temperature": 33.925
      },
      "geometry": {
        "type": "Polygon",
        "coordinates": [
          [
            [
              -74.0857945582554,
              40.72905766923585
            ],
            [
              -74.08462589158196,
              40.7290484067031
            ],
            [
              -74.08461355340536,
              40.72994871908006
            ],
            [
              -74.08578223582573,
              40.72995798190523
            ],
            [
              -74.0857945582554,
              40.72905766923585
            ]
          ]
        ]
      }
    },
    {
      "id": "994",
      "type": "Feature",
      "properties": {
        "tile_id": 994,
        "average_temperature": 33.9365,
        "min_temperature": 33.9365,
        "max_temperature": 33.9365
      },
      "geometry": {
        "type": "Polygon",
        "coordinates": [
          [
            [
              -74.08462589158196,
              40.7290484067031
            ],
            [
              -74.08345722545236,
              40.72903913233996
            ],
            [
              -74.08344487152888,
              40.72993944442413
            ],
            [
              -74.08461355340536,
              40.72994871908006
            ],
            [
              -74.08462589158196,
              40.7290484067031
            ]
          ]
        ]
      }
    },
    {
      "id": "995",
      "type": "Feature",
      "properties": {
        "tile_id": 995,
        "average_temperature": 33.9468,
        "min_temperature": 33.9468,
        "max_temperature": 33.9468
      },
      "geometry": {
        "type": "Polygon",
        "coordinates": [
          [
            [
              -74.08345722545236,
              40.72903913233996
            ],
            [
              -74.08228855986732,
              40.729029846146474
            ],
            [
              -74.08227619019698,
              40.729930157937446
            ],
            [
              -74.08344487152888,
              40.72993944442413
            ],
            [
              -74.08345722545236,
              40.72903913233996
            ]
          ]
        ]
      }
    },
    {
      "id": "996",
      "type": "Feature",
      "properties": {
        "tile_id": 996,
        "average_temperature": 33.9551,
        "min_temperature": 33.9551,
        "max_temperature": 33.9551
      },
      "geometry": {
        "type": "Polygon",
        "coordinates": [
          [
            [
              -74.08228855986732,
              40.729029846146474
            ],
            [
              -74.08111989482752,
              40.72902054812262
            ],
            [
              -74.08110750941036,
              40.72992085962005
            ],
            [
              -74.08227619019698,
              40.729930157937446
            ],
            [
              -74.08228855986732,
              40.729029846146474
            ]
          ]
        ]
      }
    },
    {
      "id": "997",
      "type": "Feature",
      "properties": {
        "tile_id": 997,
        "average_temperature": 33.9608,
        "min_temperature": 33.9608,
        "max_temperature": 33.9608
      },
      "geometry": {
        "type": "Polygon",
        "coordinates": [
          [
            [
              -74.08111989482752,
              40.72902054812262
            ],
            [
              -74.07995123033368,
              40.72901123826842
            ],
            [
              -74.0799388291697,
              40.729911549471936
            ],
            [
              -74.08110750941036,
              40.72992085962005
            ],
            [
              -74.08111989482752,
              40.72902054812262
            ]
          ]
        ]
      }
    },
    {
      "id": "998",
      "type": "Feature",
      "properties": {
        "tile_id": 998,
        "average_temperature": 33.9631,
        "min_temperature": 33.9631,
        "max_temperature": 33.9631
      },
      "geometry": {
        "type": "Polygon",
        "coordinates": [
          [
            [
              -74.07995123033368,
              40.72901123826842
            ],
            [
              -74.07878256638647,
              40.72900191658392
            ],
            [
              -74.0787701494757,
              40.729902227493135
            ],
            [
              -74.0799388291697,
              40.729911549471936
            ],
            [
              -74.07995123033368,
              40.72901123826842
            ]
          ]
        ]
      }
    },
    {
      "id": "999",
      "type": "Feature",
      "properties": {
        "tile_id": 999,
        "average_temperature": 33.9613,
        "min_temperature": 33.9613,
        "max_temperature": 33.9613
      },
      "geometry": {
        "type": "Polygon",
        "coordinates": [
          [
            [
              -74.07878256638647,
              40.72900191658392
            ],
            [
              -74.07761390298657,
              40.72899258306911
            ],
            [
              -74.07760147032909,
              40.72989289368365
            ],
            [
              -74.0787701494757,
              40.729902227493135
            ],
            [
              -74.07878256638647,
              40.72900191658392
            ]
          ]
        ]
      }
    },
    {
      "id": "1000",
      "type": "Feature",
      "properties": {
        "tile_id": 1000,
        "average_temperature": 33.9549,
        "min_temperature": 33.9549,
        "max_temperature": 33.9549
      },
      "geometry": {
        "type": "Polygon",
        "coordinates": [
          [
            [
              -74.07761390298657,
              40.72899258306911
            ],
            [
              -74.0764452401347,
              40.728983237724
            ],
            [
              -74.07643279173048,
              40.7298835480435
            ],
            [
              -74.07760147032909,
              40.72989289368365
            ],
            [
              -74.07761390298657,
              40.72899258306911
            ]
          ]
        ]
      }
    },
    {
      "id": "1001",
      "type": "Feature",
      "properties": {
        "tile_id": 1001,
        "average_temperature": 33.9429,
        "min_temperature": 33.9429,
        "max_temperature": 33.9429
      },
      "geometry": {
        "type": "Polygon",
        "coordinates": [
          [
            [
              -74.0764452401347,
              40.728983237724
            ],
            [
              -74.07527657783156,
              40.72897388054863
            ],
            [
              -74.07526411368066,
              40.72987419057271
            ],
            [
              -74.07643279173048,
              40.7298835480435
            ],
            [
              -74.0764452401347,
              40.728983237724
            ]
          ]
        ]
      }
    },
    {
      "id": "1002",
      "type": "Feature",
      "properties": {
        "tile_id": 1002,
        "average_temperature": 33.9249,
        "min_temperature": 33.9249,
        "max_temperature": 33.9249
      },
      "geometry": {
        "type": "Polygon",
        "coordinates": [
          [
            [
              -74.07527657783156,
              40.72897388054863
            ],
            [
              -74.07410791607782,
              40.728964511543
            ],
            [
              -74.07409543618026,
              40.72986482127129
            ],
            [
              -74.07526411368066,
              40.72987419057271
            ],
            [
              -74.07527657783156,
              40.72897388054863
            ]
          ]
        ]
      }
    },
    {
      "id": "1003",
      "type": "Feature",
      "properties": {
        "tile_id": 1003,
        "average_temperature": 33.9013,
        "min_temperature": 33.9013,
        "max_temperature": 33.9013
      },
      "geometry": {
        "type": "Polygon",
        "coordinates": [
          [
            [
              -74.07410791607782,
              40.728964511543
            ],
            [
              -74.07293925487419,
              40.72895513070713
            ],
            [
              -74.07292675922999,
              40.729855440139254
            ],
            [
              -74.07409543618026,
              40.72986482127129
            ],
            [
              -74.07410791607782,
              40.728964511543
            ]
          ]
        ]
      }
    },
    {
      "id": "1004",
      "type": "Feature",
      "properties": {
        "tile_id": 1004,
        "average_temperature": 33.8734,
        "min_temperature": 33.8734,
        "max_temperature": 33.8734
      },
      "geometry": {
        "type": "Polygon",
        "coordinates": [
          [
            [
              -74.07293925487419,
              40.72895513070713
            ],
            [
              -74.07177059422135,
              40.72894573804102
            ],
            [
              -74.07175808283054,
              40.72984604717662
            ],
            [
              -74.07292675922999,
              40.729855440139254
            ],
            [
              -74.07293925487419,
              40.72895513070713
            ]
          ]
        ]
      }
    },
    {
      "id": "1005",
      "type": "Feature",
      "properties": {
        "tile_id": 1005,
        "average_temperature": 33.8425,
        "min_temperature": 33.8425,
        "max_temperature": 33.8425
      },
      "geometry": {
        "type": "Polygon",
        "coordinates": [
          [
            [
              -74.07177059422135,
              40.72894573804102
            ],
            [
              -74.07060193412,
              40.728936333544716
            ],
            [
              -74.07058940698262,
              40.72983664238341
            ],
            [
              -74.07175808283054,
              40.72984604717662
            ],
            [
              -74.07177059422135,
              40.72894573804102
            ]
          ]
        ]
      }
    },
    {
      "id": "1006",
      "type": "Feature",
      "properties": {
        "tile_id": 1006,
        "average_temperature": 33.81,
        "min_temperature": 33.81,
        "max_temperature": 33.81
      },
      "geometry": {
        "type": "Polygon",
        "coordinates": [
          [
            [
              -74.07060193412,
              40.728936333544716
            ],
            [
              -74.06943327457084,
              40.72892691721822
            ],
            [
              -74.06942073168692,
              40.72982722575963
            ],
            [
              -74.07058940698262,
              40.72983664238341
            ],
            [
              -74.07060193412,
              40.728936333544716
            ]
          ]
        ]
      }
    },
    {
      "id": "1007",
      "type": "Feature",
      "properties": {
        "tile_id": 1007,
        "average_temperature": 33.7772,
        "min_temperature": 33.7772,
        "max_temperature": 33.7772
      },
      "geometry": {
        "type": "Polygon",
        "coordinates": [
          [
            [
              -74.06943327457084,
              40.72892691721822
            ],
            [
              -74.06826461557456,
              40.72891748906154
            ],
            [
              -74.06825205694412,
              40.72981779730528
            ],
            [
              -74.06942073168692,
              40.72982722575963
            ],
            [
              -74.06943327457084,
              40.72892691721822
            ]
          ]
        ]
      }
    },
    {
      "id": "1008",
      "type": "Feature",
      "properties": {
        "tile_id": 1008,
        "average_temperature": 33.7457,
        "min_temperature": 33.7457,
        "max_temperature": 33.7457
      },
      "geometry": {
        "type": "Polygon",
        "coordinates": [
          [
            [
              -74.06826461557456,
              40.72891748906154
            ],
            [
              -74.06709595713187,
              40.72890804907472
            ],
            [
              -74.06708338275492,
              40.729808357020424
            ],
            [
              -74.06825205694412,
              40.72981779730528
            ],
            [
              -74.06826461557456,
              40.72891748906154
            ]
          ]
        ]
      }
    },
    {
      "id": "1009",
      "type": "Feature",
      "properties": {
        "tile_id": 1009,
        "average_temperature": 33.7165,
        "min_temperature": 33.7165,
        "max_temperature": 33.7165
      },
      "geometry": {
        "type": "Polygon",
        "coordinates": [
          [
            [
              -74.06709595713187,
              40.72890804907472
            ],
            [
              -74.06592729924343,
              40.72889859725774
            ],
            [
              -74.06591470912002,
              40.729798904905046
            ],
            [
              -74.06708338275492,
              40.729808357020424
            ],
            [
              -74.06709595713187,
              40.72890804907472
            ]
          ]
        ]
      }
    },
    {
      "id": "1010",
      "type": "Feature",
      "properties": {
        "tile_id": 1010,
        "average_temperature": 33.6913,
        "min_temperature": 33.6913,
        "max_temperature": 33.6913
      },
      "geometry": {
        "type": "Polygon",
        "coordinates": [
          [
            [
              -74.06592729924343,
              40.72889859725774
            ],
            [
              -74.06475864190995,
              40.72888913361062
            ],
            [
              -74.0647460360401,
              40.729789440959166
            ],
            [
              -74.06591470912002,
              40.729798904905046
            ],
            [
              -74.06592729924343,
              40.72889859725774
            ]
          ]
        ]
      }
    },
    {
      "id": "1011",
      "type": "Feature",
      "properties": {
        "tile_id": 1011,
        "average_temperature": 33.6712,
        "min_temperature": 33.6712,
        "max_temperature": 33.6712
      },
      "geometry": {
        "type": "Polygon",
        "coordinates": [
          [
            [
              -74.06475864190995,
              40.72888913361062
            ],
            [
              -74.06358998513214,
              40.728879658133415
            ],
            [
              -74.06357736351588,
              40.7297799651828
            ],
            [
              -74.0647460360401,
              40.729789440959166
            ],
            [
              -74.06475864190995,
              40.72888913361062
            ]
          ]
        ]
      }
    },
    {
      "id": "1012",
      "type": "Feature",
      "properties": {
        "tile_id": 1012,
        "average_temperature": 33.657,
        "min_temperature": 33.657,
        "max_temperature": 33.657
      },
      "geometry": {
        "type": "Polygon",
        "coordinates": [
          [
            [
              -74.06358998513214,
              40.728879658133415
            ],
            [
              -74.06242132891067,
              40.7288701708261
            ],
            [
              -74.06240869154803,
              40.72977047757597
            ],
            [
              -74.06357736351588,
              40.7297799651828
            ],
            [
              -74.06358998513214,
              40.728879658133415
            ]
          ]
        ]
      }
    },
    {
      "id": "1013",
      "type": "Feature",
      "properties": {
        "tile_id": 1013,
        "average_temperature": 33.6483,
        "min_temperature": 33.6483,
        "max_temperature": 33.6483
      },
      "geometry": {
        "type": "Polygon",
        "coordinates": [
          [
            [
              -74.06242132891067,
              40.7288701708261
            ],
            [
              -74.06125267324623,
              40.728860671688714
            ],
            [
              -74.06124002013725,
              40.729760978138685
            ],
            [
              -74.06240869154803,
              40.72977047757597
            ],
            [
              -74.06242132891067,
              40.7288701708261
            ]
          ]
        ]
      }
    },
    {
      "id": "1014",
      "type": "Feature",
      "properties": {
        "tile_id": 1014,
        "average_temperature": 33.6441,
        "min_temperature": 33.6441,
        "max_temperature": 33.6441
      },
      "geometry": {
        "type": "Polygon",
        "coordinates": [
          [
            [
              -74.06125267324623,
              40.728860671688714
            ],
            [
              -74.06008401813955,
              40.72885116072127
            ],
            [
              -74.06007134928424,
              40.72975146687096
            ],
            [
              -74.06124002013725,
              40.729760978138685
            ],
            [
              -74.06125267324623,
              40.728860671688714
            ]
          ]
        ]
      }
    },
    {
      "id": "1015",
      "type": "Feature",
      "properties": {
        "tile_id": 1015,
        "average_temperature": 33.6437,
        "min_temperature": 33.6437,
        "max_temperature": 33.6437
      },
      "geometry": {
        "type": "Polygon",
        "coordinates": [
          [
            [
              -74.06008401813955,
              40.72885116072127
            ],
            [
              -74.05891536359128,
              40.728841637923765
            ],
            [
              -74.05890267898968,
              40.72974194377283
            ],
            [
              -74.06007134928424,
              40.72975146687096
            ],
            [
              -74.06008401813955,
              40.72885116072127
            ]
          ]
        ]
      }
    },
    {
      "id": "1016",
      "type": "Feature",
      "properties": {
        "tile_id": 1016,
        "average_temperature": 33.6461,
        "min_temperature": 33.6461,
        "max_temperature": 33.6461
      },
      "geometry": {
        "type": "Polygon",
        "coordinates": [
          [
            [
              -74.05891536359128,
              40.728841637923765
            ],
            [
              -74.05774670960214,
              40.72883210329625
            ],
            [
              -74.05773400925429,
              40.729732408844285
            ],
            [
              -74.05890267898968,
              40.72974194377283
            ],
            [
              -74.05891536359128,
              40.728841637923765
            ]
          ]
        ]
      }
    },
    {
      "id": "1017",
      "type": "Feature",
      "properties": {
        "tile_id": 1017,
        "average_temperature": 33.6506,
        "min_temperature": 33.6506,
        "max_temperature": 33.6506
      },
      "geometry": {
        "type": "Polygon",
        "coordinates": [
          [
            [
              -74.05774670960214,
              40.72883210329625
            ],
            [
              -74.05657805617284,
              40.728822556838715
            ],
            [
              -74.05656534007873,
              40.72972286208536
            ],
            [
              -74.05773400925429,
              40.729732408844285
            ],
            [
              -74.05774670960214,
              40.72883210329625
            ]
          ]
        ]
      }
    },
    {
      "id": "1018",
      "type": "Feature",
      "properties": {
        "tile_id": 1018,
        "average_temperature": 33.6564,
        "min_temperature": 33.6564,
        "max_temperature": 33.6564
      },
      "geometry": {
        "type": "Polygon",
        "coordinates": [
          [
            [
              -74.05657805617284,
              40.728822556838715
            ],
            [
              -74.05540940330403,
              40.72881299855118
            ],
            [
              -74.05539667146371,
              40.72971330349606
            ],
            [
              -74.05656534007873,
              40.72972286208536
            ],
            [
              -74.05657805617284,
              40.728822556838715
            ]
          ]
        ]
      }
    },
    {
      "id": "1019",
      "type": "Feature",
      "properties": {
        "tile_id": 1019,
        "average_temperature": 33.6625,
        "min_temperature": 33.6625,
        "max_temperature": 33.6625
      },
      "geometry": {
        "type": "Polygon",
        "coordinates": [
          [
            [
              -74.05540940330403,
              40.72881299855118
            ],
            [
              -74.05424075099644,
              40.728803428433665
            ],
            [
              -74.05422800340995,
              40.72970373307641
            ],
            [
              -74.05539667146371,
              40.72971330349606
            ],
            [
              -74.05540940330403,
              40.72881299855118
            ]
          ]
        ]
      }
    },
    {
      "id": "1020",
      "type": "Feature",
      "properties": {
        "tile_id": 1020,
        "average_temperature": 33.6682,
        "min_temperature": 33.6682,
        "max_temperature": 33.6682
      },
      "geometry": {
        "type": "Polygon",
        "coordinates": [
          [
            [
              -74.05424075099644,
              40.728803428433665
            ],
            [
              -74.05307209925073,
              40.728793846486184
            ],
            [
              -74.05305933591809,
              40.729694150826425
            ],
            [
              -74.05422800340995,
              40.72970373307641
            ],
            [
              -74.05424075099644,
              40.728803428433665
            ]
          ]
        ]
      }
    },
    {
      "id": "1021",
      "type": "Feature",
      "properties": {
        "tile_id": 1021,
        "average_temperature": 33.6727,
        "min_temperature": 33.6727,
        "max_temperature": 33.6727
      },
      "geometry": {
        "type": "Polygon",
        "coordinates": [
          [
            [
              -74.05307209925073,
              40.728793846486184
            ],
            [
              -74.05190344806763,
              40.72878425270876
            ],
            [
              -74.05189066898888,
              40.729684556746115
            ],
            [
              -74.05305933591809,
              40.729694150826425
            ],
            [
              -74.05307209925073,
              40.728793846486184
            ]
          ]
        ]
      }
    },
    {
      "id": "1022",
      "type": "Feature",
      "properties": {
        "tile_id": 1022,
        "average_temperature": 33.6758,
        "min_temperature": 33.6758,
        "max_temperature": 33.6758
      },
      "geometry": {
        "type": "Polygon",
        "coordinates": [
          [
            [
              -74.05190344806763,
              40.72878425270876
            ],
            [
              -74.0507347974478,
              40.72877464710142
            ],
            [
              -74.05072200262298,
              40.72967495083551
            ],
            [
              -74.05189066898888,
              40.729684556746115
            ],
            [
              -74.05190344806763,
              40.72878425270876
            ]
          ]
        ]
      }
    },
    {
      "id": "1023",
      "type": "Feature",
      "properties": {
        "tile_id": 1023,
        "average_temperature": 33.6777,
        "min_temperature": 33.6777,
        "max_temperature": 33.6777
      },
      "geometry": {
        "type": "Polygon",
        "coordinates": [
          [
            [
              -74.0507347974478,
              40.72877464710142
            ],
            [
              -74.04956614739199,
              40.728765029664146
            ],
            [
              -74.04955333682108,
              40.7296653330946
            ],
            [
              -74.05072200262298,
              40.72967495083551
            ],
            [
              -74.0507347974478,
              40.72877464710142
            ]
          ]
        ]
      }
    }
  ]
}