{
"type": "FeatureCollection",
"name": "Public_Assets",
"crs": { "type": "name", "properties": { "name": "urn:ogc:def:crs:OGC:1.3:CRS84" } },
"features": [
{"type":"Feature","properties":{"fid":1,"id":"node/2318033727","@id":"node/2318033727","bench":null,"bin":null,"bus":"yes","construction":null,"covered":null,"description":null,"fixme":null,"gtfs:stop_id":null,"gtfs_stop_code":null,"highway":"bus_stop","level":null,"lit":null,"local_ref":null,"name":"Communipaw Ave At Grand St","network":"NJ Transit","network:short":"NJT","network:wikidata":"Q498553","network:wikipedia":null,"note":null,"operator":null,"passenger_information_display":null,"public_transport":"platform","ref":"30492","route_ref":null,"shelter":"no","tactile_paving":null,"wheelchair":null,"asset_type":"Bus Stop","addr:city":null,"addr:housenumber":null,"addr:postcode":null,"addr:state":null,"addr:street":null,"addr:street:corner":null,"alt_name":null,"boundary":null,"ele":null,"gnis:feature_id":null,"leisure":null,"name:es":null,"opening_hours":null,"protect_class":null,"protection_title":null,"source":null,"type":null,"website":null,"wikidata":null,"wikipedia":null,"access":null,"barrier":null,"playground":null,"playground:theme":null,"survey:date":null,"place":null,"start_date":null,"surface":null,"amenity":null,"area":null,"denomination":null,"fax":null,"fence_type":null,"grades":null,"mascot":null,"name:en":null,"name:etymology:wikidata":null,"phone":null,"religion":null,"layer":"Bus Stops_points","path":"C:/Users/PMLS/Downloads/Hackathon work/Bus Stops_points.gpkg"},"geometry":{"type":"Point","coordinates":[-74.0680053,40.7153141]}},
{"type":"Feature","properties":{"fid":2,"id":"node/2318033728","@id":"node/2318033728","bench":null,"bin":null,"bus":"yes","construction":null,"covered":null,"description":null,"fixme":null,"gtfs:stop_id":null,"gtfs_stop_code":null,"highway":"bus_stop","level":null,"lit":null,"local_ref":null,"name":"Communipaw Ave At Mallory Ave","network":"NJ Transit","network:short":"NJT","network:wikidata":"Q498553","network:wikipedia":null,"note":null,"operator":null,"passenger_information_display":null,"public_transport":"platform","ref":"20663","route_ref":"1","shelter":"no","tactile_paving":null,"wheelchair":null,"asset_type":"Bus Stop","addr:city":null,"addr:housenumber":null,"addr:postcode":null,"addr:state":null,"addr:street":null,"addr:street:corner":null,"alt_name":null,"boundary":null,"ele":null,"gnis:feature_id":null,"leisure":null,"name:es":null,"opening_hours":null,"protect_class":null,"protection_title":null,"source":null,"type":null,"website":null,"wikidata":null,"wikipedia":null,"access":null,"barrier":null,"playground":null,"playground:theme":null,"survey:date":null,"place":null,"start_date":null,"surface":null,"amenity":null,"area":null,"denomination":null,"fax":null,"fence_type":null,"grades":null,"mascot":null,"name:en":null,"name:etymology:wikidata":null,"phone":null,"religion":null,"layer":"Bus Stops_points","path":"C:/Users/PMLS/Downloads/Hackathon work/Bus Stops_points.gpkg"},"geometry":{"type":"Point","coordinates":[-74.0852327,40.7225301]}},
{"type":"Feature","properties":{"fid":3,"id":"node/2318033734","@id":"node/2318033734","bench":null,"bin":null,"bus":"yes","construction":null,"covered":null,"description":null,"fixme":null,"gtfs:stop_id":null,"gtfs_stop_code":null,"highway":"bus_stop","level":null,"lit":null,"local_ref":null,"name":"Grand Street at Garfield Avenue","network":"NJ Transit","network:short":null,"network:wikidata":null,"network:wikipedia":null,"note":null,"operator":"NJ Transit Bus Operations","passenger_information_display":null,"public_transport":"platform","ref":"31689","route_ref":"1","shelter":null,"tactile_paving":null,"wheelchair":null,"asset_type":"Bus Stop","addr:city":null,"addr:housenumber":null,"addr:postcode":null,"addr:state":null,"addr:street":null,"addr:street:corner":null,"alt_name":null,"boundary":null,"ele":null,"gnis:feature_id":null,"leisure":null,"name:es":null,"opening_hours":null,"protect_class":null,"protection_title":null,"source":null,"type":null,"website":null,"wikidata":null,"wikipedia":null,"access":null,"barrier":null,"playground":null,"playground:theme":null,"survey:date":null,"place":null,"start_date":null,"surface":null,"amenity":null,"area":null,"denomination":null,"fax":null,"fence_type":null,"grades":null,"mascot":null,"name:en":null,"name:etymology:wikidata":null,"phone":null,"religion":null,"layer":"Bus Stops_points","path":"C:/Users/PMLS/Downloads/Hackathon work/Bus Stops_points.gpkg"},"geometry":{"type":"Point","coordinates":[-74.0664644,40.7158623]}},
{"type":"Feature","properties":{"fid":4,"id":"node/3878983007","@id":"node/3878983007","bench":"no","bin":null,"bus":"yes","construction":null,"covered":null,"description":null,"fixme":null,"gtfs:stop_id":null,"gtfs_stop_code":null,"highway":"bus_stop","level":null,"lit":"yes","local_ref":null,"name":"Jfk Blvd At 63Rd St","network":"NJ Transit","network:short":"NJT","network:wikidata":"Q498553","network:wikipedia":null,"note":null,"operator":null,"passenger_information_display":"no","public_transport":"platform","ref":"20406","route_ref":null,"shelter":"yes","tactile_paving":null,"wheelchair":null,"asset_type":"Bus Stop","addr:city":null,"addr:housenumber":null,"addr:postcode":null,"addr:state":null,"addr:street":null,"addr:street:corner":null,"alt_name":null,"boundary":null,"ele":null,"gnis:feature_id":null,"leisure":null,"name:es":null,"opening_hours":null,"protect_class":null,"protection_title":null,"source":null,"type":null,"website":null,"wikidata":null,"wikipedia":null,"access":null,"barrier":null,"playground":null,"playground:theme":null,"survey:date":null,"place":null,"start_date":null,"surface":null,"amenity":null,"area":null,"denomination":null,"fax":null,"fence_type":null,"grades":null,"mascot":null,"name:en":null,"name:etymology:wikidata":null,"phone":null,"religion":null,"layer":"Bus Stops_points","path":"C:/Users/PMLS/Downloads/Hackathon work/Bus Stops_points.gpkg"},"geometry":{"type":"Point","coordinates":[-74.1027836,40.6925609]}},
{"type":"Feature","properties":{"fid":5,"id":"node/3878983008","@id":"node/3878983008","bench":null,"bin":null,"bus":"yes","construction":null,"covered":null,"description":null,"fixme":null,"gtfs:stop_id":null,"gtfs_stop_code":null,"highway":"bus_stop","level":null,"lit":null,"local_ref":null,"name":"Jfk Blvd At 63Rd St","network":"NJ Transit","network:short":"NJT","network:wikidata":"Q498553","network:wikipedia":null,"note":null,"operator":null,"passenger_information_display":"no","public_transport":"platform","ref":"20407","route_ref":null,"shelter":"yes","tactile_paving":null,"wheelchair":null,"asset_type":"Bus Stop","addr:city":null,"addr:housenumber":null,"addr:postcode":null,"addr:state":null,"addr:street":null,"addr:street:corner":null,"alt_name":null,"boundary":null,"ele":null,"gnis:feature_id":null,"leisure":null,"name:es":null,"opening_hours":null,"protect_class":null,"protection_title":null,"source":null,"type":null,"website":null,"wikidata":null,"wikipedia":null,"access":null,"barrier":null,"playground":null,"playground:theme":null,"survey:date":null,"place":null,"start_date":null,"surface":null,"amenity":null,"area":null,"denomination":null,"fax":null,"fence_type":null,"grades":null,"mascot":null,"name:en":null,"name:etymology:wikidata":null,"phone":null,"religion":null,"layer":"Bus Stops_points","path":"C:/Users/PMLS/Downloads/Hackathon work/Bus Stops_points.gpkg"},"geometry":{"type":"Point","coordinates":[-74.1030049,40.6927813]}},
{"type":"Feature","properties":{"fid":6,"id":"node/3878983009","@id":"node/3878983009","bench":"yes","bin":null,"bus":"yes","construction":null,"covered":null,"description":null,"fixme":null,"gtfs:stop_id":null,"gtfs_stop_code":null,"highway":"bus_stop","level":null,"lit":"yes","local_ref":null,"name":"Jfk Blvd At Communipaw Ave","network":"NJ Transit","network:short":"NJT","network:wikidata":"Q498553","network:wikipedia":null,"note":null,"operator":"-","passenger_information_display":null,"public_transport":"platform","ref":"20861","route_ref":null,"shelter":"yes","tactile_paving":null,"wheelchair":null,"asset_type":"Bus Stop","addr:city":null,"addr:housenumber":null,"addr:postcode":null,"addr:state":null,"addr:street":null,"addr:street:corner":null,"alt_name":null,"boundary":null,"ele":null,"gnis:feature_id":null,"leisure":null,"name:es":null,"opening_hours":null,"protect_class":null,"protection_title":null,"source":null,"type":null,"website":null,"wikidata":null,"wikipedia":null,"access":null,"barrier":null,"playground":null,"playground:theme":null,"survey:date":null,"place":null,"start_date":null,"surface":null,"amenity":null,"area":null,"denomination":null,"fax":null,"fence_type":null,"grades":null,"mascot":null,"name:en":null,"name:etymology:wikidata":null,"phone":null,"religion":null,"layer":"Bus Stops_points","path":"C:/Users/PMLS/Downloads/Hackathon work/Bus Stops_points.gpkg"},"geometry":{"type":"Point","coordinates":[-74.0782186,40.7192537]}},
{"type":"Feature","properties":{"fid":7,"id":"node/3878983010","@id":"node/3878983010","bench":null,"bin":null,"bus":"yes","construction":null,"covered":null,"description":null,"fixme":null,"gtfs:stop_id":null,"gtfs_stop_code":null,"highway":"bus_stop","level":null,"lit":null,"local_ref":null,"name":"Jfk Blvd At Communipaw Ave","network":"NJ Transit","network:short":"NJT","network:wikidata":"Q498553","network:wikipedia":null,"note":null,"operator":null,"passenger_information_display":null,"public_transport":"platform","ref":"20809","route_ref":null,"shelter":"no","tactile_paving":null,"wheelchair":null,"asset_type":"Bus Stop","addr:city":null,"addr:housenumber":null,"addr:postcode":null,"addr:state":null,"addr:street":null,"addr:street:corner":null,"alt_name":null,"boundary":null,"ele":null,"gnis:feature_id":null,"leisure":null,"name:es":null,"opening_hours":null,"protect_class":null,"protection_title":null,"source":null,"type":null,"website":null,"wikidata":null,"wikipedia":null,"access":null,"barrier":null,"playground":null,"playground:theme":null,"survey:date":null,"place":null,"start_date":null,"surface":null,"amenity":null,"area":null,"denomination":null,"fax":null,"fence_type":null,"grades":null,"mascot":null,"name:en":null,"name:etymology:wikidata":null,"phone":null,"religion":null,"layer":"Bus Stops_points","path":"C:/Users/PMLS/Downloads/Hackathon work/Bus Stops_points.gpkg"},"geometry":{"type":"Point","coordinates":[-74.0775364,40.7195909]}},
{"type":"Feature","properties":{"fid":8,"id":"node/3878983011","@id":"node/3878983011","bench":null,"bin":null,"bus":"yes","construction":null,"covered":null,"description":null,"fixme":null,"gtfs:stop_id":null,"gtfs_stop_code":null,"highway":"bus_stop","level":null,"lit":null,"local_ref":null,"name":"Jfk Blvd At Mcadoo Ave","network":"NJ Transit","network:short":"NJT","network:wikidata":"Q498553","network:wikipedia":null,"note":null,"operator":null,"passenger_information_display":null,"public_transport":"platform","ref":"20795","route_ref":null,"shelter":"no","tactile_paving":null,"wheelchair":null,"asset_type":"Bus Stop","addr:city":null,"addr:housenumber":null,"addr:postcode":null,"addr:state":null,"addr:street":null,"addr:street:corner":null,"alt_name":null,"boundary":null,"ele":null,"gnis:feature_id":null,"leisure":null,"name:es":null,"opening_hours":null,"protect_class":null,"protection_title":null,"source":null,"type":null,"website":null,"wikidata":null,"wikipedia":null,"access":null,"barrier":null,"playground":null,"playground:theme":null,"survey:date":null,"place":null,"start_date":null,"surface":null,"amenity":null,"area":null,"denomination":null,"fax":null,"fence_type":null,"grades":null,"mascot":null,"name:en":null,"name:etymology:wikidata":null,"phone":null,"religion":null,"layer":"Bus Stops_points","path":"C:/Users/PMLS/Downloads/Hackathon work/Bus Stops_points.gpkg"},"geometry":{"type":"Point","coordinates":[-74.0925089,40.7016347]}},
{"type":"Feature","properties":{"fid":9,"id":"node/3878983012","@id":"node/3878983012","bench":null,"bin":null,"bus":"yes","construction":null,"covered":null,"description":null,"fixme":null,"gtfs:stop_id":null,"gtfs_stop_code":null,"highway":"bus_stop","level":null,"lit":null,"local_ref":null,"name":"Jfk Blvd At Mcadoo Ave","network":"NJ Transit","network:short":"NJT","network:wikidata":"Q498553","network:wikipedia":null,"note":null,"operator":null,"passenger_information_display":null,"public_transport":"platform","ref":"20876","route_ref":null,"shelter":"yes","tactile_paving":null,"wheelchair":null,"asset_type":"Bus Stop","addr:city":null,"addr:housenumber":null,"addr:postcode":null,"addr:state":null,"addr:street":null,"addr:street:corner":null,"alt_name":null,"boundary":null,"ele":null,"gnis:feature_id":null,"leisure":null,"name:es":null,"opening_hours":null,"protect_class":null,"protection_title":null,"source":null,"type":null,"website":null,"wikidata":null,"wikipedia":null,"access":null,"barrier":null,"playground":null,"playground:theme":null,"survey:date":null,"place":null,"start_date":null,"surface":null,"amenity":null,"area":null,"denomination":null,"fax":null,"fence_type":null,"grades":null,"mascot":null,"name:en":null,"name:etymology:wikidata":null,"phone":null,"religion":null,"layer":"Bus Stops_points","path":"C:/Users/PMLS/Downloads/Hackathon work/Bus Stops_points.gpkg"},"geometry":{"type":"Point","coordinates":[-74.0927553,40.701748]}},
{"type":"Feature","properties":{"fid":10,"id":"node/3878983013","@id":"node/3878983013","bench":null,"bin":null,"bus":"yes","construction":null,"covered":null,"description":null,"fixme":null,"gtfs:stop_id":null,"gtfs_stop_code":null,"highway":"bus_stop","level":null,"lit":null,"local_ref":null,"name":"Sip Ave At Tonnelle Ave","network":"NJ Transit","network:short":"NJT","network:wikidata":"Q498553","network:wikipedia":null,"note":null,"operator":null,"passenger_information_display":null,"public_transport":"platform","ref":"21093","route_ref":null,"shelter":"no","tactile_paving":null,"wheelchair":null,"asset_type":"Bus Stop","addr:city":null,"addr:housenumber":null,"addr:postcode":null,"addr:state":null,"addr:street":null,"addr:street:corner":null,"alt_name":null,"boundary":null,"ele":null,"gnis:feature_id":null,"leisure":null,"name:es":null,"opening_hours":null,"protect_class":null,"protection_title":null,"source":null,"type":null,"website":null,"wikidata":null,"wikipedia":null,"access":null,"barrier":null,"playground":null,"playground:theme":null,"survey:date":null,"place":null,"start_date":null,"surface":null,"amenity":null,"area":null,"denomination":null,"fax":null,"fence_type":null,"grades":null,"mascot":null,"name:en":null,"name:etymology:wikidata":null,"phone":null,"religion":null,"layer":"Bus Stops_points","path":"C:/Users/PMLS/Downloads/Hackathon work/Bus Stops_points.gpkg"},"geometry":{"type":"Point","coordinates":[-74.0670184,40.7312706]}},
{"type":"Feature","properties":{"fid":11,"id":"node/6164997989","@id":"node/6164997989","bench":null,"bin":null,"bus":"yes","construction":null,"covered":null,"description":null,"fixme":null,"gtfs:stop_id":null,"gtfs_stop_code":null,"highway":"bus_stop","level":null,"lit":null,"local_ref":null,"name":"Jfk Blvd At 57Th St","network":"NJ Transit","network:short":"NJT","network:wikidata":"Q498553","network:wikipedia":null,"note":null,"operator":null,"passenger_information_display":"no","public_transport":"platform","ref":"20404","route_ref":null,"shelter":null,"tactile_paving":null,"wheelchair":null,"asset_type":"Bus Stop","addr:city":null,"addr:housenumber":null,"addr:postcode":null,"addr:state":null,"addr:street":null,"addr:street:corner":null,"alt_name":null,"boundary":null,"ele":null,"gnis:feature_id":null,"leisure":null,"name:es":null,"opening_hours":null,"protect_class":null,"protection_title":null,"source":null,"type":null,"website":null,"wikidata":null,"wikipedia":null,"access":null,"barrier":null,"playground":null,"playground:theme":null,"survey:date":null,"place":null,"start_date":null,"surface":null,"amenity":null,"area":null,"denomination":null,"fax":null,"fence_type":null,"grades":null,"mascot":null,"name:en":null,"name:etymology:wikidata":null,"phone":null,"religion":null,"layer":"Bus Stops_points","path":"C:/Users/PMLS/Downloads/Hackathon work/Bus Stops_points.gpkg"},"geometry":{"type":"Point","coordinates":[-74.1050891,40.6899461]}},
{"type":"Feature","properties":{"fid":12,"id":"node/6164997990","@id":"node/6164997990","bench":"yes","bin":null,"bus":"yes","construction":null,"covered":null,"description":null,"fixme":null,"gtfs:stop_id":null,"gtfs_stop_code":null,"highway":"bus_stop","level":null,"lit":"yes","local_ref":null,"name":"Jfk Blvd At 57Th St","network":"NJ Transit","network:short":"NJT","network:wikidata":"Q498553","network:wikipedia":null,"note":null,"operator":"NJ Transit Bus Operations","passenger_information_display":"no","public_transport":"platform","ref":"20409","route_ref":null,"shelter":"yes","tactile_paving":null,"wheelchair":null,"asset_type":"Bus Stop","addr:city":null,"addr:housenumber":null,"addr:postcode":null,"addr:state":null,"addr:street":null,"addr:street:corner":null,"alt_name":null,"boundary":null,"ele":null,"gnis:feature_id":null,"leisure":null,"name:es":null,"opening_hours":null,"protect_class":null,"protection_title":null,"source":null,"type":null,"website":null,"wikidata":null,"wikipedia":null,"access":null,"barrier":null,"playground":null,"playground:theme":null,"survey:date":null,"place":null,"start_date":null,"surface":null,"amenity":null,"area":null,"denomination":null,"fax":null,"fence_type":null,"grades":null,"mascot":null,"name:en":null,"name:etymology:wikidata":null,"phone":null,"religion":null,"layer":"Bus Stops_points","path":"C:/Users/PMLS/Downloads/Hackathon work/Bus Stops_points.gpkg"},"geometry":{"type":"Point","coordinates":[-74.1055034,40.689839]}},
{"type":"Feature","properties":{"fid":13,"id":"node/6164997991","@id":"node/6164997991","bench":null,"bin":null,"bus":"yes","construction":null,"covered":null,"description":null,"fixme":null,"gtfs:stop_id":null,"gtfs_stop_code":null,"highway":"bus_stop","level":null,"lit":null,"local_ref":null,"name":"Jfk Blvd At 58Th St","network":"NJ Transit","network:short":"NJT","network:wikidata":"Q498553","network:wikipedia":null,"note":null,"operator":null,"passenger_information_display":"no","public_transport":"platform","ref":"20405","route_ref":null,"shelter":null,"tactile_paving":null,"wheelchair":null,"asset_type":"Bus Stop","addr:city":null,"addr:housenumber":null,"addr:postcode":null,"addr:state":null,"addr:street":null,"addr:street:corner":null,"alt_name":null,"boundary":null,"ele":null,"gnis:feature_id":null,"leisure":null,"name:es":null,"opening_hours":null,"protect_class":null,"protection_title":null,"source":null,"type":null,"website":null,"wikidata":null,"wikipedia":null,"access":null,"barrier":null,"playground":null,"playground:theme":null,"survey:date":null,"place":null,"start_date":null,"surface":null,"amenity":null,"area":null,"denomination":null,"fax":null,"fence_type":null,"grades":null,"mascot":null,"name:en":null,"name:etymology:wikidata":null,"phone":null,"religion":null,"layer":"Bus Stops_points","path":"C:/Users/PMLS/Downloads/Hackathon work/Bus Stops_points.gpkg"},"geometry":{"type":"Point","coordinates":[-74.1045721,40.6905428]}},
{"type":"Feature","properties":{"fid":14,"id":"node/6166655727","@id":"node/6166655727","bench":null,"bin":null,"bus":"yes","construction":null,"covered":null,"description":null,"fixme":"location might have changed","gtfs:stop_id":null,"gtfs_stop_code":null,"highway":"bus_stop","level":null,"lit":null,"local_ref":null,"name":"Hudson County Correctional Facility","network":"NJ Transit","network:short":"NJT","network:wikidata":"Q498553","network:wikipedia":null,"note":null,"operator":"NJ Transit Bus Operations","passenger_information_display":null,"public_transport":"platform","ref":"21240","route_ref":null,"shelter":"yes","tactile_paving":null,"wheelchair":null,"asset_type":"Bus Stop","addr:city":null,"addr:housenumber":null,"addr:postcode":null,"addr:state":null,"addr:street":null,"addr:street:corner":null,"alt_name":null,"boundary":null,"ele":null,"gnis:feature_id":null,"leisure":null,"name:es":null,"opening_hours":null,"protect_class":null,"protection_title":null,"source":null,"type":null,"website":null,"wikidata":null,"wikipedia":null,"access":null,"barrier":null,"playground":null,"playground:theme":null,"survey:date":null,"place":null,"start_date":null,"surface":null,"amenity":null,"area":null,"denomination":null,"fax":null,"fence_type":null,"grades":null,"mascot":null,"name:en":null,"name:etymology:wikidata":null,"phone":null,"religion":null,"layer":"Bus Stops_points","path":"C:/Users/PMLS/Downloads/Hackathon work/Bus Stops_points.gpkg"},"geometry":{"type":"Point","coordinates":[-74.1054495,40.7265328]}},
{"type":"Feature","properties":{"fid":15,"id":"node/6166655728","@id":"node/6166655728","bench":null,"bin":null,"bus":"yes","construction":null,"covered":null,"description":null,"fixme":null,"gtfs:stop_id":null,"gtfs_stop_code":null,"highway":"bus_stop","level":null,"lit":null,"local_ref":null,"name":"Liberty State Park Station","network":"NJ Transit","network:short":"NJT","network:wikidata":"Q498553","network:wikipedia":"en:NJ Transit","note":null,"operator":"NJ Transit Bus Operations","passenger_information_display":null,"public_transport":"platform","ref":"20884","route_ref":null,"shelter":null,"tactile_paving":null,"wheelchair":null,"asset_type":"Bus Stop","addr:city":null,"addr:housenumber":null,"addr:postcode":null,"addr:state":null,"addr:street":null,"addr:street:corner":null,"alt_name":null,"boundary":null,"ele":null,"gnis:feature_id":null,"leisure":null,"name:es":null,"opening_hours":null,"protect_class":null,"protection_title":null,"source":null,"type":null,"website":null,"wikidata":null,"wikipedia":null,"access":null,"barrier":null,"playground":null,"playground:theme":null,"survey:date":null,"place":null,"start_date":null,"surface":null,"amenity":null,"area":null,"denomination":null,"fax":null,"fence_type":null,"grades":null,"mascot":null,"name:en":null,"name:etymology:wikidata":null,"phone":null,"religion":null,"layer":"Bus Stops_points","path":"C:/Users/PMLS/Downloads/Hackathon work/Bus Stops_points.gpkg"},"geometry":{"type":"Point","coordinates":[-74.056364,40.7102011]}},
{"type":"Feature","properties":{"fid":16,"id":"node/6169672308","@id":"node/6169672308","bench":null,"bin":null,"bus":"yes","construction":null,"covered":null,"description":null,"fixme":null,"gtfs:stop_id":null,"gtfs_stop_code":null,"highway":"bus_stop","level":null,"lit":null,"local_ref":null,"name":"Old Bergen Road at Meritt","network":"NJ Transit","network:short":"NJT","network:wikidata":"Q498553","network:wikipedia":"en:NJ Transit","note":null,"operator":"NJ Transit Bus Operations","passenger_information_display":null,"public_transport":"platform","ref":"21049","route_ref":null,"shelter":null,"tactile_paving":null,"wheelchair":null,"asset_type":"Bus Stop","addr:city":null,"addr:housenumber":null,"addr:postcode":null,"addr:state":null,"addr:street":null,"addr:street:corner":null,"alt_name":null,"boundary":null,"ele":null,"gnis:feature_id":null,"leisure":null,"name:es":null,"opening_hours":null,"protect_class":null,"protection_title":null,"source":null,"type":null,"website":null,"wikidata":null,"wikipedia":null,"access":null,"barrier":null,"playground":null,"playground:theme":null,"survey:date":null,"place":null,"start_date":null,"surface":null,"amenity":null,"area":null,"denomination":null,"fax":null,"fence_type":null,"grades":null,"mascot":null,"name:en":null,"name:etymology:wikidata":null,"phone":null,"religion":null,"layer":"Bus Stops_points","path":"C:/Users/PMLS/Downloads/Hackathon work/Bus Stops_points.gpkg"},"geometry":{"type":"Point","coordinates":[-74.0983983,40.6898734]}},
{"type":"Feature","properties":{"fid":17,"id":"node/6169672309","@id":"node/6169672309","bench":null,"bin":null,"bus":"yes","construction":null,"covered":null,"description":null,"fixme":null,"gtfs:stop_id":null,"gtfs_stop_code":null,"highway":"bus_stop","level":null,"lit":null,"local_ref":null,"name":"Ocean Ave At Gates Ave","network":"NJ Transit","network:short":"NJT","network:wikidata":"Q498553","network:wikipedia":"en:NJ Transit","note":null,"operator":"NJ Transit","passenger_information_display":null,"public_transport":"platform","ref":"21025","route_ref":null,"shelter":null,"tactile_paving":null,"wheelchair":null,"asset_type":"Bus Stop","addr:city":null,"addr:housenumber":null,"addr:postcode":null,"addr:state":null,"addr:street":null,"addr:street:corner":null,"alt_name":null,"boundary":null,"ele":null,"gnis:feature_id":null,"leisure":null,"name:es":null,"opening_hours":null,"protect_class":null,"protection_title":null,"source":null,"type":null,"website":null,"wikidata":null,"wikipedia":null,"access":null,"barrier":null,"playground":null,"playground:theme":null,"survey:date":null,"place":null,"start_date":null,"surface":null,"amenity":null,"area":null,"denomination":null,"fax":null,"fence_type":null,"grades":null,"mascot":null,"name:en":null,"name:etymology:wikidata":null,"phone":null,"religion":null,"layer":"Bus Stops_points","path":"C:/Users/PMLS/Downloads/Hackathon work/Bus Stops_points.gpkg"},"geometry":{"type":"Point","coordinates":[-74.096339,40.6910926]}},
{"type":"Feature","properties":{"fid":18,"id":"node/6169672310","@id":"node/6169672310","bench":null,"bin":null,"bus":"yes","construction":null,"covered":null,"description":null,"fixme":null,"gtfs:stop_id":null,"gtfs_stop_code":null,"highway":"bus_stop","level":null,"lit":null,"local_ref":null,"name":"Ocean Ave At Seaview Ave","network":"NJ Transit","network:short":"NJT","network:wikidata":"Q498553","network:wikipedia":"en:NJ Transit","note":null,"operator":"NJ Transit","passenger_information_display":null,"public_transport":"platform","ref":"20977","route_ref":null,"shelter":null,"tactile_paving":null,"wheelchair":null,"asset_type":"Bus Stop","addr:city":null,"addr:housenumber":null,"addr:postcode":null,"addr:state":null,"addr:street":null,"addr:street:corner":null,"alt_name":null,"boundary":null,"ele":null,"gnis:feature_id":null,"leisure":null,"name:es":null,"opening_hours":null,"protect_class":null,"protection_title":null,"source":null,"type":null,"website":null,"wikidata":null,"wikipedia":null,"access":null,"barrier":null,"playground":null,"playground:theme":null,"survey:date":null,"place":null,"start_date":null,"surface":null,"amenity":null,"area":null,"denomination":null,"fax":null,"fence_type":null,"grades":null,"mascot":null,"name:en":null,"name:etymology:wikidata":null,"phone":null,"religion":null,"layer":"Bus Stops_points","path":"C:/Users/PMLS/Downloads/Hackathon work/Bus Stops_points.gpkg"},"geometry":{"type":"Point","coordinates":[-74.0956022,40.6914646]}},
{"type":"Feature","properties":{"fid":19,"id":"node/6169672311","@id":"node/6169672311","bench":null,"bin":null,"bus":"yes","construction":null,"covered":null,"description":null,"fixme":null,"gtfs:stop_id":null,"gtfs_stop_code":null,"highway":"bus_stop","level":null,"lit":null,"local_ref":null,"name":"Ocean Ave At Neptune Ave","network":"NJ Transit","network:short":"NJT","network:wikidata":"Q498553","network:wikipedia":"en:NJ Transit","note":null,"operator":"NJ Transit","passenger_information_display":null,"public_transport":"platform","ref":"21024","route_ref":null,"shelter":null,"tactile_paving":null,"wheelchair":null,"asset_type":"Bus Stop","addr:city":null,"addr:housenumber":null,"addr:postcode":null,"addr:state":null,"addr:street":null,"addr:street:corner":null,"alt_name":null,"boundary":null,"ele":null,"gnis:feature_id":null,"leisure":null,"name:es":null,"opening_hours":null,"protect_class":null,"protection_title":null,"source":null,"type":null,"website":null,"wikidata":null,"wikipedia":null,"access":null,"barrier":null,"playground":null,"playground:theme":null,"survey:date":null,"place":null,"start_date":null,"surface":null,"amenity":null,"area":null,"denomination":null,"fax":null,"fence_type":null,"grades":null,"mascot":null,"name:en":null,"name:etymology:wikidata":null,"phone":null,"religion":null,"layer":"Bus Stops_points","path":"C:/Users/PMLS/Downloads/Hackathon work/Bus Stops_points.gpkg"},"geometry":{"type":"Point","coordinates":[-74.0952889,40.6919189]}},
{"type":"Feature","properties":{"fid":20,"id":"node/6169672312","@id":"node/6169672312","bench":null,"bin":null,"bus":"yes","construction":null,"covered":null,"description":null,"fixme":null,"gtfs:stop_id":null,"gtfs_stop_code":null,"highway":"bus_stop","level":null,"lit":null,"local_ref":null,"name":"Ocean Ave At Winfield Ave","network":"NJ Transit","network:short":"NJT","network:wikidata":"Q498553","network:wikipedia":"en:NJ Transit","note":null,"operator":"NJ Transit","passenger_information_display":null,"public_transport":"platform","ref":"21023","route_ref":null,"shelter":null,"tactile_paving":null,"wheelchair":null,"asset_type":"Bus Stop","addr:city":null,"addr:housenumber":null,"addr:postcode":null,"addr:state":null,"addr:street":null,"addr:street:corner":null,"alt_name":null,"boundary":null,"ele":null,"gnis:feature_id":null,"leisure":null,"name:es":null,"opening_hours":null,"protect_class":null,"protection_title":null,"source":null,"type":null,"website":null,"wikidata":null,"wikipedia":null,"access":null,"barrier":null,"playground":null,"playground:theme":null,"survey:date":null,"place":null,"start_date":null,"surface":null,"amenity":null,"area":null,"denomination":null,"fax":null,"fence_type":null,"grades":null,"mascot":null,"name:en":null,"name:etymology:wikidata":null,"phone":null,"religion":null,"layer":"Bus Stops_points","path":"C:/Users/PMLS/Downloads/Hackathon work/Bus Stops_points.gpkg"},"geometry":{"type":"Point","coordinates":[-74.0941729,40.6928352]}},
{"type":"Feature","properties":{"fid":21,"id":"node/6169672313","@id":"node/6169672313","bench":null,"bin":null,"bus":"yes","construction":null,"covered":null,"description":null,"fixme":null,"gtfs:stop_id":null,"gtfs_stop_code":null,"highway":"bus_stop","level":null,"lit":null,"local_ref":null,"name":"Ocean Ave At Winfield Ave","network":"NJ Transit","network:short":"NJT","network:wikidata":"Q498553","network:wikipedia":"en:NJ Transit","note":null,"operator":"NJ Transit","passenger_information_display":null,"public_transport":"platform","ref":"20979","route_ref":null,"shelter":null,"tactile_paving":null,"wheelchair":null,"asset_type":"Bus Stop","addr:city":null,"addr:housenumber":null,"addr:postcode":null,"addr:state":null,"addr:street":null,"addr:street:corner":null,"alt_name":null,"boundary":null,"ele":null,"gnis:feature_id":null,"leisure":null,"name:es":null,"opening_hours":null,"protect_class":null,"protection_title":null,"source":null,"type":null,"website":null,"wikidata":null,"wikipedia":null,"access":null,"barrier":null,"playground":null,"playground:theme":null,"survey:date":null,"place":null,"start_date":null,"surface":null,"amenity":null,"area":null,"denomination":null,"fax":null,"fence_type":null,"grades":null,"mascot":null,"name:en":null,"name:etymology:wikidata":null,"phone":null,"religion":null,"layer":"Bus Stops_points","path":"C:/Users/PMLS/Downloads/Hackathon work/Bus Stops_points.gpkg"},"geometry":{"type":"Point","coordinates":[-74.093612,40.6931059]}},
{"type":"Feature","properties":{"fid":22,"id":"node/6169672314","@id":"node/6169672314","bench":null,"bin":null,"bus":"yes","construction":null,"covered":null,"description":null,"fixme":null,"gtfs:stop_id":null,"gtfs_stop_code":null,"highway":"bus_stop","level":null,"lit":null,"local_ref":null,"name":"Ocean Ave At Pearsall Ave","network":"NJ Transit","network:short":"NJT","network:wikidata":"Q498553","network:wikipedia":"en:NJ Transit","note":null,"operator":"NJ Transit","passenger_information_display":null,"public_transport":"platform","ref":"21021","route_ref":null,"shelter":null,"tactile_paving":null,"wheelchair":null,"asset_type":"Bus Stop","addr:city":null,"addr:housenumber":null,"addr:postcode":null,"addr:state":null,"addr:street":null,"addr:street:corner":null,"alt_name":null,"boundary":null,"ele":null,"gnis:feature_id":null,"leisure":null,"name:es":null,"opening_hours":null,"protect_class":null,"protection_title":null,"source":null,"type":null,"website":null,"wikidata":null,"wikipedia":null,"access":null,"barrier":null,"playground":null,"playground:theme":null,"survey:date":null,"place":null,"start_date":null,"surface":null,"amenity":null,"area":null,"denomination":null,"fax":null,"fence_type":null,"grades":null,"mascot":null,"name:en":null,"name:etymology:wikidata":null,"phone":null,"religion":null,"layer":"Bus Stops_points","path":"C:/Users/PMLS/Downloads/Hackathon work/Bus Stops_points.gpkg"},"geometry":{"type":"Point","coordinates":[-74.0933194,40.6935657]}},
{"type":"Feature","properties":{"fid":23,"id":"node/6169672315","@id":"node/6169672315","bench":null,"bin":null,"bus":"yes","construction":null,"covered":null,"description":null,"fixme":null,"gtfs:stop_id":null,"gtfs_stop_code":null,"highway":"bus_stop","level":null,"lit":null,"local_ref":null,"name":"Ocean Ave At Lembeck Ave","network":"NJ Transit","network:short":"NJT","network:wikidata":"Q498553","network:wikipedia":"en:NJ Transit","note":null,"operator":"NJ Transit","passenger_information_display":null,"public_transport":"platform","ref":"20980","route_ref":null,"shelter":null,"tactile_paving":null,"wheelchair":null,"asset_type":"Bus Stop","addr:city":null,"addr:housenumber":null,"addr:postcode":null,"addr:state":null,"addr:street":null,"addr:street:corner":null,"alt_name":null,"boundary":null,"ele":null,"gnis:feature_id":null,"leisure":null,"name:es":null,"opening_hours":null,"protect_class":null,"protection_title":null,"source":null,"type":null,"website":null,"wikidata":null,"wikipedia":null,"access":null,"barrier":null,"playground":null,"playground:theme":null,"survey:date":null,"place":null,"start_date":null,"surface":null,"amenity":null,"area":null,"denomination":null,"fax":null,"fence_type":null,"grades":null,"mascot":null,"name:en":null,"name:etymology:wikidata":null,"phone":null,"religion":null,"layer":"Bus Stops_points","path":"C:/Users/PMLS/Downloads/Hackathon work/Bus Stops_points.gpkg"},"geometry":{"type":"Point","coordinates":[-74.0924532,40.6940697]}},
{"type":"Feature","properties":{"fid":24,"id":"node/6169672319","@id":"node/6169672319","bench":null,"bin":null,"bus":"yes","construction":null,"covered":null,"description":null,"fixme":null,"gtfs:stop_id":null,"gtfs_stop_code":null,"highway":"bus_stop","level":null,"lit":null,"local_ref":null,"name":"Ocean Ave At Lembeck Ave","network":"NJ Transit","network:short":"NJT","network:wikidata":"Q498553","network:wikipedia":"en:NJ Transit","note":null,"operator":"NJ Transit","passenger_information_display":null,"public_transport":"platform","ref":"21020","route_ref":null,"shelter":null,"tactile_paving":null,"wheelchair":null,"asset_type":"Bus Stop","addr:city":null,"addr:housenumber":null,"addr:postcode":null,"addr:state":null,"addr:street":null,"addr:street:corner":null,"alt_name":null,"boundary":null,"ele":null,"gnis:feature_id":null,"leisure":null,"name:es":null,"opening_hours":null,"protect_class":null,"protection_title":null,"source":null,"type":null,"website":null,"wikidata":null,"wikipedia":null,"access":null,"barrier":null,"playground":null,"playground:theme":null,"survey:date":null,"place":null,"start_date":null,"surface":null,"amenity":null,"area":null,"denomination":null,"fax":null,"fence_type":null,"grades":null,"mascot":null,"name:en":null,"name:etymology:wikidata":null,"phone":null,"religion":null,"layer":"Bus Stops_points","path":"C:/Users/PMLS/Downloads/Hackathon work/Bus Stops_points.gpkg"},"geometry":{"type":"Point","coordinates":[-74.0927075,40.6940642]}},
{"type":"Feature","properties":{"fid":25,"id":"node/6169672320","@id":"node/6169672320","bench":null,"bin":null,"bus":"yes","construction":null,"covered":null,"description":null,"fixme":null,"gtfs:stop_id":null,"gtfs_stop_code":null,"highway":"bus_stop","level":null,"lit":null,"local_ref":null,"name":"Ocean Ave At Linden Ave","network":"NJ Transit","network:short":"NJT","network:wikidata":"Q498553","network:wikipedia":"en:NJ Transit","note":null,"operator":"NJ Transit","passenger_information_display":null,"public_transport":"platform","ref":"21019","route_ref":null,"shelter":null,"tactile_paving":null,"wheelchair":null,"asset_type":"Bus Stop","addr:city":null,"addr:housenumber":null,"addr:postcode":null,"addr:state":null,"addr:street":null,"addr:street:corner":null,"alt_name":null,"boundary":null,"ele":null,"gnis:feature_id":null,"leisure":null,"name:es":null,"opening_hours":null,"protect_class":null,"protection_title":null,"source":null,"type":null,"website":null,"wikidata":null,"wikipedia":null,"access":null,"barrier":null,"playground":null,"playground:theme":null,"survey:date":null,"place":null,"start_date":null,"surface":null,"amenity":null,"area":null,"denomination":null,"fax":null,"fence_type":null,"grades":null,"mascot":null,"name:en":null,"name:etymology:wikidata":null,"phone":null,"religion":null,"layer":"Bus Stops_points","path":"C:/Users/PMLS/Downloads/Hackathon work/Bus Stops_points.gpkg"},"geometry":{"type":"Point","coordinates":[-74.0916288,40.6949575]}},
{"type":"Feature","properties":{"fid":26,"id":"node/6169672321","@id":"node/6169672321","bench":"no","bin":null,"bus":"yes","construction":null,"covered":null,"description":null,"fixme":null,"gtfs:stop_id":null,"gtfs_stop_code":null,"highway":"bus_stop","level":null,"lit":"yes","local_ref":null,"name":"Ocean Ave At Linden Ave","network":"NJ Transit","network:short":"NJT","network:wikidata":"Q498553","network:wikipedia":"en:NJ Transit","note":null,"operator":"NJ Transit","passenger_information_display":"no","public_transport":"platform","ref":"20981","route_ref":null,"shelter":"yes","tactile_paving":null,"wheelchair":null,"asset_type":"Bus Stop","addr:city":null,"addr:housenumber":null,"addr:postcode":null,"addr:state":null,"addr:street":null,"addr:street:corner":null,"alt_name":null,"boundary":null,"ele":null,"gnis:feature_id":null,"leisure":null,"name:es":null,"opening_hours":null,"protect_class":null,"protection_title":null,"source":null,"type":null,"website":null,"wikidata":null,"wikipedia":null,"access":null,"barrier":null,"playground":null,"playground:theme":null,"survey:date":null,"place":null,"start_date":null,"surface":null,"amenity":null,"area":null,"denomination":null,"fax":null,"fence_type":null,"grades":null,"mascot":null,"name:en":null,"name:etymology:wikidata":null,"phone":null,"religion":null,"layer":"Bus Stops_points","path":"C:/Users/PMLS/Downloads/Hackathon work/Bus Stops_points.gpkg"},"geometry":{"type":"Point","coordinates":[-74.0915131,40.6948527]}},
{"type":"Feature","properties":{"fid":27,"id":"node/6169672322","@id":"node/6169672322","bench":null,"bin":null,"bus":"yes","construction":null,"covered":null,"description":null,"fixme":null,"gtfs:stop_id":null,"gtfs_stop_code":null,"highway":"bus_stop","level":null,"lit":null,"local_ref":null,"name":"Ocean Ave At Danforth Ave","network":"NJ Transit","network:short":"NJT","network:wikidata":"Q498553","network:wikipedia":"en:NJ Transit","note":null,"operator":"NJ Transit","passenger_information_display":null,"public_transport":"platform","ref":"21018","route_ref":null,"shelter":null,"tactile_paving":null,"wheelchair":null,"asset_type":"Bus Stop","addr:city":null,"addr:housenumber":null,"addr:postcode":null,"addr:state":null,"addr:street":null,"addr:street:corner":null,"alt_name":null,"boundary":null,"ele":null,"gnis:feature_id":null,"leisure":null,"name:es":null,"opening_hours":null,"protect_class":null,"protection_title":null,"source":null,"type":null,"website":null,"wikidata":null,"wikipedia":null,"access":null,"barrier":null,"playground":null,"playground:theme":null,"survey:date":null,"place":null,"start_date":null,"surface":null,"amenity":null,"area":null,"denomination":null,"fax":null,"fence_type":null,"grades":null,"mascot":null,"name:en":null,"name:etymology:wikidata":null,"phone":null,"religion":null,"layer":"Bus Stops_points","path":"C:/Users/PMLS/Downloads/Hackathon work/Bus Stops_points.gpkg"},"geometry":{"type":"Point","coordinates":[-74.0906154,40.6957814]}},
{"type":"Feature","properties":{"fid":28,"id":"node/6169672323","@id":"node/6169672323","bench":null,"bin":null,"bus":"yes","construction":null,"covered":null,"description":null,"fixme":null,"gtfs:stop_id":null,"gtfs_stop_code":null,"highway":"bus_stop","level":null,"lit":null,"local_ref":null,"name":"Ocean Ave At Danforth Ave","network":"NJ Transit","network:short":"NJT","network:wikidata":"Q498553","network:wikipedia":"en:NJ Transit","note":null,"operator":"NJ Transit","passenger_information_display":null,"public_transport":"platform","ref":"20982","route_ref":null,"shelter":null,"tactile_paving":null,"wheelchair":null,"asset_type":"Bus Stop","addr:city":null,"addr:housenumber":null,"addr:postcode":null,"addr:state":null,"addr:street":null,"addr:street:corner":null,"alt_name":null,"boundary":null,"ele":null,"gnis:feature_id":null,"leisure":null,"name:es":null,"opening_hours":null,"protect_class":null,"protection_title":null,"source":null,"type":null,"website":null,"wikidata":null,"wikipedia":null,"access":null,"barrier":null,"playground":null,"playground:theme":null,"survey:date":null,"place":null,"start_date":null,"surface":null,"amenity":null,"area":null,"denomination":null,"fax":null,"fence_type":null,"grades":null,"mascot":null,"name:en":null,"name:etymology:wikidata":null,"phone":null,"religion":null,"layer":"Bus Stops_points","path":"C:/Users/PMLS/Downloads/Hackathon work/Bus Stops_points.gpkg"},"geometry":{"type":"Point","coordinates":[-74.0903412,40.695749]}},
{"type":"Feature","properties":{"fid":29,"id":"node/6169672325","@id":"node/6169672325","bench":null,"bin":null,"bus":"yes","construction":null,"covered":null,"description":null,"fixme":null,"gtfs:stop_id":null,"gtfs_stop_code":null,"highway":"bus_stop","level":null,"lit":null,"local_ref":null,"name":"Ocean Ave At New St","network":"NJ Transit","network:short":"NJT","network:wikidata":"Q498553","network:wikipedia":"en:NJ Transit","note":null,"operator":"NJ Transit","passenger_information_display":null,"public_transport":"platform","ref":"20983","route_ref":null,"shelter":null,"tactile_paving":null,"wheelchair":null,"asset_type":"Bus Stop","addr:city":null,"addr:housenumber":null,"addr:postcode":null,"addr:state":null,"addr:street":null,"addr:street:corner":null,"alt_name":null,"boundary":null,"ele":null,"gnis:feature_id":null,"leisure":null,"name:es":null,"opening_hours":null,"protect_class":null,"protection_title":null,"source":null,"type":null,"website":null,"wikidata":null,"wikipedia":null,"access":null,"barrier":null,"playground":null,"playground:theme":null,"survey:date":null,"place":null,"start_date":null,"surface":null,"amenity":null,"area":null,"denomination":null,"fax":null,"fence_type":null,"grades":null,"mascot":null,"name:en":null,"name:etymology:wikidata":null,"phone":null,"religion":null,"layer":"Bus Stops_points","path":"C:/Users/PMLS/Downloads/Hackathon work/Bus Stops_points.gpkg"},"geometry":{"type":"Point","coordinates":[-74.088841,40.6966629]}},
{"type":"Feature","properties":{"fid":30,"id":"node/6169672326","@id":"node/6169672326","bench":null,"bin":null,"bus":"yes","construction":null,"covered":null,"description":null,"fixme":null,"gtfs:stop_id":null,"gtfs_stop_code":null,"highway":"bus_stop","level":null,"lit":null,"local_ref":null,"name":"Ocean Ave At New St","network":"NJ Transit","network:short":"NJT","network:wikidata":"Q498553","network:wikipedia":"en:NJ Transit","note":null,"operator":"NJ Transit","passenger_information_display":null,"public_transport":"platform","ref":"21017","route_ref":null,"shelter":null,"tactile_paving":null,"wheelchair":null,"asset_type":"Bus Stop","addr:city":null,"addr:housenumber":null,"addr:postcode":null,"addr:state":null,"addr:street":null,"addr:street:corner":null,"alt_name":null,"boundary":null,"ele":null,"gnis:feature_id":null,"leisure":null,"name:es":null,"opening_hours":null,"protect_class":null,"protection_title":null,"source":null,"type":null,"website":null,"wikidata":null,"wikipedia":null,"access":null,"barrier":null,"playground":null,"playground:theme":null,"survey:date":null,"place":null,"start_date":null,"surface":null,"amenity":null,"area":null,"denomination":null,"fax":null,"fence_type":null,"grades":null,"mascot":null,"name:en":null,"name:etymology:wikidata":null,"phone":null,"religion":null,"layer":"Bus Stops_points","path":"C:/Users/PMLS/Downloads/Hackathon work/Bus Stops_points.gpkg"},"geometry":{"type":"Point","coordinates":[-74.0892027,40.6966152]}},
{"type":"Feature","properties":{"fid":31,"id":"node/6169672327","@id":"node/6169672327","bench":null,"bin":null,"bus":"yes","construction":null,"covered":null,"description":null,"fixme":null,"gtfs:stop_id":null,"gtfs_stop_code":null,"highway":"bus_stop","level":null,"lit":null,"local_ref":null,"name":"Ocean Ave At Sheffield St","network":"NJ Transit","network:short":"NJT","network:wikidata":"Q498553","network:wikipedia":null,"note":null,"operator":"NJ Transit","passenger_information_display":null,"public_transport":"platform","ref":"21016","route_ref":null,"shelter":null,"tactile_paving":null,"wheelchair":null,"asset_type":"Bus Stop","addr:city":null,"addr:housenumber":null,"addr:postcode":null,"addr:state":null,"addr:street":null,"addr:street:corner":null,"alt_name":null,"boundary":null,"ele":null,"gnis:feature_id":null,"leisure":null,"name:es":null,"opening_hours":null,"protect_class":null,"protection_title":null,"source":null,"type":null,"website":null,"wikidata":null,"wikipedia":null,"access":null,"barrier":null,"playground":null,"playground:theme":null,"survey:date":null,"place":null,"start_date":null,"surface":null,"amenity":null,"area":null,"denomination":null,"fax":null,"fence_type":null,"grades":null,"mascot":null,"name:en":null,"name:etymology:wikidata":null,"phone":null,"religion":null,"layer":"Bus Stops_points","path":"C:/Users/PMLS/Downloads/Hackathon work/Bus Stops_points.gpkg"},"geometry":{"type":"Point","coordinates":[-74.0880965,40.6973566]}},
{"type":"Feature","properties":{"fid":32,"id":"node/6169672328","@id":"node/6169672328","bench":null,"bin":null,"bus":"yes","construction":null,"covered":null,"description":null,"fixme":null,"gtfs:stop_id":null,"gtfs_stop_code":null,"highway":"bus_stop","level":null,"lit":null,"local_ref":null,"name":"Ocean Ave At Chapel Ave","network":"NJ Transit","network:short":"NJT","network:wikidata":"Q498553","network:wikipedia":null,"note":null,"operator":"NJ Transit","passenger_information_display":null,"public_transport":"platform","ref":"20984","route_ref":null,"shelter":null,"tactile_paving":null,"wheelchair":null,"asset_type":"Bus Stop","addr:city":null,"addr:housenumber":null,"addr:postcode":null,"addr:state":null,"addr:street":null,"addr:street:corner":null,"alt_name":null,"boundary":null,"ele":null,"gnis:feature_id":null,"leisure":null,"name:es":null,"opening_hours":null,"protect_class":null,"protection_title":null,"source":null,"type":null,"website":null,"wikidata":null,"wikipedia":null,"access":null,"barrier":null,"playground":null,"playground:theme":null,"survey:date":null,"place":null,"start_date":null,"surface":null,"amenity":null,"area":null,"denomination":null,"fax":null,"fence_type":null,"grades":null,"mascot":null,"name:en":null,"name:etymology:wikidata":null,"phone":null,"religion":null,"layer":"Bus Stops_points","path":"C:/Users/PMLS/Downloads/Hackathon work/Bus Stops_points.gpkg"},"geometry":{"type":"Point","coordinates":[-74.0873812,40.6976481]}},
{"type":"Feature","properties":{"fid":33,"id":"node/6169672329","@id":"node/6169672329","bench":null,"bin":null,"bus":"yes","construction":null,"covered":null,"description":null,"fixme":null,"gtfs:stop_id":null,"gtfs_stop_code":null,"highway":"bus_stop","level":null,"lit":null,"local_ref":null,"name":"Ocean Ave At Warner Ave","network":"NJ Transit","network:short":"NJT","network:wikidata":"Q498553","network:wikipedia":null,"note":null,"operator":"NJ Transit Bus Operations","passenger_information_display":null,"public_transport":"platform","ref":"21015","route_ref":null,"shelter":null,"tactile_paving":null,"wheelchair":null,"asset_type":"Bus Stop","addr:city":null,"addr:housenumber":null,"addr:postcode":null,"addr:state":null,"addr:street":null,"addr:street:corner":null,"alt_name":null,"boundary":null,"ele":null,"gnis:feature_id":null,"leisure":null,"name:es":null,"opening_hours":null,"protect_class":null,"protection_title":null,"source":null,"type":null,"website":null,"wikidata":null,"wikipedia":null,"access":null,"barrier":null,"playground":null,"playground:theme":null,"survey:date":null,"place":null,"start_date":null,"surface":null,"amenity":null,"area":null,"denomination":null,"fax":null,"fence_type":null,"grades":null,"mascot":null,"name:en":null,"name:etymology:wikidata":null,"phone":null,"religion":null,"layer":"Bus Stops_points","path":"C:/Users/PMLS/Downloads/Hackathon work/Bus Stops_points.gpkg"},"geometry":{"type":"Point","coordinates":[-74.0869672,40.6981283]}},
{"type":"Feature","properties":{"fid":34,"id":"node/6169672330","@id":"node/6169672330","bench":null,"bin":null,"bus":"yes","construction":null,"covered":null,"description":null,"fixme":null,"gtfs:stop_id":null,"gtfs_stop_code":null,"highway":"bus_stop","level":null,"lit":null,"local_ref":null,"name":"Ocean Ave At Warner Ave","network":"NJ Transit","network:short":"NJT","network:wikidata":"Q498553","network:wikipedia":null,"note":null,"operator":"NJ Transit","passenger_information_display":null,"public_transport":"platform","ref":"20985","route_ref":null,"shelter":null,"tactile_paving":null,"wheelchair":null,"asset_type":"Bus Stop","addr:city":null,"addr:housenumber":null,"addr:postcode":null,"addr:state":null,"addr:street":null,"addr:street:corner":null,"alt_name":null,"boundary":null,"ele":null,"gnis:feature_id":null,"leisure":null,"name:es":null,"opening_hours":null,"protect_class":null,"protection_title":null,"source":null,"type":null,"website":null,"wikidata":null,"wikipedia":null,"access":null,"barrier":null,"playground":null,"playground:theme":null,"survey:date":null,"place":null,"start_date":null,"surface":null,"amenity":null,"area":null,"denomination":null,"fax":null,"fence_type":null,"grades":null,"mascot":null,"name:en":null,"name:etymology:wikidata":null,"phone":null,"religion":null,"layer":"Bus Stops_points","path":"C:/Users/PMLS/Downloads/Hackathon work/Bus Stops_points.gpkg"},"geometry":{"type":"Point","coordinates":[-74.0861803,40.6984768]}},
{"type":"Feature","properties":{"fid":35,"id":"node/6169672331","@id":"node/6169672331","bench":null,"bin":null,"bus":"yes","construction":null,"covered":null,"description":null,"fixme":null,"gtfs:stop_id":null,"gtfs_stop_code":null,"highway":"bus_stop","level":null,"lit":null,"local_ref":null,"name":"Ocean Ave At Wade St","network":"NJ Transit","network:short":"NJT","network:wikidata":"Q498553","network:wikipedia":null,"note":null,"operator":"NJ Transit","passenger_information_display":null,"public_transport":"platform","ref":"21014","route_ref":null,"shelter":null,"tactile_paving":null,"wheelchair":null,"asset_type":"Bus Stop","addr:city":null,"addr:housenumber":null,"addr:postcode":null,"addr:state":null,"addr:street":null,"addr:street:corner":null,"alt_name":null,"boundary":null,"ele":null,"gnis:feature_id":null,"leisure":null,"name:es":null,"opening_hours":null,"protect_class":null,"protection_title":null,"source":null,"type":null,"website":null,"wikidata":null,"wikipedia":null,"access":null,"barrier":null,"playground":null,"playground:theme":null,"survey:date":null,"place":null,"start_date":null,"surface":null,"amenity":null,"area":null,"denomination":null,"fax":null,"fence_type":null,"grades":null,"mascot":null,"name:en":null,"name:etymology:wikidata":null,"phone":null,"religion":null,"layer":"Bus Stops_points","path":"C:/Users/PMLS/Downloads/Hackathon work/Bus Stops_points.gpkg"},"geometry":{"type":"Point","coordinates":[-74.085905,40.6988564]}},
{"type":"Feature","properties":{"fid":36,"id":"node/6169672332","@id":"node/6169672332","bench":null,"bin":null,"bus":"yes","construction":null,"covered":null,"description":null,"fixme":null,"gtfs:stop_id":null,"gtfs_stop_code":null,"highway":"bus_stop","level":null,"lit":null,"local_ref":null,"name":"Ocean Ave At Eastern Pkwy","network":"NJ Transit","network:short":"NJT","network:wikidata":"Q498553","network:wikipedia":null,"note":null,"operator":"NJ Transit","passenger_information_display":null,"public_transport":"platform","ref":"20986","route_ref":null,"shelter":null,"tactile_paving":null,"wheelchair":null,"asset_type":"Bus Stop","addr:city":null,"addr:housenumber":null,"addr:postcode":null,"addr:state":null,"addr:street":null,"addr:street:corner":null,"alt_name":null,"boundary":null,"ele":null,"gnis:feature_id":null,"leisure":null,"name:es":null,"opening_hours":null,"protect_class":null,"protection_title":null,"source":null,"type":null,"website":null,"wikidata":null,"wikipedia":null,"access":null,"barrier":null,"playground":null,"playground:theme":null,"survey:date":null,"place":null,"start_date":null,"surface":null,"amenity":null,"area":null,"denomination":null,"fax":null,"fence_type":null,"grades":null,"mascot":null,"name:en":null,"name:etymology:wikidata":null,"phone":null,"religion":null,"layer":"Bus Stops_points","path":"C:/Users/PMLS/Downloads/Hackathon work/Bus Stops_points.gpkg"},"geometry":{"type":"Point","coordinates":[-74.0852765,40.6990945]}},
{"type":"Feature","properties":{"fid":37,"id":"node/6169672333","@id":"node/6169672333","bench":null,"bin":null,"bus":"yes","construction":null,"covered":null,"description":null,"fixme":null,"gtfs:stop_id":null,"gtfs_stop_code":null,"highway":"bus_stop","level":null,"lit":null,"local_ref":null,"name":"Ocean Ave At Van Nostrand Ave","network":"NJ Transit","network:short":"NJT","network:wikidata":"Q498553","network:wikipedia":null,"note":null,"operator":"NJ Transit","passenger_information_display":null,"public_transport":"platform","ref":"20987","route_ref":null,"shelter":null,"tactile_paving":null,"wheelchair":null,"asset_type":"Bus Stop","addr:city":null,"addr:housenumber":null,"addr:postcode":null,"addr:state":null,"addr:street":null,"addr:street:corner":null,"alt_name":null,"boundary":null,"ele":null,"gnis:feature_id":null,"leisure":null,"name:es":null,"opening_hours":null,"protect_class":null,"protection_title":null,"source":null,"type":null,"website":null,"wikidata":null,"wikipedia":null,"access":null,"barrier":null,"playground":null,"playground:theme":null,"survey:date":null,"place":null,"start_date":null,"surface":null,"amenity":null,"area":null,"denomination":null,"fax":null,"fence_type":null,"grades":null,"mascot":null,"name:en":null,"name:etymology:wikidata":null,"phone":null,"religion":null,"layer":"Bus Stops_points","path":"C:/Users/PMLS/Downloads/Hackathon work/Bus Stops_points.gpkg"},"geometry":{"type":"Point","coordinates":[-74.0843464,40.6997366]}},
{"type":"Feature","properties":{"fid":38,"id":"node/6169672334","@id":"node/6169672334","bench":null,"bin":null,"bus":"yes","construction":null,"covered":null,"description":null,"fixme":null,"gtfs:stop_id":null,"gtfs_stop_code":null,"highway":"bus_stop","level":null,"lit":null,"local_ref":null,"name":"Ocean Ave At Van Nostrand Ave","network":"NJ Transit","network:short":"NJT","network:wikidata":"Q498553","network:wikipedia":null,"note":null,"operator":"NJ Transit","passenger_information_display":null,"public_transport":"platform","ref":"21013","route_ref":null,"shelter":null,"tactile_paving":null,"wheelchair":null,"asset_type":"Bus Stop","addr:city":null,"addr:housenumber":null,"addr:postcode":null,"addr:state":null,"addr:street":null,"addr:street:corner":null,"alt_name":null,"boundary":null,"ele":null,"gnis:feature_id":null,"leisure":null,"name:es":null,"opening_hours":null,"protect_class":null,"protection_title":null,"source":null,"type":null,"website":null,"wikidata":null,"wikipedia":null,"access":null,"barrier":null,"playground":null,"playground:theme":null,"survey:date":null,"place":null,"start_date":null,"surface":null,"amenity":null,"area":null,"denomination":null,"fax":null,"fence_type":null,"grades":null,"mascot":null,"name:en":null,"name:etymology:wikidata":null,"phone":null,"religion":null,"layer":"Bus Stops_points","path":"C:/Users/PMLS/Downloads/Hackathon work/Bus Stops_points.gpkg"},"geometry":{"type":"Point","coordinates":[-74.0845785,40.699761]}},
{"type":"Feature","properties":{"fid":39,"id":"node/6169672335","@id":"node/6169672335","bench":null,"bin":null,"bus":"yes","construction":null,"covered":null,"description":null,"fixme":null,"gtfs:stop_id":null,"gtfs_stop_code":null,"highway":"bus_stop","level":null,"lit":null,"local_ref":null,"name":"Ocean Ave At Armstrong Ave","network":"NJ Transit","network:short":"NJT","network:wikidata":"Q498553","network:wikipedia":null,"note":null,"operator":"NJ Transit","passenger_information_display":null,"public_transport":"platform","ref":"21012","route_ref":null,"shelter":null,"tactile_paving":null,"wheelchair":null,"asset_type":"Bus Stop","addr:city":null,"addr:housenumber":null,"addr:postcode":null,"addr:state":null,"addr:street":null,"addr:street:corner":null,"alt_name":null,"boundary":null,"ele":null,"gnis:feature_id":null,"leisure":null,"name:es":null,"opening_hours":null,"protect_class":null,"protection_title":null,"source":null,"type":null,"website":null,"wikidata":null,"wikipedia":null,"access":null,"barrier":null,"playground":null,"playground:theme":null,"survey:date":null,"place":null,"start_date":null,"surface":null,"amenity":null,"area":null,"denomination":null,"fax":null,"fence_type":null,"grades":null,"mascot":null,"name:en":null,"name:etymology:wikidata":null,"phone":null,"religion":null,"layer":"Bus Stops_points","path":"C:/Users/PMLS/Downloads/Hackathon work/Bus Stops_points.gpkg"},"geometry":{"type":"Point","coordinates":[-74.0835754,40.7005589]}},
{"type":"Feature","properties":{"fid":40,"id":"node/6169672336","@id":"node/6169672336","bench":null,"bin":null,"bus":"yes","construction":null,"covered":null,"description":null,"fixme":null,"gtfs:stop_id":null,"gtfs_stop_code":null,"highway":"bus_stop","level":null,"lit":null,"local_ref":null,"name":"Ocean Ave At Armstrong Ave","network":"NJ Transit","network:short":"NJT","network:wikidata":"Q498553","network:wikipedia":null,"note":null,"operator":"NJ Transit","passenger_information_display":null,"public_transport":"platform","ref":"20988","route_ref":null,"shelter":null,"tactile_paving":null,"wheelchair":null,"asset_type":"Bus Stop","addr:city":null,"addr:housenumber":null,"addr:postcode":null,"addr:state":null,"addr:street":null,"addr:street:corner":null,"alt_name":null,"boundary":null,"ele":null,"gnis:feature_id":null,"leisure":null,"name:es":null,"opening_hours":null,"protect_class":null,"protection_title":null,"source":null,"type":null,"website":null,"wikidata":null,"wikipedia":null,"access":null,"barrier":null,"playground":null,"playground:theme":null,"survey:date":null,"place":null,"start_date":null,"surface":null,"amenity":null,"area":null,"denomination":null,"fax":null,"fence_type":null,"grades":null,"mascot":null,"name:en":null,"name:etymology:wikidata":null,"phone":null,"religion":null,"layer":"Bus Stops_points","path":"C:/Users/PMLS/Downloads/Hackathon work/Bus Stops_points.gpkg"},"geometry":{"type":"Point","coordinates":[-74.0833259,40.7005707]}},
{"type":"Feature","properties":{"fid":41,"id":"node/6169672337","@id":"node/6169672337","bench":null,"bin":null,"bus":"yes","construction":null,"covered":null,"description":null,"fixme":null,"gtfs:stop_id":null,"gtfs_stop_code":null,"highway":"bus_stop","level":null,"lit":null,"local_ref":null,"name":"Ocean Ave At Fulton Ave","network":"NJ Transit","network:short":"NJT","network:wikidata":"Q498553","network:wikipedia":null,"note":null,"operator":"NJ Transit","passenger_information_display":null,"public_transport":"platform","ref":"21011","route_ref":null,"shelter":null,"tactile_paving":null,"wheelchair":null,"asset_type":"Bus Stop","addr:city":null,"addr:housenumber":null,"addr:postcode":null,"addr:state":null,"addr:street":null,"addr:street:corner":null,"alt_name":null,"boundary":null,"ele":null,"gnis:feature_id":null,"leisure":null,"name:es":null,"opening_hours":null,"protect_class":null,"protection_title":null,"source":null,"type":null,"website":null,"wikidata":null,"wikipedia":null,"access":null,"barrier":null,"playground":null,"playground:theme":null,"survey:date":null,"place":null,"start_date":null,"surface":null,"amenity":null,"area":null,"denomination":null,"fax":null,"fence_type":null,"grades":null,"mascot":null,"name:en":null,"name:etymology:wikidata":null,"phone":null,"religion":null,"layer":"Bus Stops_points","path":"C:/Users/PMLS/Downloads/Hackathon work/Bus Stops_points.gpkg"},"geometry":{"type":"Point","coordinates":[-74.0827649,40.7013845]}},
{"type":"Feature","properties":{"fid":42,"id":"node/6169672338","@id":"node/6169672338","bench":null,"bin":null,"bus":"yes","construction":null,"covered":null,"description":null,"fixme":null,"gtfs:stop_id":null,"gtfs_stop_code":null,"highway":"bus_stop","level":null,"lit":null,"local_ref":null,"name":"Ocean Ave At Fulton Ave","network":"NJ Transit","network:short":"NJT","network:wikidata":"Q498553","network:wikipedia":null,"note":null,"operator":"NJ Transit","passenger_information_display":null,"public_transport":"platform","ref":"20989","route_ref":null,"shelter":null,"tactile_paving":null,"wheelchair":null,"asset_type":"Bus Stop","addr:city":null,"addr:housenumber":null,"addr:postcode":null,"addr:state":null,"addr:street":null,"addr:street:corner":null,"alt_name":null,"boundary":null,"ele":null,"gnis:feature_id":null,"leisure":null,"name:es":null,"opening_hours":null,"protect_class":null,"protection_title":null,"source":null,"type":null,"website":null,"wikidata":null,"wikipedia":null,"access":null,"barrier":null,"playground":null,"playground:theme":null,"survey:date":null,"place":null,"start_date":null,"surface":null,"amenity":null,"area":null,"denomination":null,"fax":null,"fence_type":null,"grades":null,"mascot":null,"name:en":null,"name:etymology:wikidata":null,"phone":null,"religion":null,"layer":"Bus Stops_points","path":"C:/Users/PMLS/Downloads/Hackathon work/Bus Stops_points.gpkg"},"geometry":{"type":"Point","coordinates":[-74.0824229,40.7015059]}},
{"type":"Feature","properties":{"fid":43,"id":"node/6169672340","@id":"node/6169672340","bench":null,"bin":null,"bus":"yes","construction":null,"covered":null,"description":null,"fixme":null,"gtfs:stop_id":null,"gtfs_stop_code":null,"highway":"bus_stop","level":null,"lit":null,"local_ref":null,"name":"Ocean Ave At Dwight St","network":"NJ Transit","network:short":"NJT","network:wikidata":"Q498553","network:wikipedia":null,"note":null,"operator":"NJ Transit","passenger_information_display":null,"public_transport":"platform","ref":"21010","route_ref":null,"shelter":null,"tactile_paving":null,"wheelchair":null,"asset_type":"Bus Stop","addr:city":null,"addr:housenumber":null,"addr:postcode":null,"addr:state":null,"addr:street":null,"addr:street:corner":null,"alt_name":null,"boundary":null,"ele":null,"gnis:feature_id":null,"leisure":null,"name:es":null,"opening_hours":null,"protect_class":null,"protection_title":null,"source":null,"type":null,"website":null,"wikidata":null,"wikipedia":null,"access":null,"barrier":null,"playground":null,"playground:theme":null,"survey:date":null,"place":null,"start_date":null,"surface":null,"amenity":null,"area":null,"denomination":null,"fax":null,"fence_type":null,"grades":null,"mascot":null,"name:en":null,"name:etymology:wikidata":null,"phone":null,"religion":null,"layer":"Bus Stops_points","path":"C:/Users/PMLS/Downloads/Hackathon work/Bus Stops_points.gpkg"},"geometry":{"type":"Point","coordinates":[-74.082118,40.702029]}},
{"type":"Feature","properties":{"fid":44,"id":"node/6169672341","@id":"node/6169672341","bench":null,"bin":null,"bus":"yes","construction":null,"covered":null,"description":null,"fixme":null,"gtfs:stop_id":null,"gtfs_stop_code":null,"highway":"bus_stop","level":null,"lit":null,"local_ref":null,"name":"Ocean Ave At Stegman St","network":"NJ Transit","network:short":"NJT","network:wikidata":"Q498553","network:wikipedia":null,"note":null,"operator":"NJ Transit","passenger_information_display":null,"public_transport":"platform","ref":"20990","route_ref":null,"shelter":null,"tactile_paving":null,"wheelchair":null,"asset_type":"Bus Stop","addr:city":null,"addr:housenumber":null,"addr:postcode":null,"addr:state":null,"addr:street":null,"addr:street:corner":null,"alt_name":null,"boundary":null,"ele":null,"gnis:feature_id":null,"leisure":null,"name:es":null,"opening_hours":null,"protect_class":null,"protection_title":null,"source":null,"type":null,"website":null,"wikidata":null,"wikipedia":null,"access":null,"barrier":null,"playground":null,"playground:theme":null,"survey:date":null,"place":null,"start_date":null,"surface":null,"amenity":null,"area":null,"denomination":null,"fax":null,"fence_type":null,"grades":null,"mascot":null,"name:en":null,"name:etymology:wikidata":null,"phone":null,"religion":null,"layer":"Bus Stops_points","path":"C:/Users/PMLS/Downloads/Hackathon work/Bus Stops_points.gpkg"},"geometry":{"type":"Point","coordinates":[-74.0812084,40.7027555]}},
{"type":"Feature","properties":{"fid":45,"id":"node/6169672343","@id":"node/6169672343","bench":null,"bin":null,"bus":"yes","construction":null,"covered":null,"description":null,"fixme":null,"gtfs:stop_id":null,"gtfs_stop_code":null,"highway":"bus_stop","level":null,"lit":null,"local_ref":null,"name":"Ocean Ave At Stegman St","network":"NJ Transit","network:short":"NJT","network:wikidata":"Q498553","network:wikipedia":null,"note":null,"operator":"NJ Transit","passenger_information_display":null,"public_transport":"platform","ref":"21009","route_ref":null,"shelter":null,"tactile_paving":null,"wheelchair":null,"asset_type":"Bus Stop","addr:city":null,"addr:housenumber":null,"addr:postcode":null,"addr:state":null,"addr:street":null,"addr:street:corner":null,"alt_name":null,"boundary":null,"ele":null,"gnis:feature_id":null,"leisure":null,"name:es":null,"opening_hours":null,"protect_class":null,"protection_title":null,"source":null,"type":null,"website":null,"wikidata":null,"wikipedia":null,"access":null,"barrier":null,"playground":null,"playground:theme":null,"survey:date":null,"place":null,"start_date":null,"surface":null,"amenity":null,"area":null,"denomination":null,"fax":null,"fence_type":null,"grades":null,"mascot":null,"name:en":null,"name:etymology:wikidata":null,"phone":null,"religion":null,"layer":"Bus Stops_points","path":"C:/Users/PMLS/Downloads/Hackathon work/Bus Stops_points.gpkg"},"geometry":{"type":"Point","coordinates":[-74.0811791,40.7029896]}},
{"type":"Feature","properties":{"fid":46,"id":"node/6169672344","@id":"node/6169672344","bench":null,"bin":null,"bus":"yes","construction":null,"covered":null,"description":null,"fixme":null,"gtfs:stop_id":null,"gtfs_stop_code":null,"highway":"bus_stop","level":null,"lit":null,"local_ref":null,"name":"Ocean Ave At Bidwell Ave","network":"NJ Transit","network:short":"NJT","network:wikidata":"Q498553","network:wikipedia":null,"note":null,"operator":"NJ Transit","passenger_information_display":null,"public_transport":"platform","ref":"21008","route_ref":null,"shelter":null,"tactile_paving":null,"wheelchair":null,"asset_type":"Bus Stop","addr:city":null,"addr:housenumber":null,"addr:postcode":null,"addr:state":null,"addr:street":null,"addr:street:corner":null,"alt_name":null,"boundary":null,"ele":null,"gnis:feature_id":null,"leisure":null,"name:es":null,"opening_hours":null,"protect_class":null,"protection_title":null,"source":null,"type":null,"website":null,"wikidata":null,"wikipedia":null,"access":null,"barrier":null,"playground":null,"playground:theme":null,"survey:date":null,"place":null,"start_date":null,"surface":null,"amenity":null,"area":null,"denomination":null,"fax":null,"fence_type":null,"grades":null,"mascot":null,"name:en":null,"name:etymology:wikidata":null,"phone":null,"religion":null,"layer":"Bus Stops_points","path":"C:/Users/PMLS/Downloads/Hackathon work/Bus Stops_points.gpkg"},"geometry":{"type":"Point","coordinates":[-74.0803793,40.7038037]}},
{"type":"Feature","properties":{"fid":47,"id":"node/6169672345","@id":"node/6169672345","bench":null,"bin":null,"bus":"yes","construction":null,"covered":null,"description":null,"fixme":null,"gtfs:stop_id":null,"gtfs_stop_code":null,"highway":"bus_stop","level":null,"lit":null,"local_ref":null,"name":"Ocean Ave At Bayview Ave","network":"NJ Transit","network:short":"NJT","network:wikidata":"Q498553","network:wikipedia":null,"note":null,"operator":"NJ Transit","passenger_information_display":null,"public_transport":"platform","ref":"20992","route_ref":null,"shelter":null,"tactile_paving":null,"wheelchair":null,"asset_type":"Bus Stop","addr:city":null,"addr:housenumber":null,"addr:postcode":null,"addr:state":null,"addr:street":null,"addr:street:corner":null,"alt_name":null,"boundary":null,"ele":null,"gnis:feature_id":null,"leisure":null,"name:es":null,"opening_hours":null,"protect_class":null,"protection_title":null,"source":null,"type":null,"website":null,"wikidata":null,"wikipedia":null,"access":null,"barrier":null,"playground":null,"playground:theme":null,"survey:date":null,"place":null,"start_date":null,"surface":null,"amenity":null,"area":null,"denomination":null,"fax":null,"fence_type":null,"grades":null,"mascot":null,"name:en":null,"name:etymology:wikidata":null,"phone":null,"religion":null,"layer":"Bus Stops_points","path":"C:/Users/PMLS/Downloads/Hackathon work/Bus Stops_points.gpkg"},"geometry":{"type":"Point","coordinates":[-74.0794754,40.7045172]}},
{"type":"Feature","properties":{"fid":48,"id":"node/6169672346","@id":"node/6169672346","bench":null,"bin":null,"bus":"yes","construction":null,"covered":null,"description":null,"fixme":null,"gtfs:stop_id":null,"gtfs_stop_code":null,"highway":"bus_stop","level":null,"lit":null,"local_ref":null,"name":"Ocean Ave At Wilkinson Ave","network":"NJ Transit","network:short":"NJT","network:wikidata":"Q498553","network:wikipedia":null,"note":null,"operator":"NJ Transit","passenger_information_display":null,"public_transport":"platform","ref":"20993","route_ref":null,"shelter":null,"tactile_paving":null,"wheelchair":null,"asset_type":"Bus Stop","addr:city":null,"addr:housenumber":null,"addr:postcode":null,"addr:state":null,"addr:street":null,"addr:street:corner":null,"alt_name":null,"boundary":null,"ele":null,"gnis:feature_id":null,"leisure":null,"name:es":null,"opening_hours":null,"protect_class":null,"protection_title":null,"source":null,"type":null,"website":null,"wikidata":null,"wikipedia":null,"access":null,"barrier":null,"playground":null,"playground:theme":null,"survey:date":null,"place":null,"start_date":null,"surface":null,"amenity":null,"area":null,"denomination":null,"fax":null,"fence_type":null,"grades":null,"mascot":null,"name:en":null,"name:etymology:wikidata":null,"phone":null,"religion":null,"layer":"Bus Stops_points","path":"C:/Users/PMLS/Downloads/Hackathon work/Bus Stops_points.gpkg"},"geometry":{"type":"Point","coordinates":[-74.0783932,40.7058153]}},
{"type":"Feature","properties":{"fid":49,"id":"node/6169672347","@id":"node/6169672347","bench":null,"bin":null,"bus":"yes","construction":null,"covered":null,"description":null,"fixme":null,"gtfs:stop_id":null,"gtfs_stop_code":null,"highway":"bus_stop","level":null,"lit":null,"local_ref":null,"name":"Ocean Ave At Wilkinson Ave","network":"NJ Transit","network:short":"NJT","network:wikidata":"Q498553","network:wikipedia":null,"note":null,"operator":"NJ Transit","passenger_information_display":null,"public_transport":"platform","ref":"21007","route_ref":null,"shelter":null,"tactile_paving":null,"wheelchair":null,"asset_type":"Bus Stop","addr:city":null,"addr:housenumber":null,"addr:postcode":null,"addr:state":null,"addr:street":null,"addr:street:corner":null,"alt_name":null,"boundary":null,"ele":null,"gnis:feature_id":null,"leisure":null,"name:es":null,"opening_hours":null,"protect_class":null,"protection_title":null,"source":null,"type":null,"website":null,"wikidata":null,"wikipedia":null,"access":null,"barrier":null,"playground":null,"playground:theme":null,"survey:date":null,"place":null,"start_date":null,"surface":null,"amenity":null,"area":null,"denomination":null,"fax":null,"fence_type":null,"grades":null,"mascot":null,"name:en":null,"name:etymology:wikidata":null,"phone":null,"religion":null,"layer":"Bus Stops_points","path":"C:/Users/PMLS/Downloads/Hackathon work/Bus Stops_points.gpkg"},"geometry":{"type":"Point","coordinates":[-74.0791739,40.7050389]}},
{"type":"Feature","properties":{"fid":50,"id":"node/6169672348","@id":"node/6169672348","bench":null,"bin":null,"bus":"yes","construction":null,"covered":null,"description":null,"fixme":null,"gtfs:stop_id":null,"gtfs_stop_code":null,"highway":"bus_stop","level":null,"lit":null,"local_ref":null,"name":"Ocean Ave At Myrtle Ave","network":"NJ Transit","network:short":"NJT","network:wikidata":"Q498553","network:wikipedia":null,"note":null,"operator":"NJ Transit","passenger_information_display":null,"public_transport":"platform","ref":"21006","route_ref":null,"shelter":null,"tactile_paving":null,"wheelchair":null,"asset_type":"Bus Stop","addr:city":null,"addr:housenumber":null,"addr:postcode":null,"addr:state":null,"addr:street":null,"addr:street:corner":null,"alt_name":null,"boundary":null,"ele":null,"gnis:feature_id":null,"leisure":null,"name:es":null,"opening_hours":null,"protect_class":null,"protection_title":null,"source":null,"type":null,"website":null,"wikidata":null,"wikipedia":null,"access":null,"barrier":null,"playground":null,"playground:theme":null,"survey:date":null,"place":null,"start_date":null,"surface":null,"amenity":null,"area":null,"denomination":null,"fax":null,"fence_type":null,"grades":null,"mascot":null,"name:en":null,"name:etymology:wikidata":null,"phone":null,"religion":null,"layer":"Bus Stops_points","path":"C:/Users/PMLS/Downloads/Hackathon work/Bus Stops_points.gpkg"},"geometry":{"type":"Point","coordinates":[-74.0782794,40.7063801]}},
{"type":"Feature","properties":{"fid":51,"id":"node/6169672349","@id":"node/6169672349","bench":null,"bin":null,"bus":"yes","construction":null,"covered":null,"description":null,"fixme":null,"gtfs:stop_id":null,"gtfs_stop_code":null,"highway":"bus_stop","level":null,"lit":null,"local_ref":null,"name":"Ocean Ave At Claremont Ave","network":"NJ Transit","network:short":"NJT","network:wikidata":"Q498553","network:wikipedia":null,"note":null,"operator":"NJ Transit","passenger_information_display":null,"public_transport":"platform","ref":"20995","route_ref":null,"shelter":null,"tactile_paving":null,"wheelchair":null,"asset_type":"Bus Stop","addr:city":null,"addr:housenumber":null,"addr:postcode":null,"addr:state":null,"addr:street":null,"addr:street:corner":null,"alt_name":null,"boundary":null,"ele":null,"gnis:feature_id":null,"leisure":null,"name:es":null,"opening_hours":null,"protect_class":null,"protection_title":null,"source":null,"type":null,"website":null,"wikidata":null,"wikipedia":null,"access":null,"barrier":null,"playground":null,"playground:theme":null,"survey:date":null,"place":null,"start_date":null,"surface":null,"amenity":null,"area":null,"denomination":null,"fax":null,"fence_type":null,"grades":null,"mascot":null,"name:en":null,"name:etymology:wikidata":null,"phone":null,"religion":null,"layer":"Bus Stops_points","path":"C:/Users/PMLS/Downloads/Hackathon work/Bus Stops_points.gpkg"},"geometry":{"type":"Point","coordinates":[-74.0773346,40.7078248]}},
{"type":"Feature","properties":{"fid":52,"id":"node/6169672350","@id":"node/6169672350","bench":null,"bin":null,"bus":"yes","construction":null,"covered":null,"description":null,"fixme":null,"gtfs:stop_id":null,"gtfs_stop_code":null,"highway":"bus_stop","level":null,"lit":null,"local_ref":null,"name":"Ocean Ave At Claremont Ave","network":"NJ Transit","network:short":"NJT","network:wikidata":"Q498553","network:wikipedia":null,"note":null,"operator":"NJ Transit","passenger_information_display":null,"public_transport":"platform","ref":"21005","route_ref":null,"shelter":null,"tactile_paving":null,"wheelchair":null,"asset_type":"Bus Stop","addr:city":null,"addr:housenumber":null,"addr:postcode":null,"addr:state":null,"addr:street":null,"addr:street:corner":null,"alt_name":null,"boundary":null,"ele":null,"gnis:feature_id":null,"leisure":null,"name:es":null,"opening_hours":null,"protect_class":null,"protection_title":null,"source":null,"type":null,"website":null,"wikidata":null,"wikipedia":null,"access":null,"barrier":null,"playground":null,"playground:theme":null,"survey:date":null,"place":null,"start_date":null,"surface":null,"amenity":null,"area":null,"denomination":null,"fax":null,"fence_type":null,"grades":null,"mascot":null,"name:en":null,"name:etymology:wikidata":null,"phone":null,"religion":null,"layer":"Bus Stops_points","path":"C:/Users/PMLS/Downloads/Hackathon work/Bus Stops_points.gpkg"},"geometry":{"type":"Point","coordinates":[-74.0773751,40.708081]}},
{"type":"Feature","properties":{"fid":53,"id":"node/6169672351","@id":"node/6169672351","bench":null,"bin":null,"bus":"yes","construction":null,"covered":null,"description":null,"fixme":null,"gtfs:stop_id":null,"gtfs_stop_code":null,"highway":"bus_stop","level":null,"lit":null,"local_ref":null,"name":"Ocean Ave At Virginia Ave","network":"NJ Transit","network:short":"NJT","network:wikidata":"Q498553","network:wikipedia":null,"note":null,"operator":"NJ Transit","passenger_information_display":null,"public_transport":"platform","ref":"21003","route_ref":null,"shelter":null,"tactile_paving":null,"wheelchair":null,"asset_type":"Bus Stop","addr:city":null,"addr:housenumber":null,"addr:postcode":null,"addr:state":null,"addr:street":null,"addr:street:corner":null,"alt_name":null,"boundary":null,"ele":null,"gnis:feature_id":null,"leisure":null,"name:es":null,"opening_hours":null,"protect_class":null,"protection_title":null,"source":null,"type":null,"website":null,"wikidata":null,"wikipedia":null,"access":null,"barrier":null,"playground":null,"playground:theme":null,"survey:date":null,"place":null,"start_date":null,"surface":null,"amenity":null,"area":null,"denomination":null,"fax":null,"fence_type":null,"grades":null,"mascot":null,"name:en":null,"name:etymology:wikidata":null,"phone":null,"religion":null,"layer":"Bus Stops_points","path":"C:/Users/PMLS/Downloads/Hackathon work/Bus Stops_points.gpkg"},"geometry":{"type":"Point","coordinates":[-74.0757106,40.7111517]}},
{"type":"Feature","properties":{"fid":54,"id":"node/6169672352","@id":"node/6169672352","bench":null,"bin":null,"bus":"yes","construction":null,"covered":null,"description":null,"fixme":null,"gtfs:stop_id":null,"gtfs_stop_code":null,"highway":"bus_stop","level":null,"lit":null,"local_ref":null,"name":"Ocean Ave At Virginia Ave","network":"NJ Transit","network:short":"NJT","network:wikidata":"Q498553","network:wikipedia":null,"note":null,"operator":"NJ Transit","passenger_information_display":null,"public_transport":"platform","ref":"20997","route_ref":null,"shelter":null,"tactile_paving":null,"wheelchair":null,"asset_type":"Bus Stop","addr:city":null,"addr:housenumber":null,"addr:postcode":null,"addr:state":null,"addr:street":null,"addr:street:corner":null,"alt_name":null,"boundary":null,"ele":null,"gnis:feature_id":null,"leisure":null,"name:es":null,"opening_hours":null,"protect_class":null,"protection_title":null,"source":null,"type":null,"website":null,"wikidata":null,"wikipedia":null,"access":null,"barrier":null,"playground":null,"playground:theme":null,"survey:date":null,"place":null,"start_date":null,"surface":null,"amenity":null,"area":null,"denomination":null,"fax":null,"fence_type":null,"grades":null,"mascot":null,"name:en":null,"name:etymology:wikidata":null,"phone":null,"religion":null,"layer":"Bus Stops_points","path":"C:/Users/PMLS/Downloads/Hackathon work/Bus Stops_points.gpkg"},"geometry":{"type":"Point","coordinates":[-74.0755597,40.7111142]}},
{"type":"Feature","properties":{"fid":55,"id":"node/6170855487","@id":"node/6170855487","bench":null,"bin":null,"bus":"yes","construction":null,"covered":null,"description":null,"fixme":null,"gtfs:stop_id":null,"gtfs_stop_code":null,"highway":"bus_stop","level":null,"lit":null,"local_ref":null,"name":"Old Bergen Road at Pamrapo Avenue","network":"NJ Transit","network:short":"NJT","network:wikidata":"Q498553","network:wikipedia":"en:NJ Transit","note":null,"operator":"NJ Transit Bus Operations","passenger_information_display":null,"public_transport":"platform","ref":"21048","route_ref":null,"shelter":null,"tactile_paving":null,"wheelchair":null,"asset_type":"Bus Stop","addr:city":null,"addr:housenumber":null,"addr:postcode":null,"addr:state":null,"addr:street":null,"addr:street:corner":null,"alt_name":null,"boundary":null,"ele":null,"gnis:feature_id":null,"leisure":null,"name:es":null,"opening_hours":null,"protect_class":null,"protection_title":null,"source":null,"type":null,"website":null,"wikidata":null,"wikipedia":null,"access":null,"barrier":null,"playground":null,"playground:theme":null,"survey:date":null,"place":null,"start_date":null,"surface":null,"amenity":null,"area":null,"denomination":null,"fax":null,"fence_type":null,"grades":null,"mascot":null,"name:en":null,"name:etymology:wikidata":null,"phone":null,"religion":null,"layer":"Bus Stops_points","path":"C:/Users/PMLS/Downloads/Hackathon work/Bus Stops_points.gpkg"},"geometry":{"type":"Point","coordinates":[-74.0977103,40.6906761]}},
{"type":"Feature","properties":{"fid":56,"id":"node/6170855488","@id":"node/6170855488","bench":"yes","bin":null,"bus":"yes","construction":null,"covered":null,"description":null,"fixme":null,"gtfs:stop_id":null,"gtfs_stop_code":null,"highway":"bus_stop","level":null,"lit":"yes","local_ref":null,"name":"Old Bergen Road at Gates Avenue","network":"NJ Transit","network:short":"NJT","network:wikidata":"Q498553","network:wikipedia":"en:NJ Transit","note":null,"operator":"NJ Transit Bus Operations","passenger_information_display":"no","public_transport":"platform","ref":"21047","route_ref":null,"shelter":"yes","tactile_paving":null,"wheelchair":null,"asset_type":"Bus Stop","addr:city":null,"addr:housenumber":null,"addr:postcode":null,"addr:state":null,"addr:street":null,"addr:street:corner":null,"alt_name":null,"boundary":null,"ele":null,"gnis:feature_id":null,"leisure":null,"name:es":null,"opening_hours":null,"protect_class":null,"protection_title":null,"source":null,"type":null,"website":null,"wikidata":null,"wikipedia":null,"access":null,"barrier":null,"playground":null,"playground:theme":null,"survey:date":null,"place":null,"start_date":null,"surface":null,"amenity":null,"area":null,"denomination":null,"fax":null,"fence_type":null,"grades":null,"mascot":null,"name:en":null,"name:etymology:wikidata":null,"phone":null,"religion":null,"layer":"Bus Stops_points","path":"C:/Users/PMLS/Downloads/Hackathon work/Bus Stops_points.gpkg"},"geometry":{"type":"Point","coordinates":[-74.0973127,40.69132]}},
{"type":"Feature","properties":{"fid":57,"id":"node/6170855489","@id":"node/6170855489","bench":null,"bin":null,"bus":"yes","construction":null,"covered":null,"description":null,"fixme":null,"gtfs:stop_id":null,"gtfs_stop_code":null,"highway":"bus_stop","level":null,"lit":null,"local_ref":null,"name":"Old Bergen Road at Gates Avenue","network":"NJ Transit","network:short":"NJT","network:wikidata":"Q498553","network:wikipedia":"en:NJ Transit","note":null,"operator":"NJ Transit Bus Operations","passenger_information_display":null,"public_transport":"platform","ref":"21028","route_ref":null,"shelter":null,"tactile_paving":null,"wheelchair":null,"asset_type":"Bus Stop","addr:city":null,"addr:housenumber":null,"addr:postcode":null,"addr:state":null,"addr:street":null,"addr:street:corner":null,"alt_name":null,"boundary":null,"ele":null,"gnis:feature_id":null,"leisure":null,"name:es":null,"opening_hours":null,"protect_class":null,"protection_title":null,"source":null,"type":null,"website":null,"wikidata":null,"wikipedia":null,"access":null,"barrier":null,"playground":null,"playground:theme":null,"survey:date":null,"place":null,"start_date":null,"surface":null,"amenity":null,"area":null,"denomination":null,"fax":null,"fence_type":null,"grades":null,"mascot":null,"name:en":null,"name:etymology:wikidata":null,"phone":null,"religion":null,"layer":"Bus Stops_points","path":"C:/Users/PMLS/Downloads/Hackathon work/Bus Stops_points.gpkg"},"geometry":{"type":"Point","coordinates":[-74.0966691,40.6920735]}},
{"type":"Feature","properties":{"fid":58,"id":"node/6170855490","@id":"node/6170855490","bench":null,"bin":null,"bus":"yes","construction":null,"covered":null,"description":null,"fixme":null,"gtfs:stop_id":null,"gtfs_stop_code":null,"highway":"bus_stop","level":null,"lit":null,"local_ref":null,"name":"Old Bergen Road at Gates Avenue","network":"NJ Transit","network:short":"NJT","network:wikidata":"Q498553","network:wikipedia":"en:NJ Transit","note":null,"operator":"NJ Transit Bus Operations","passenger_information_display":null,"public_transport":"platform","ref":"21046","route_ref":null,"shelter":null,"tactile_paving":null,"wheelchair":null,"asset_type":"Bus Stop","addr:city":null,"addr:housenumber":null,"addr:postcode":null,"addr:state":null,"addr:street":null,"addr:street:corner":null,"alt_name":null,"boundary":null,"ele":null,"gnis:feature_id":null,"leisure":null,"name:es":null,"opening_hours":null,"protect_class":null,"protection_title":null,"source":null,"type":null,"website":null,"wikidata":null,"wikipedia":null,"access":null,"barrier":null,"playground":null,"playground:theme":null,"survey:date":null,"place":null,"start_date":null,"surface":null,"amenity":null,"area":null,"denomination":null,"fax":null,"fence_type":null,"grades":null,"mascot":null,"name:en":null,"name:etymology:wikidata":null,"phone":null,"religion":null,"layer":"Bus Stops_points","path":"C:/Users/PMLS/Downloads/Hackathon work/Bus Stops_points.gpkg"},"geometry":{"type":"Point","coordinates":[-74.0968075,40.6920953]}},
{"type":"Feature","properties":{"fid":59,"id":"node/6170855491","@id":"node/6170855491","bench":null,"bin":null,"bus":"yes","construction":null,"covered":null,"description":null,"fixme":null,"gtfs:stop_id":null,"gtfs_stop_code":null,"highway":"bus_stop","level":null,"lit":null,"local_ref":null,"name":"Old Bergen Road at Seaview Avenue","network":"NJ Transit","network:short":"NJT","network:wikidata":"Q498553","network:wikipedia":"en:NJ Transit","note":null,"operator":"NJ Transit Bus Operations","passenger_information_display":null,"public_transport":"platform","ref":"21045","route_ref":null,"shelter":null,"tactile_paving":null,"wheelchair":null,"asset_type":"Bus Stop","addr:city":null,"addr:housenumber":null,"addr:postcode":null,"addr:state":null,"addr:street":null,"addr:street:corner":null,"alt_name":null,"boundary":null,"ele":null,"gnis:feature_id":null,"leisure":null,"name:es":null,"opening_hours":null,"protect_class":null,"protection_title":null,"source":null,"type":null,"website":null,"wikidata":null,"wikipedia":null,"access":null,"barrier":null,"playground":null,"playground:theme":null,"survey:date":null,"place":null,"start_date":null,"surface":null,"amenity":null,"area":null,"denomination":null,"fax":null,"fence_type":null,"grades":null,"mascot":null,"name:en":null,"name:etymology:wikidata":null,"phone":null,"religion":null,"layer":"Bus Stops_points","path":"C:/Users/PMLS/Downloads/Hackathon work/Bus Stops_points.gpkg"},"geometry":{"type":"Point","coordinates":[-74.0963942,40.6928271]}},
{"type":"Feature","properties":{"fid":60,"id":"node/6170855492","@id":"node/6170855492","bench":null,"bin":null,"bus":"yes","construction":null,"covered":null,"description":null,"fixme":null,"gtfs:stop_id":null,"gtfs_stop_code":null,"highway":"bus_stop","level":null,"lit":null,"local_ref":null,"name":"Old Bergen Rd At Winfield Ave","network":"NJ Transit","network:short":"NJT","network:wikidata":"Q498553","network:wikipedia":null,"note":null,"operator":"NJ Transit","passenger_information_display":null,"public_transport":"platform","ref":"21044","route_ref":null,"shelter":"yes","tactile_paving":null,"wheelchair":null,"asset_type":"Bus Stop","addr:city":null,"addr:housenumber":null,"addr:postcode":null,"addr:state":null,"addr:street":null,"addr:street:corner":null,"alt_name":null,"boundary":null,"ele":null,"gnis:feature_id":null,"leisure":null,"name:es":null,"opening_hours":null,"protect_class":null,"protection_title":null,"source":null,"type":null,"website":null,"wikidata":null,"wikipedia":null,"access":null,"barrier":null,"playground":null,"playground:theme":null,"survey:date":null,"place":null,"start_date":null,"surface":null,"amenity":null,"area":null,"denomination":null,"fax":null,"fence_type":null,"grades":null,"mascot":null,"name:en":null,"name:etymology:wikidata":null,"phone":null,"religion":null,"layer":"Bus Stops_points","path":"C:/Users/PMLS/Downloads/Hackathon work/Bus Stops_points.gpkg"},"geometry":{"type":"Point","coordinates":[-74.0955845,40.69386]}},
{"type":"Feature","properties":{"fid":61,"id":"node/6170855493","@id":"node/6170855493","bench":null,"bin":null,"bus":"yes","construction":null,"covered":null,"description":null,"fixme":null,"gtfs:stop_id":null,"gtfs_stop_code":null,"highway":"bus_stop","level":null,"lit":null,"local_ref":null,"name":"Old Bergen Rd At Winfield Ave","network":"NJ Transit","network:short":"NJT","network:wikidata":"Q498553","network:wikipedia":null,"note":null,"operator":"NJ Transit","passenger_information_display":null,"public_transport":"platform","ref":"21030","route_ref":null,"shelter":null,"tactile_paving":null,"wheelchair":null,"asset_type":"Bus Stop","addr:city":null,"addr:housenumber":null,"addr:postcode":null,"addr:state":null,"addr:street":null,"addr:street:corner":null,"alt_name":null,"boundary":null,"ele":null,"gnis:feature_id":null,"leisure":null,"name:es":null,"opening_hours":null,"protect_class":null,"protection_title":null,"source":null,"type":null,"website":null,"wikidata":null,"wikipedia":null,"access":null,"barrier":null,"playground":null,"playground:theme":null,"survey:date":null,"place":null,"start_date":null,"surface":null,"amenity":null,"area":null,"denomination":null,"fax":null,"fence_type":null,"grades":null,"mascot":null,"name:en":null,"name:etymology:wikidata":null,"phone":null,"religion":null,"layer":"Bus Stops_points","path":"C:/Users/PMLS/Downloads/Hackathon work/Bus Stops_points.gpkg"},"geometry":{"type":"Point","coordinates":[-74.095393,40.6939014]}},
{"type":"Feature","properties":{"fid":62,"id":"node/6170855494","@id":"node/6170855494","bench":null,"bin":null,"bus":"yes","construction":null,"covered":null,"description":null,"fixme":null,"gtfs:stop_id":null,"gtfs_stop_code":null,"highway":"bus_stop","level":null,"lit":null,"local_ref":null,"name":"Old Bergen Rd At Bartholdi St","network":"NJ Transit","network:short":"NJT","network:wikidata":"Q498553","network:wikipedia":null,"note":"NJTransit thinks this stop is \"Bartholdi Street\", but this street is named Avenue","operator":"NJ Transit","passenger_information_display":null,"public_transport":"platform","ref":"21031","route_ref":null,"shelter":"no","tactile_paving":null,"wheelchair":null,"asset_type":"Bus Stop","addr:city":null,"addr:housenumber":null,"addr:postcode":null,"addr:state":null,"addr:street":null,"addr:street:corner":null,"alt_name":null,"boundary":null,"ele":null,"gnis:feature_id":null,"leisure":null,"name:es":null,"opening_hours":null,"protect_class":null,"protection_title":null,"source":null,"type":null,"website":null,"wikidata":null,"wikipedia":null,"access":null,"barrier":null,"playground":null,"playground:theme":null,"survey:date":null,"place":null,"start_date":null,"surface":null,"amenity":null,"area":null,"denomination":null,"fax":null,"fence_type":null,"grades":null,"mascot":null,"name:en":null,"name:etymology:wikidata":null,"phone":null,"religion":null,"layer":"Bus Stops_points","path":"C:/Users/PMLS/Downloads/Hackathon work/Bus Stops_points.gpkg"},"geometry":{"type":"Point","coordinates":[-74.0949054,40.6944201]}},
{"type":"Feature","properties":{"fid":63,"id":"node/6170855495","@id":"node/6170855495","bench":null,"bin":null,"bus":"yes","construction":null,"covered":null,"description":null,"fixme":null,"gtfs:stop_id":null,"gtfs_stop_code":null,"highway":"bus_stop","level":null,"lit":null,"local_ref":null,"name":"Old Bergen Rd At Bartholdi Ave","network":"NJ Transit","network:short":"NJT","network:wikidata":"Q498553","network:wikipedia":null,"note":null,"operator":"NJ Transit","passenger_information_display":null,"public_transport":"platform","ref":"21043","route_ref":null,"shelter":"no","tactile_paving":null,"wheelchair":null,"asset_type":"Bus Stop","addr:city":null,"addr:housenumber":null,"addr:postcode":null,"addr:state":null,"addr:street":null,"addr:street:corner":null,"alt_name":null,"boundary":null,"ele":null,"gnis:feature_id":null,"leisure":null,"name:es":null,"opening_hours":null,"protect_class":null,"protection_title":null,"source":null,"type":null,"website":null,"wikidata":null,"wikipedia":null,"access":null,"barrier":null,"playground":null,"playground:theme":null,"survey:date":null,"place":null,"start_date":null,"surface":null,"amenity":null,"area":null,"denomination":null,"fax":null,"fence_type":null,"grades":null,"mascot":null,"name:en":null,"name:etymology:wikidata":null,"phone":null,"religion":null,"layer":"Bus Stops_points","path":"C:/Users/PMLS/Downloads/Hackathon work/Bus Stops_points.gpkg"},"geometry":{"type":"Point","coordinates":[-74.0947947,40.6947001]}},
{"type":"Feature","properties":{"fid":64,"id":"node/6171423391","@id":"node/6171423391","bench":null,"bin":null,"bus":"yes","construction":null,"covered":null,"description":null,"fixme":null,"gtfs:stop_id":null,"gtfs_stop_code":null,"highway":"bus_stop","level":null,"lit":null,"local_ref":null,"name":"Old Bergen Rd At Pearsall Ave","network":"NJ Transit","network:short":"NJT","network:wikidata":"Q498553","network:wikipedia":null,"note":null,"operator":"NJ Transit","passenger_information_display":null,"public_transport":"platform","ref":"21042","route_ref":null,"shelter":"no","tactile_paving":null,"wheelchair":null,"asset_type":"Bus Stop","addr:city":null,"addr:housenumber":null,"addr:postcode":null,"addr:state":null,"addr:street":null,"addr:street:corner":null,"alt_name":null,"boundary":null,"ele":null,"gnis:feature_id":null,"leisure":null,"name:es":null,"opening_hours":null,"protect_class":null,"protection_title":null,"source":null,"type":null,"website":null,"wikidata":null,"wikipedia":null,"access":null,"barrier":null,"playground":null,"playground:theme":null,"survey:date":null,"place":null,"start_date":null,"surface":null,"amenity":null,"area":null,"denomination":null,"fax":null,"fence_type":null,"grades":null,"mascot":null,"name:en":null,"name:etymology:wikidata":null,"phone":null,"religion":null,"layer":"Bus Stops_points","path":"C:/Users/PMLS/Downloads/Hackathon work/Bus Stops_points.gpkg"},"geometry":{"type":"Point","coordinates":[-74.0942498,40.6952686]}},
{"type":"Feature","properties":{"fid":65,"id":"node/6171423392","@id":"node/6171423392","bench":null,"bin":null,"bus":"yes","construction":null,"covered":null,"description":null,"fixme":null,"gtfs:stop_id":null,"gtfs_stop_code":null,"highway":"bus_stop","level":null,"lit":null,"local_ref":null,"name":"Old Bergen Rd At Lembeck Ave","network":"NJ Transit","network:short":"NJT","network:wikidata":"Q498553","network:wikipedia":null,"note":null,"operator":"NJ Transit","passenger_information_display":null,"public_transport":"platform","ref":"21032","route_ref":null,"shelter":null,"tactile_paving":null,"wheelchair":null,"asset_type":"Bus Stop","addr:city":null,"addr:housenumber":null,"addr:postcode":null,"addr:state":null,"addr:street":null,"addr:street:corner":null,"alt_name":null,"boundary":null,"ele":null,"gnis:feature_id":null,"leisure":null,"name:es":null,"opening_hours":null,"protect_class":null,"protection_title":null,"source":null,"type":null,"website":null,"wikidata":null,"wikipedia":null,"access":null,"barrier":null,"playground":null,"playground:theme":null,"survey:date":null,"place":null,"start_date":null,"surface":null,"amenity":null,"area":null,"denomination":null,"fax":null,"fence_type":null,"grades":null,"mascot":null,"name:en":null,"name:etymology:wikidata":null,"phone":null,"religion":null,"layer":"Bus Stops_points","path":"C:/Users/PMLS/Downloads/Hackathon work/Bus Stops_points.gpkg"},"geometry":{"type":"Point","coordinates":[-74.0939144,40.6954285]}},
{"type":"Feature","properties":{"fid":66,"id":"node/6171423393","@id":"node/6171423393","bench":null,"bin":null,"bus":"yes","construction":null,"covered":null,"description":null,"fixme":null,"gtfs:stop_id":null,"gtfs_stop_code":null,"highway":"bus_stop","level":null,"lit":null,"local_ref":null,"name":"Old Bergen Rd At Greenville Ave","network":"NJ Transit","network:short":"NJT","network:wikidata":"Q498553","network:wikipedia":null,"note":null,"operator":"NJ Transit","passenger_information_display":null,"public_transport":"platform","ref":"21041","route_ref":null,"shelter":"no","tactile_paving":null,"wheelchair":null,"asset_type":"Bus Stop","addr:city":null,"addr:housenumber":null,"addr:postcode":null,"addr:state":null,"addr:street":null,"addr:street:corner":null,"alt_name":null,"boundary":null,"ele":null,"gnis:feature_id":null,"leisure":null,"name:es":null,"opening_hours":null,"protect_class":null,"protection_title":null,"source":null,"type":null,"website":null,"wikidata":null,"wikipedia":null,"access":null,"barrier":null,"playground":null,"playground:theme":null,"survey:date":null,"place":null,"start_date":null,"surface":null,"amenity":null,"area":null,"denomination":null,"fax":null,"fence_type":null,"grades":null,"mascot":null,"name:en":null,"name:etymology:wikidata":null,"phone":null,"religion":null,"layer":"Bus Stops_points","path":"C:/Users/PMLS/Downloads/Hackathon work/Bus Stops_points.gpkg"},"geometry":{"type":"Point","coordinates":[-74.0934582,40.696375]}},
{"type":"Feature","properties":{"fid":67,"id":"node/6171423394","@id":"node/6171423394","bench":null,"bin":null,"bus":"yes","construction":null,"covered":null,"description":null,"fixme":null,"gtfs:stop_id":null,"gtfs_stop_code":null,"highway":"bus_stop","level":null,"lit":null,"local_ref":null,"name":"Old Bergen Rd At Linden Ave","network":"NJ Transit","network:short":"NJT","network:wikidata":"Q498553","network:wikipedia":"en:NJ Transit","note":null,"operator":"NJ Transit","passenger_information_display":null,"public_transport":"platform","ref":"21033","route_ref":null,"shelter":"no","tactile_paving":null,"wheelchair":null,"asset_type":"Bus Stop","addr:city":null,"addr:housenumber":null,"addr:postcode":null,"addr:state":null,"addr:street":null,"addr:street:corner":null,"alt_name":null,"boundary":null,"ele":null,"gnis:feature_id":null,"leisure":null,"name:es":null,"opening_hours":null,"protect_class":null,"protection_title":null,"source":null,"type":null,"website":null,"wikidata":null,"wikipedia":null,"access":null,"barrier":null,"playground":null,"playground:theme":null,"survey:date":null,"place":null,"start_date":null,"surface":null,"amenity":null,"area":null,"denomination":null,"fax":null,"fence_type":null,"grades":null,"mascot":null,"name:en":null,"name:etymology:wikidata":null,"phone":null,"religion":null,"layer":"Bus Stops_points","path":"C:/Users/PMLS/Downloads/Hackathon work/Bus Stops_points.gpkg"},"geometry":{"type":"Point","coordinates":[-74.0930349,40.6968001]}},
{"type":"Feature","properties":{"fid":68,"id":"node/6171423395","@id":"node/6171423395","bench":null,"bin":null,"bus":"yes","construction":null,"covered":null,"description":null,"fixme":null,"gtfs:stop_id":null,"gtfs_stop_code":null,"highway":"bus_stop","level":null,"lit":null,"local_ref":null,"name":"Old Bergen Rd At Linden Ave","network":"NJ Transit","network:short":"NJT","network:wikidata":"Q498553","network:wikipedia":"en:NJ Transit","note":null,"operator":"NJ Transit","passenger_information_display":null,"public_transport":"platform","ref":"21040","route_ref":null,"shelter":null,"tactile_paving":null,"wheelchair":null,"asset_type":"Bus Stop","addr:city":null,"addr:housenumber":null,"addr:postcode":null,"addr:state":null,"addr:street":null,"addr:street:corner":null,"alt_name":null,"boundary":null,"ele":null,"gnis:feature_id":null,"leisure":null,"name:es":null,"opening_hours":null,"protect_class":null,"protection_title":null,"source":null,"type":null,"website":null,"wikidata":null,"wikipedia":null,"access":null,"barrier":null,"playground":null,"playground:theme":null,"survey:date":null,"place":null,"start_date":null,"surface":null,"amenity":null,"area":null,"denomination":null,"fax":null,"fence_type":null,"grades":null,"mascot":null,"name:en":null,"name:etymology:wikidata":null,"phone":null,"religion":null,"layer":"Bus Stops_points","path":"C:/Users/PMLS/Downloads/Hackathon work/Bus Stops_points.gpkg"},"geometry":{"type":"Point","coordinates":[-74.0930044,40.6971807]}},
{"type":"Feature","properties":{"fid":69,"id":"node/6171423396","@id":"node/6171423396","bench":null,"bin":null,"bus":"yes","construction":null,"covered":null,"description":null,"fixme":null,"gtfs:stop_id":null,"gtfs_stop_code":null,"highway":"bus_stop","level":null,"lit":null,"local_ref":null,"name":"Old Bergen Rd At Danforth Ave","network":"NJ Transit","network:short":"NJT","network:wikidata":"Q498553","network:wikipedia":"en:NJ Transit","note":null,"operator":"NJ Transit","passenger_information_display":null,"public_transport":"platform","ref":"21034","route_ref":null,"shelter":"no","tactile_paving":null,"wheelchair":null,"asset_type":"Bus Stop","addr:city":null,"addr:housenumber":null,"addr:postcode":null,"addr:state":null,"addr:street":null,"addr:street:corner":null,"alt_name":null,"boundary":null,"ele":null,"gnis:feature_id":null,"leisure":null,"name:es":null,"opening_hours":null,"protect_class":null,"protection_title":null,"source":null,"type":null,"website":null,"wikidata":null,"wikipedia":null,"access":null,"barrier":null,"playground":null,"playground:theme":null,"survey:date":null,"place":null,"start_date":null,"surface":null,"amenity":null,"area":null,"denomination":null,"fax":null,"fence_type":null,"grades":null,"mascot":null,"name:en":null,"name:etymology:wikidata":null,"phone":null,"religion":null,"layer":"Bus Stops_points","path":"C:/Users/PMLS/Downloads/Hackathon work/Bus Stops_points.gpkg"},"geometry":{"type":"Point","coordinates":[-74.0926563,40.6977219]}},
{"type":"Feature","properties":{"fid":70,"id":"node/6171423397","@id":"node/6171423397","bench":null,"bin":null,"bus":"yes","construction":null,"covered":null,"description":null,"fixme":null,"gtfs:stop_id":null,"gtfs_stop_code":null,"highway":"bus_stop","level":null,"lit":null,"local_ref":null,"name":"Rose Avenue at Cator Avenue","network":"NJ Transit","network:short":"NJT","network:wikidata":"Q498553","network:wikipedia":"en:NJ Transit","note":null,"operator":"NJ Transit Bus Operations","passenger_information_display":null,"public_transport":"platform","ref":"21086","route_ref":null,"shelter":null,"tactile_paving":null,"wheelchair":null,"asset_type":"Bus Stop","addr:city":null,"addr:housenumber":null,"addr:postcode":null,"addr:state":null,"addr:street":null,"addr:street:corner":null,"alt_name":null,"boundary":null,"ele":null,"gnis:feature_id":null,"leisure":null,"name:es":null,"opening_hours":null,"protect_class":null,"protection_title":null,"source":null,"type":null,"website":null,"wikidata":null,"wikipedia":null,"access":null,"barrier":null,"playground":null,"playground:theme":null,"survey:date":null,"place":null,"start_date":null,"surface":null,"amenity":null,"area":null,"denomination":null,"fax":null,"fence_type":null,"grades":null,"mascot":null,"name:en":null,"name:etymology:wikidata":null,"phone":null,"religion":null,"layer":"Bus Stops_points","path":"C:/Users/PMLS/Downloads/Hackathon work/Bus Stops_points.gpkg"},"geometry":{"type":"Point","coordinates":[-74.0918835,40.6983827]}},
{"type":"Feature","properties":{"fid":71,"id":"node/6171423398","@id":"node/6171423398","bench":null,"bin":null,"bus":"yes","construction":null,"covered":null,"description":null,"fixme":null,"gtfs:stop_id":null,"gtfs_stop_code":null,"highway":"bus_stop","level":null,"lit":null,"local_ref":null,"name":"Rose Avvenue at Old Bergen Road","network":"NJ Transit Bus Operations","network:short":null,"network:wikidata":null,"network:wikipedia":null,"note":null,"operator":"NJ Transit Bus Operations","passenger_information_display":null,"public_transport":"platform","ref":"32312","route_ref":null,"shelter":null,"tactile_paving":null,"wheelchair":null,"asset_type":"Bus Stop","addr:city":null,"addr:housenumber":null,"addr:postcode":null,"addr:state":null,"addr:street":null,"addr:street:corner":null,"alt_name":null,"boundary":null,"ele":null,"gnis:feature_id":null,"leisure":null,"name:es":null,"opening_hours":null,"protect_class":null,"protection_title":null,"source":null,"type":null,"website":null,"wikidata":null,"wikipedia":null,"access":null,"barrier":null,"playground":null,"playground:theme":null,"survey:date":null,"place":null,"start_date":null,"surface":null,"amenity":null,"area":null,"denomination":null,"fax":null,"fence_type":null,"grades":null,"mascot":null,"name:en":null,"name:etymology:wikidata":null,"phone":null,"religion":null,"layer":"Bus Stops_points","path":"C:/Users/PMLS/Downloads/Hackathon work/Bus Stops_points.gpkg"},"geometry":{"type":"Point","coordinates":[-74.0922274,40.6983215]}},
{"type":"Feature","properties":{"fid":72,"id":"node/6171423399","@id":"node/6171423399","bench":null,"bin":null,"bus":"yes","construction":null,"covered":null,"description":null,"fixme":null,"gtfs:stop_id":null,"gtfs_stop_code":null,"highway":"bus_stop","level":null,"lit":null,"local_ref":null,"name":"Long Street at Martin Luther King Junior Drive","network":"NJ Transit","network:short":"NJT","network:wikidata":"Q498553","network:wikipedia":"en:NJ Transit","note":null,"operator":"NJ Transit Bus Operations","passenger_information_display":null,"public_transport":"platform","ref":"20190","route_ref":null,"shelter":null,"tactile_paving":null,"wheelchair":null,"asset_type":"Bus Stop","addr:city":null,"addr:housenumber":null,"addr:postcode":null,"addr:state":null,"addr:street":null,"addr:street:corner":null,"alt_name":null,"boundary":null,"ele":null,"gnis:feature_id":null,"leisure":null,"name:es":null,"opening_hours":null,"protect_class":null,"protection_title":null,"source":null,"type":null,"website":null,"wikidata":null,"wikipedia":null,"access":null,"barrier":null,"playground":null,"playground:theme":null,"survey:date":null,"place":null,"start_date":null,"surface":null,"amenity":null,"area":null,"denomination":null,"fax":null,"fence_type":null,"grades":null,"mascot":null,"name:en":null,"name:etymology:wikidata":null,"phone":null,"religion":null,"layer":"Bus Stops_points","path":"C:/Users/PMLS/Downloads/Hackathon work/Bus Stops_points.gpkg"},"geometry":{"type":"Point","coordinates":[-74.0912882,40.7004487]}},
{"type":"Feature","properties":{"fid":73,"id":"node/6171423400","@id":"node/6171423400","bench":null,"bin":null,"bus":"yes","construction":null,"covered":null,"description":null,"fixme":null,"gtfs:stop_id":null,"gtfs_stop_code":null,"highway":"bus_stop","level":null,"lit":null,"local_ref":null,"name":"Martin Luther King Junior Drive at McAdoo Avenue","network":"NJ Transit","network:short":"NJT","network:wikidata":"Q498553","network:wikipedia":"en:NJ Transit","note":null,"operator":"NJ Transit Bus Operations","passenger_information_display":null,"public_transport":"platform","ref":"20703","route_ref":null,"shelter":null,"tactile_paving":null,"wheelchair":null,"asset_type":"Bus Stop","addr:city":null,"addr:housenumber":null,"addr:postcode":null,"addr:state":null,"addr:street":null,"addr:street:corner":null,"alt_name":null,"boundary":null,"ele":null,"gnis:feature_id":null,"leisure":null,"name:es":null,"opening_hours":null,"protect_class":null,"protection_title":null,"source":null,"type":null,"website":null,"wikidata":null,"wikipedia":null,"access":null,"barrier":null,"playground":null,"playground:theme":null,"survey:date":null,"place":null,"start_date":null,"surface":null,"amenity":null,"area":null,"denomination":null,"fax":null,"fence_type":null,"grades":null,"mascot":null,"name:en":null,"name:etymology:wikidata":null,"phone":null,"religion":null,"layer":"Bus Stops_points","path":"C:/Users/PMLS/Downloads/Hackathon work/Bus Stops_points.gpkg"},"geometry":{"type":"Point","coordinates":[-74.0911433,40.7007765]}},
{"type":"Feature","properties":{"fid":74,"id":"node/6171423401","@id":"node/6171423401","bench":null,"bin":null,"bus":"yes","construction":null,"covered":null,"description":null,"fixme":null,"gtfs:stop_id":null,"gtfs_stop_code":null,"highway":"bus_stop","level":null,"lit":null,"local_ref":null,"name":"Martin Luther King Junior Drive at Warner Avenue","network":"NJ Transit","network:short":"NJT","network:wikidata":"Q498553","network:wikipedia":"en:NJ Transit","note":null,"operator":"NJ Transit Bus Operations","passenger_information_display":null,"public_transport":"platform","ref":"20703","route_ref":null,"shelter":null,"tactile_paving":null,"wheelchair":null,"asset_type":"Bus Stop","addr:city":null,"addr:housenumber":null,"addr:postcode":null,"addr:state":null,"addr:street":null,"addr:street:corner":null,"alt_name":null,"boundary":null,"ele":null,"gnis:feature_id":null,"leisure":null,"name:es":null,"opening_hours":null,"protect_class":null,"protection_title":null,"source":null,"type":null,"website":null,"wikidata":null,"wikipedia":null,"access":null,"barrier":null,"playground":null,"playground:theme":null,"survey:date":null,"place":null,"start_date":null,"surface":null,"amenity":null,"area":null,"denomination":null,"fax":null,"fence_type":null,"grades":null,"mascot":null,"name:en":null,"name:etymology:wikidata":null,"phone":null,"religion":null,"layer":"Bus Stops_points","path":"C:/Users/PMLS/Downloads/Hackathon work/Bus Stops_points.gpkg"},"geometry":{"type":"Point","coordinates":[-74.0903649,40.7011168]}},
{"type":"Feature","properties":{"fid":75,"id":"node/6171423402","@id":"node/6171423402","bench":null,"bin":null,"bus":"yes","construction":null,"covered":null,"description":null,"fixme":null,"gtfs:stop_id":null,"gtfs_stop_code":null,"highway":"bus_stop","level":null,"lit":null,"local_ref":null,"name":"Martin Luther King Junior Drive at Warner Avenue","network":"NJ Transit","network:short":"NJT","network:wikidata":"Q498553","network:wikipedia":"en:NJ Transit","note":null,"operator":"NJ Transit Bus Operations","passenger_information_display":null,"public_transport":"platform","ref":"20676","route_ref":null,"shelter":null,"tactile_paving":null,"wheelchair":null,"asset_type":"Bus Stop","addr:city":null,"addr:housenumber":null,"addr:postcode":null,"addr:state":null,"addr:street":null,"addr:street:corner":null,"alt_name":null,"boundary":null,"ele":null,"gnis:feature_id":null,"leisure":null,"name:es":null,"opening_hours":null,"protect_class":null,"protection_title":null,"source":null,"type":null,"website":null,"wikidata":null,"wikipedia":null,"access":null,"barrier":null,"playground":null,"playground:theme":null,"survey:date":null,"place":null,"start_date":null,"surface":null,"amenity":null,"area":null,"denomination":null,"fax":null,"fence_type":null,"grades":null,"mascot":null,"name:en":null,"name:etymology:wikidata":null,"phone":null,"religion":null,"layer":"Bus Stops_points","path":"C:/Users/PMLS/Downloads/Hackathon work/Bus Stops_points.gpkg"},"geometry":{"type":"Point","coordinates":[-74.0902564,40.7013651]}},
{"type":"Feature","properties":{"fid":76,"id":"node/6171423403","@id":"node/6171423403","bench":null,"bin":null,"bus":"yes","construction":null,"covered":null,"description":null,"fixme":null,"gtfs:stop_id":null,"gtfs_stop_code":null,"highway":"bus_stop","level":null,"lit":null,"local_ref":null,"name":"Martin Luther King Drive at Stevens Avenue","network":"NJ Transit","network:short":"NJT","network:wikidata":"Q498553","network:wikipedia":"en:NJ Transit","note":null,"operator":"NJ Transit Bus Operations","passenger_information_display":null,"public_transport":"platform","ref":"20677","route_ref":null,"shelter":null,"tactile_paving":null,"wheelchair":null,"asset_type":"Bus Stop","addr:city":null,"addr:housenumber":null,"addr:postcode":null,"addr:state":null,"addr:street":null,"addr:street:corner":null,"alt_name":null,"boundary":null,"ele":null,"gnis:feature_id":null,"leisure":null,"name:es":null,"opening_hours":null,"protect_class":null,"protection_title":null,"source":null,"type":null,"website":null,"wikidata":null,"wikipedia":null,"access":null,"barrier":null,"playground":null,"playground:theme":null,"survey:date":null,"place":null,"start_date":null,"surface":null,"amenity":null,"area":null,"denomination":null,"fax":null,"fence_type":null,"grades":null,"mascot":null,"name:en":null,"name:etymology:wikidata":null,"phone":null,"religion":null,"layer":"Bus Stops_points","path":"C:/Users/PMLS/Downloads/Hackathon work/Bus Stops_points.gpkg"},"geometry":{"type":"Point","coordinates":[-74.0891898,40.7021464]}},
{"type":"Feature","properties":{"fid":77,"id":"node/6171423404","@id":"node/6171423404","bench":null,"bin":null,"bus":"yes","construction":null,"covered":null,"description":null,"fixme":null,"gtfs:stop_id":null,"gtfs_stop_code":null,"highway":"bus_stop","level":null,"lit":null,"local_ref":null,"name":"Martin Luther King Drive at Stevens Avenue","network":"NJ Transit \\","network:short":null,"network:wikidata":null,"network:wikipedia":null,"note":null,"operator":"NJ Transit Bus Operations","passenger_information_display":null,"public_transport":"platform","ref":"20701","route_ref":null,"shelter":null,"tactile_paving":null,"wheelchair":null,"asset_type":"Bus Stop","addr:city":null,"addr:housenumber":null,"addr:postcode":null,"addr:state":null,"addr:street":null,"addr:street:corner":null,"alt_name":null,"boundary":null,"ele":null,"gnis:feature_id":null,"leisure":null,"name:es":null,"opening_hours":null,"protect_class":null,"protection_title":null,"source":null,"type":null,"website":null,"wikidata":null,"wikipedia":null,"access":null,"barrier":null,"playground":null,"playground:theme":null,"survey:date":null,"place":null,"start_date":null,"surface":null,"amenity":null,"area":null,"denomination":null,"fax":null,"fence_type":null,"grades":null,"mascot":null,"name:en":null,"name:etymology:wikidata":null,"phone":null,"religion":null,"layer":"Bus Stops_points","path":"C:/Users/PMLS/Downloads/Hackathon work/Bus Stops_points.gpkg"},"geometry":{"type":"Point","coordinates":[-74.0894611,40.7020693]}},
{"type":"Feature","properties":{"fid":78,"id":"node/6171423405","@id":"node/6171423405","bench":null,"bin":null,"bus":"yes","construction":null,"covered":null,"description":null,"fixme":null,"gtfs:stop_id":null,"gtfs_stop_code":null,"highway":"bus_stop","level":null,"lit":null,"local_ref":null,"name":"Martin Luther King Junior at Armstrong Avenue","network":"NJ Transit","network:short":"NJT","network:wikidata":"Q498553","network:wikipedia":"en:NJ Transit","note":null,"operator":"NJ Transit Bus Operations","passenger_information_display":null,"public_transport":"platform","ref":"20700","route_ref":null,"shelter":null,"tactile_paving":null,"wheelchair":null,"asset_type":"Bus Stop","addr:city":null,"addr:housenumber":null,"addr:postcode":null,"addr:state":null,"addr:street":null,"addr:street:corner":null,"alt_name":null,"boundary":null,"ele":null,"gnis:feature_id":null,"leisure":null,"name:es":null,"opening_hours":null,"protect_class":null,"protection_title":null,"source":null,"type":null,"website":null,"wikidata":null,"wikipedia":null,"access":null,"barrier":null,"playground":null,"playground:theme":null,"survey:date":null,"place":null,"start_date":null,"surface":null,"amenity":null,"area":null,"denomination":null,"fax":null,"fence_type":null,"grades":null,"mascot":null,"name:en":null,"name:etymology:wikidata":null,"phone":null,"religion":null,"layer":"Bus Stops_points","path":"C:/Users/PMLS/Downloads/Hackathon work/Bus Stops_points.gpkg"},"geometry":{"type":"Point","coordinates":[-74.0882307,40.7031639]}},
{"type":"Feature","properties":{"fid":79,"id":"node/6171423406","@id":"node/6171423406","bench":null,"bin":null,"bus":"yes","construction":null,"covered":null,"description":null,"fixme":null,"gtfs:stop_id":null,"gtfs_stop_code":null,"highway":"bus_stop","level":null,"lit":null,"local_ref":null,"name":"Martin Luther King Junior Drive at Armstrong Avenue","network":"NJ Transit","network:short":"NJT","network:wikidata":"Q498553","network:wikipedia":"en:NJ Transit","note":null,"operator":"NJ Transit Bus Operations","passenger_information_display":null,"public_transport":"platform","ref":"20678","route_ref":null,"shelter":null,"tactile_paving":null,"wheelchair":null,"asset_type":"Bus Stop","addr:city":null,"addr:housenumber":null,"addr:postcode":null,"addr:state":null,"addr:street":null,"addr:street:corner":null,"alt_name":null,"boundary":null,"ele":null,"gnis:feature_id":null,"leisure":null,"name:es":null,"opening_hours":null,"protect_class":null,"protection_title":null,"source":null,"type":null,"website":null,"wikidata":null,"wikipedia":null,"access":null,"barrier":null,"playground":null,"playground:theme":null,"survey:date":null,"place":null,"start_date":null,"surface":null,"amenity":null,"area":null,"denomination":null,"fax":null,"fence_type":null,"grades":null,"mascot":null,"name:en":null,"name:etymology:wikidata":null,"phone":null,"religion":null,"layer":"Bus Stops_points","path":"C:/Users/PMLS/Downloads/Hackathon work/Bus Stops_points.gpkg"},"geometry":{"type":"Point","coordinates":[-74.0876052,40.7035619]}},
{"type":"Feature","properties":{"fid":80,"id":"node/6171423407","@id":"node/6171423407","bench":null,"bin":null,"bus":"yes","construction":null,"covered":null,"description":null,"fixme":null,"gtfs:stop_id":null,"gtfs_stop_code":null,"highway":"bus_stop","level":null,"lit":null,"local_ref":null,"name":"Martin Luther King Drive at Virginia Avenue","network":"NJ Transit","network:short":null,"network:wikidata":null,"network:wikipedia":null,"note":null,"operator":"NJ Transit Bus Operations","passenger_information_display":null,"public_transport":"platform","ref":"20686","route_ref":null,"shelter":null,"tactile_paving":null,"wheelchair":null,"asset_type":"Bus Stop","addr:city":null,"addr:housenumber":null,"addr:postcode":null,"addr:state":null,"addr:street":null,"addr:street:corner":null,"alt_name":null,"boundary":null,"ele":null,"gnis:feature_id":null,"leisure":null,"name:es":null,"opening_hours":null,"protect_class":null,"protection_title":null,"source":null,"type":null,"website":null,"wikidata":null,"wikipedia":null,"access":null,"barrier":null,"playground":null,"playground:theme":null,"survey:date":null,"place":null,"start_date":null,"surface":null,"amenity":null,"area":null,"denomination":null,"fax":null,"fence_type":null,"grades":null,"mascot":null,"name:en":null,"name:etymology:wikidata":null,"phone":null,"religion":null,"layer":"Bus Stops_points","path":"C:/Users/PMLS/Downloads/Hackathon work/Bus Stops_points.gpkg"},"geometry":{"type":"Point","coordinates":[-74.0778599,40.7119506]}},
{"type":"Feature","properties":{"fid":81,"id":"node/6171423408","@id":"node/6171423408","bench":null,"bin":null,"bus":"yes","construction":null,"covered":null,"description":null,"fixme":null,"gtfs:stop_id":null,"gtfs_stop_code":null,"highway":"bus_stop","level":null,"lit":null,"local_ref":null,"name":"Martin Luther King Junior Drive at Kearney Avenue","network":"NJ Transit","network:short":null,"network:wikidata":null,"network:wikipedia":null,"note":null,"operator":"NJ Transit Bus Operations","passenger_information_display":null,"public_transport":"platform","ref":"20693","route_ref":null,"shelter":null,"tactile_paving":null,"wheelchair":null,"asset_type":"Bus Stop","addr:city":null,"addr:housenumber":null,"addr:postcode":null,"addr:state":null,"addr:street":null,"addr:street:corner":null,"alt_name":null,"boundary":null,"ele":null,"gnis:feature_id":null,"leisure":null,"name:es":null,"opening_hours":null,"protect_class":null,"protection_title":null,"source":null,"type":null,"website":null,"wikidata":null,"wikipedia":null,"access":null,"barrier":null,"playground":null,"playground:theme":null,"survey:date":null,"place":null,"start_date":null,"surface":null,"amenity":null,"area":null,"denomination":null,"fax":null,"fence_type":null,"grades":null,"mascot":null,"name:en":null,"name:etymology:wikidata":null,"phone":null,"religion":null,"layer":"Bus Stops_points","path":"C:/Users/PMLS/Downloads/Hackathon work/Bus Stops_points.gpkg"},"geometry":{"type":"Point","coordinates":[-74.0788086,40.7111819]}},
{"type":"Feature","properties":{"fid":82,"id":"node/6171423409","@id":"node/6171423409","bench":null,"bin":null,"bus":"yes","construction":null,"covered":null,"description":null,"fixme":null,"gtfs:stop_id":null,"gtfs_stop_code":null,"highway":"bus_stop","level":null,"lit":null,"local_ref":null,"name":"Martin Luther King Junior Drive at Kearney Avenue","network":"NJ Transit","network:short":null,"network:wikidata":null,"network:wikipedia":null,"note":null,"operator":"NJ Transit Bus Operations","passenger_information_display":null,"public_transport":"platform","ref":"20685","route_ref":null,"shelter":null,"tactile_paving":null,"wheelchair":null,"asset_type":"Bus Stop","addr:city":null,"addr:housenumber":null,"addr:postcode":null,"addr:state":null,"addr:street":null,"addr:street:corner":null,"alt_name":null,"boundary":null,"ele":null,"gnis:feature_id":null,"leisure":null,"name:es":null,"opening_hours":null,"protect_class":null,"protection_title":null,"source":null,"type":null,"website":null,"wikidata":null,"wikipedia":null,"access":null,"barrier":null,"playground":null,"playground:theme":null,"survey:date":null,"place":null,"start_date":null,"surface":null,"amenity":null,"area":null,"denomination":null,"fax":null,"fence_type":null,"grades":null,"mascot":null,"name:en":null,"name:etymology:wikidata":null,"phone":null,"religion":null,"layer":"Bus Stops_points","path":"C:/Users/PMLS/Downloads/Hackathon work/Bus Stops_points.gpkg"},"geometry":{"type":"Point","coordinates":[-74.0790031,40.7108544]}},
{"type":"Feature","properties":{"fid":83,"id":"node/6171423410","@id":"node/6171423410","bench":null,"bin":null,"bus":"yes","construction":null,"covered":null,"description":null,"fixme":null,"gtfs:stop_id":null,"gtfs_stop_code":null,"highway":"bus_stop","level":null,"lit":null,"local_ref":null,"name":"Martin Luther King Drive at Claremont Avenue","network":"NJ Transit","network:short":null,"network:wikidata":null,"network:wikipedia":null,"note":null,"operator":"NJ Transit Bus Operations","passenger_information_display":null,"public_transport":"platform","ref":"20694","route_ref":null,"shelter":null,"tactile_paving":null,"wheelchair":null,"asset_type":"Bus Stop","addr:city":null,"addr:housenumber":null,"addr:postcode":null,"addr:state":null,"addr:street":null,"addr:street:corner":null,"alt_name":null,"boundary":null,"ele":null,"gnis:feature_id":null,"leisure":null,"name:es":null,"opening_hours":null,"protect_class":null,"protection_title":null,"source":null,"type":null,"website":null,"wikidata":null,"wikipedia":null,"access":null,"barrier":null,"playground":null,"playground:theme":null,"survey:date":null,"place":null,"start_date":null,"surface":null,"amenity":null,"area":null,"denomination":null,"fax":null,"fence_type":null,"grades":null,"mascot":null,"name:en":null,"name:etymology:wikidata":null,"phone":null,"religion":null,"layer":"Bus Stops_points","path":"C:/Users/PMLS/Downloads/Hackathon work/Bus Stops_points.gpkg"},"geometry":{"type":"Point","coordinates":[-74.0807148,40.7095238]}},
{"type":"Feature","properties":{"fid":84,"id":"node/6171423411","@id":"node/6171423411","bench":null,"bin":null,"bus":"yes","construction":null,"covered":null,"description":null,"fixme":null,"gtfs:stop_id":null,"gtfs_stop_code":null,"highway":"bus_stop","level":null,"lit":null,"local_ref":null,"name":"Martin Luther King Junior Drive at Claremont Avenue","network":"NJ Transit","network:short":null,"network:wikidata":null,"network:wikipedia":null,"note":null,"operator":"NJ Transit Bus Operations","passenger_information_display":null,"public_transport":"platform","ref":"20684","route_ref":null,"shelter":null,"tactile_paving":null,"wheelchair":null,"asset_type":"Bus Stop","addr:city":null,"addr:housenumber":null,"addr:postcode":null,"addr:state":null,"addr:street":null,"addr:street:corner":null,"alt_name":null,"boundary":null,"ele":null,"gnis:feature_id":null,"leisure":null,"name:es":null,"opening_hours":null,"protect_class":null,"protection_title":null,"source":null,"type":null,"website":null,"wikidata":null,"wikipedia":null,"access":null,"barrier":null,"playground":null,"playground:theme":null,"survey:date":null,"place":null,"start_date":null,"surface":null,"amenity":null,"area":null,"denomination":null,"fax":null,"fence_type":null,"grades":null,"mascot":null,"name:en":null,"name:etymology:wikidata":null,"phone":null,"religion":null,"layer":"Bus Stops_points","path":"C:/Users/PMLS/Downloads/Hackathon work/Bus Stops_points.gpkg"},"geometry":{"type":"Point","coordinates":[-74.0800454,40.7099502]}},
{"type":"Feature","properties":{"fid":85,"id":"node/6171423412","@id":"node/6171423412","bench":null,"bin":null,"bus":"yes","construction":null,"covered":null,"description":null,"fixme":null,"gtfs:stop_id":null,"gtfs_stop_code":null,"highway":"bus_stop","level":null,"lit":null,"local_ref":null,"name":"Martin Luther King Junior Drive at Myrtle Avneue","network":"NJ Transit","network:short":null,"network:wikidata":null,"network:wikipedia":null,"note":null,"operator":"NJ Transit Bus Operations","passenger_information_display":null,"public_transport":"platform","ref":"20683","route_ref":null,"shelter":null,"tactile_paving":null,"wheelchair":null,"asset_type":"Bus Stop","addr:city":null,"addr:housenumber":null,"addr:postcode":null,"addr:state":null,"addr:street":null,"addr:street:corner":null,"alt_name":null,"boundary":null,"ele":null,"gnis:feature_id":null,"leisure":null,"name:es":null,"opening_hours":null,"protect_class":null,"protection_title":null,"source":null,"type":null,"website":null,"wikidata":null,"wikipedia":null,"access":null,"barrier":null,"playground":null,"playground:theme":null,"survey:date":null,"place":null,"start_date":null,"surface":null,"amenity":null,"area":null,"denomination":null,"fax":null,"fence_type":null,"grades":null,"mascot":null,"name:en":null,"name:etymology:wikidata":null,"phone":null,"religion":null,"layer":"Bus Stops_points","path":"C:/Users/PMLS/Downloads/Hackathon work/Bus Stops_points.gpkg"},"geometry":{"type":"Point","coordinates":[-74.0816815,40.7086522]}},
{"type":"Feature","properties":{"fid":86,"id":"node/6171423413","@id":"node/6171423413","bench":null,"bin":null,"bus":"yes","construction":null,"covered":null,"description":null,"fixme":null,"gtfs:stop_id":null,"gtfs_stop_code":null,"highway":"bus_stop","level":null,"lit":null,"local_ref":null,"name":"Martin Luther King Junior Drive at Myrtle Avenue","network":"NJ Transit","network:short":null,"network:wikidata":null,"network:wikipedia":null,"note":null,"operator":"NJ Transit Bus Operations","passenger_information_display":null,"public_transport":"platform","ref":"20695","route_ref":null,"shelter":null,"tactile_paving":null,"wheelchair":null,"asset_type":"Bus Stop","addr:city":null,"addr:housenumber":null,"addr:postcode":null,"addr:state":null,"addr:street":null,"addr:street:corner":null,"alt_name":null,"boundary":null,"ele":null,"gnis:feature_id":null,"leisure":null,"name:es":null,"opening_hours":null,"protect_class":null,"protection_title":null,"source":null,"type":null,"website":null,"wikidata":null,"wikipedia":null,"access":null,"barrier":null,"playground":null,"playground:theme":null,"survey:date":null,"place":null,"start_date":null,"surface":null,"amenity":null,"area":null,"denomination":null,"fax":null,"fence_type":null,"grades":null,"mascot":null,"name:en":null,"name:etymology:wikidata":null,"phone":null,"religion":null,"layer":"Bus Stops_points","path":"C:/Users/PMLS/Downloads/Hackathon work/Bus Stops_points.gpkg"},"geometry":{"type":"Point","coordinates":[-74.0814772,40.7086634]}},
{"type":"Feature","properties":{"fid":87,"id":"node/6171423414","@id":"node/6171423414","bench":null,"bin":null,"bus":"yes","construction":null,"covered":null,"description":null,"fixme":null,"gtfs:stop_id":null,"gtfs_stop_code":null,"highway":"bus_stop","level":null,"lit":null,"local_ref":null,"name":"Martin Luther King Drive at Wilkinson Avenue","network":"NJ Transit","network:short":null,"network:wikidata":null,"network:wikipedia":null,"note":null,"operator":"NJ Transit Bus Operations","passenger_information_display":null,"public_transport":"platform","ref":"20682","route_ref":null,"shelter":null,"tactile_paving":null,"wheelchair":null,"asset_type":"Bus Stop","addr:city":null,"addr:housenumber":null,"addr:postcode":null,"addr:state":null,"addr:street":null,"addr:street:corner":null,"alt_name":null,"boundary":null,"ele":null,"gnis:feature_id":null,"leisure":null,"name:es":null,"opening_hours":null,"protect_class":null,"protection_title":null,"source":null,"type":null,"website":null,"wikidata":null,"wikipedia":null,"access":null,"barrier":null,"playground":null,"playground:theme":null,"survey:date":null,"place":null,"start_date":null,"surface":null,"amenity":null,"area":null,"denomination":null,"fax":null,"fence_type":null,"grades":null,"mascot":null,"name:en":null,"name:etymology:wikidata":null,"phone":null,"religion":null,"layer":"Bus Stops_points","path":"C:/Users/PMLS/Downloads/Hackathon work/Bus Stops_points.gpkg"},"geometry":{"type":"Point","coordinates":[-74.0828831,40.70764]}},
{"type":"Feature","properties":{"fid":88,"id":"node/6171423415","@id":"node/6171423415","bench":null,"bin":null,"bus":"yes","construction":null,"covered":null,"description":null,"fixme":null,"gtfs:stop_id":null,"gtfs_stop_code":null,"highway":"bus_stop","level":null,"lit":null,"local_ref":null,"name":"Martin Luther King Junior Drive at Wilkinson Avenue","network":"NJ Transit","network:short":null,"network:wikidata":null,"network:wikipedia":null,"note":null,"operator":"NJ Transit Bus Operations","passenger_information_display":null,"public_transport":"platform","ref":"20696","route_ref":null,"shelter":null,"tactile_paving":null,"wheelchair":null,"asset_type":"Bus Stop","addr:city":null,"addr:housenumber":null,"addr:postcode":null,"addr:state":null,"addr:street":null,"addr:street:corner":null,"alt_name":null,"boundary":null,"ele":null,"gnis:feature_id":null,"leisure":null,"name:es":null,"opening_hours":null,"protect_class":null,"protection_title":null,"source":null,"type":null,"website":null,"wikidata":null,"wikipedia":null,"access":null,"barrier":null,"playground":null,"playground:theme":null,"survey:date":null,"place":null,"start_date":null,"surface":null,"amenity":null,"area":null,"denomination":null,"fax":null,"fence_type":null,"grades":null,"mascot":null,"name:en":null,"name:etymology:wikidata":null,"phone":null,"religion":null,"layer":"Bus Stops_points","path":"C:/Users/PMLS/Downloads/Hackathon work/Bus Stops_points.gpkg"},"geometry":{"type":"Point","coordinates":[-74.0828108,40.7075478]}},
{"type":"Feature","properties":{"fid":89,"id":"node/6171423416","@id":"node/6171423416","bench":null,"bin":null,"bus":"yes","construction":null,"covered":null,"description":null,"fixme":null,"gtfs:stop_id":null,"gtfs_stop_code":null,"highway":"bus_stop","level":null,"lit":null,"local_ref":null,"name":"Martin Luther King Junior Drive at Bidwell Avenue","network":"NJ Transit","network:short":null,"network:wikidata":null,"network:wikipedia":null,"note":null,"operator":"NJ Transit Bus Operations","passenger_information_display":null,"public_transport":"platform","ref":"20681","route_ref":null,"shelter":null,"tactile_paving":null,"wheelchair":null,"asset_type":"Bus Stop","addr:city":null,"addr:housenumber":null,"addr:postcode":null,"addr:state":null,"addr:street":null,"addr:street:corner":null,"alt_name":null,"boundary":null,"ele":null,"gnis:feature_id":null,"leisure":null,"name:es":null,"opening_hours":null,"protect_class":null,"protection_title":null,"source":null,"type":null,"website":null,"wikidata":null,"wikipedia":null,"access":null,"barrier":null,"playground":null,"playground:theme":null,"survey:date":null,"place":null,"start_date":null,"surface":null,"amenity":null,"area":null,"denomination":null,"fax":null,"fence_type":null,"grades":null,"mascot":null,"name:en":null,"name:etymology:wikidata":null,"phone":null,"religion":null,"layer":"Bus Stops_points","path":"C:/Users/PMLS/Downloads/Hackathon work/Bus Stops_points.gpkg"},"geometry":{"type":"Point","coordinates":[-74.0843012,40.7064898]}},
{"type":"Feature","properties":{"fid":90,"id":"node/6171423417","@id":"node/6171423417","bench":null,"bin":null,"bus":"yes","construction":null,"covered":null,"description":null,"fixme":null,"gtfs:stop_id":null,"gtfs_stop_code":null,"highway":"bus_stop","level":null,"lit":null,"local_ref":null,"name":"Martin Luther King Junior Drive at Bidwell Avenue","network":"NJ Transit","network:short":null,"network:wikidata":null,"network:wikipedia":null,"note":null,"operator":"NJ Transit Bus Operations","passenger_information_display":null,"public_transport":"platform","ref":"20697","route_ref":null,"shelter":null,"tactile_paving":null,"wheelchair":null,"asset_type":"Bus Stop","addr:city":null,"addr:housenumber":null,"addr:postcode":null,"addr:state":null,"addr:street":null,"addr:street:corner":null,"alt_name":null,"boundary":null,"ele":null,"gnis:feature_id":null,"leisure":null,"name:es":null,"opening_hours":null,"protect_class":null,"protection_title":null,"source":null,"type":null,"website":null,"wikidata":null,"wikipedia":null,"access":null,"barrier":null,"playground":null,"playground:theme":null,"survey:date":null,"place":null,"start_date":null,"surface":null,"amenity":null,"area":null,"denomination":null,"fax":null,"fence_type":null,"grades":null,"mascot":null,"name:en":null,"name:etymology:wikidata":null,"phone":null,"religion":null,"layer":"Bus Stops_points","path":"C:/Users/PMLS/Downloads/Hackathon work/Bus Stops_points.gpkg"},"geometry":{"type":"Point","coordinates":[-74.0837978,40.7067214]}},
{"type":"Feature","properties":{"fid":91,"id":"node/6171423418","@id":"node/6171423418","bench":null,"bin":null,"bus":"yes","construction":null,"covered":null,"description":null,"fixme":null,"gtfs:stop_id":null,"gtfs_stop_code":null,"highway":"bus_stop","level":null,"lit":null,"local_ref":null,"name":"Martin Luther King Junior Drive at Stegman Street","network":"NJ Transit","network:short":null,"network:wikidata":null,"network:wikipedia":null,"note":null,"operator":"NJ Transit Bus Operations","passenger_information_display":null,"public_transport":"platform","ref":"20680","route_ref":null,"shelter":null,"tactile_paving":null,"wheelchair":null,"asset_type":"Bus Stop","addr:city":null,"addr:housenumber":null,"addr:postcode":null,"addr:state":null,"addr:street":null,"addr:street:corner":null,"alt_name":null,"boundary":null,"ele":null,"gnis:feature_id":null,"leisure":null,"name:es":null,"opening_hours":null,"protect_class":null,"protection_title":null,"source":null,"type":null,"website":null,"wikidata":null,"wikipedia":null,"access":null,"barrier":null,"playground":null,"playground:theme":null,"survey:date":null,"place":null,"start_date":null,"surface":null,"amenity":null,"area":null,"denomination":null,"fax":null,"fence_type":null,"grades":null,"mascot":null,"name:en":null,"name:etymology:wikidata":null,"phone":null,"religion":null,"layer":"Bus Stops_points","path":"C:/Users/PMLS/Downloads/Hackathon work/Bus Stops_points.gpkg"},"geometry":{"type":"Point","coordinates":[-74.0849374,40.7058056]}},
{"type":"Feature","properties":{"fid":92,"id":"node/6171423419","@id":"node/6171423419","bench":null,"bin":null,"bus":"yes","construction":null,"covered":null,"description":null,"fixme":null,"gtfs:stop_id":null,"gtfs_stop_code":null,"highway":"bus_stop","level":null,"lit":null,"local_ref":null,"name":"Martin Luther King Junior Drive at Stegman Street","network":"NJ Transit Bus Operations","network:short":null,"network:wikidata":null,"network:wikipedia":null,"note":null,"operator":"NJ Transit Bus Operations","passenger_information_display":null,"public_transport":"platform","ref":"20698","route_ref":null,"shelter":null,"tactile_paving":null,"wheelchair":null,"asset_type":"Bus Stop","addr:city":null,"addr:housenumber":null,"addr:postcode":null,"addr:state":null,"addr:street":null,"addr:street:corner":null,"alt_name":null,"boundary":null,"ele":null,"gnis:feature_id":null,"leisure":null,"name:es":null,"opening_hours":null,"protect_class":null,"protection_title":null,"source":null,"type":null,"website":null,"wikidata":null,"wikipedia":null,"access":null,"barrier":null,"playground":null,"playground:theme":null,"survey:date":null,"place":null,"start_date":null,"surface":null,"amenity":null,"area":null,"denomination":null,"fax":null,"fence_type":null,"grades":null,"mascot":null,"name:en":null,"name:etymology:wikidata":null,"phone":null,"religion":null,"layer":"Bus Stops_points","path":"C:/Users/PMLS/Downloads/Hackathon work/Bus Stops_points.gpkg"},"geometry":{"type":"Point","coordinates":[-74.0856401,40.705397]}},
{"type":"Feature","properties":{"fid":93,"id":"node/6171423420","@id":"node/6171423420","bench":null,"bin":null,"bus":"yes","construction":null,"covered":null,"description":null,"fixme":null,"gtfs:stop_id":null,"gtfs_stop_code":null,"highway":"bus_stop","level":null,"lit":null,"local_ref":null,"name":"Martin Luther King Junior Drive at Fulton Avenue","network":"NJ Transit","network:short":"NJT","network:wikidata":"Q498553","network:wikipedia":"en:NJ Transit","note":null,"operator":"NJ Transit Bus Operations","passenger_information_display":null,"public_transport":"platform","ref":"20679","route_ref":null,"shelter":null,"tactile_paving":null,"wheelchair":null,"asset_type":"Bus Stop","addr:city":null,"addr:housenumber":null,"addr:postcode":null,"addr:state":null,"addr:street":null,"addr:street:corner":null,"alt_name":null,"boundary":null,"ele":null,"gnis:feature_id":null,"leisure":null,"name:es":null,"opening_hours":null,"protect_class":null,"protection_title":null,"source":null,"type":null,"website":null,"wikidata":null,"wikipedia":null,"access":null,"barrier":null,"playground":null,"playground:theme":null,"survey:date":null,"place":null,"start_date":null,"surface":null,"amenity":null,"area":null,"denomination":null,"fax":null,"fence_type":null,"grades":null,"mascot":null,"name:en":null,"name:etymology:wikidata":null,"phone":null,"religion":null,"layer":"Bus Stops_points","path":"C:/Users/PMLS/Downloads/Hackathon work/Bus Stops_points.gpkg"},"geometry":{"type":"Point","coordinates":[-74.0868355,40.7043876]}},
{"type":"Feature","properties":{"fid":94,"id":"node/6171423421","@id":"node/6171423421","bench":null,"bin":null,"bus":"yes","construction":null,"covered":null,"description":null,"fixme":null,"gtfs:stop_id":null,"gtfs_stop_code":null,"highway":"bus_stop","level":null,"lit":null,"local_ref":null,"name":"Martin Luther King Junior Drive at Fulton Avenue","network":"NJ Transit","network:short":"NJT","network:wikidata":"Q498553","network:wikipedia":"en:NJ Transit","note":null,"operator":"NJ Transit Bus Operations","passenger_information_display":null,"public_transport":"platform","ref":"20699","route_ref":null,"shelter":null,"tactile_paving":null,"wheelchair":null,"asset_type":"Bus Stop","addr:city":null,"addr:housenumber":null,"addr:postcode":null,"addr:state":null,"addr:street":null,"addr:street:corner":null,"alt_name":null,"boundary":null,"ele":null,"gnis:feature_id":null,"leisure":null,"name:es":null,"opening_hours":null,"protect_class":null,"protection_title":null,"source":null,"type":null,"website":null,"wikidata":null,"wikipedia":null,"access":null,"barrier":null,"playground":null,"playground:theme":null,"survey:date":null,"place":null,"start_date":null,"surface":null,"amenity":null,"area":null,"denomination":null,"fax":null,"fence_type":null,"grades":null,"mascot":null,"name:en":null,"name:etymology:wikidata":null,"phone":null,"religion":null,"layer":"Bus Stops_points","path":"C:/Users/PMLS/Downloads/Hackathon work/Bus Stops_points.gpkg"},"geometry":{"type":"Point","coordinates":[-74.0864023,40.7046027]}},
{"type":"Feature","properties":{"fid":95,"id":"node/6171961448","@id":"node/6171961448","bench":"yes","bin":null,"bus":"yes","construction":null,"covered":null,"description":null,"fixme":null,"gtfs:stop_id":null,"gtfs_stop_code":null,"highway":"bus_stop","level":null,"lit":null,"local_ref":null,"name":"Jfk Blvd At Pamrapo Ave","network":"NJ Transit","network:short":"NJT","network:wikidata":"Q498553","network:wikipedia":null,"note":null,"operator":null,"passenger_information_display":null,"public_transport":"platform","ref":"20790","route_ref":null,"shelter":"no","tactile_paving":null,"wheelchair":null,"asset_type":"Bus Stop","addr:city":null,"addr:housenumber":null,"addr:postcode":null,"addr:state":null,"addr:street":null,"addr:street:corner":null,"alt_name":null,"boundary":null,"ele":null,"gnis:feature_id":null,"leisure":null,"name:es":null,"opening_hours":null,"protect_class":null,"protection_title":null,"source":null,"type":null,"website":null,"wikidata":null,"wikipedia":null,"access":null,"barrier":null,"playground":null,"playground:theme":null,"survey:date":null,"place":null,"start_date":null,"surface":null,"amenity":null,"area":null,"denomination":null,"fax":null,"fence_type":null,"grades":null,"mascot":null,"name:en":null,"name:etymology:wikidata":null,"phone":null,"religion":null,"layer":"Bus Stops_points","path":"C:/Users/PMLS/Downloads/Hackathon work/Bus Stops_points.gpkg"},"geometry":{"type":"Point","coordinates":[-74.1009042,40.6936427]}},
{"type":"Feature","properties":{"fid":96,"id":"node/6171961449","@id":"node/6171961449","bench":"yes","bin":null,"bus":"yes","construction":null,"covered":null,"description":null,"fixme":null,"gtfs:stop_id":null,"gtfs_stop_code":null,"highway":"bus_stop","level":null,"lit":null,"local_ref":null,"name":"Jfk Blvd At Gates Ave","network":"NJ Transit","network:short":"NJT","network:wikidata":"Q498553","network:wikipedia":null,"note":null,"operator":null,"passenger_information_display":null,"public_transport":"platform","ref":"20791","route_ref":null,"shelter":"no","tactile_paving":null,"wheelchair":null,"asset_type":"Bus Stop","addr:city":null,"addr:housenumber":null,"addr:postcode":null,"addr:state":null,"addr:street":null,"addr:street:corner":null,"alt_name":null,"boundary":null,"ele":null,"gnis:feature_id":null,"leisure":null,"name:es":null,"opening_hours":null,"protect_class":null,"protection_title":null,"source":null,"type":null,"website":null,"wikidata":null,"wikipedia":null,"access":null,"barrier":null,"playground":null,"playground:theme":null,"survey:date":null,"place":null,"start_date":null,"surface":null,"amenity":null,"area":null,"denomination":null,"fax":null,"fence_type":null,"grades":null,"mascot":null,"name:en":null,"name:etymology:wikidata":null,"phone":null,"religion":null,"layer":"Bus Stops_points","path":"C:/Users/PMLS/Downloads/Hackathon work/Bus Stops_points.gpkg"},"geometry":{"type":"Point","coordinates":[-74.0992722,40.6952343]}},
{"type":"Feature","properties":{"fid":97,"id":"node/6171961450","@id":"node/6171961450","bench":null,"bin":null,"bus":"yes","construction":null,"covered":null,"description":null,"fixme":null,"gtfs:stop_id":null,"gtfs_stop_code":null,"highway":"bus_stop","level":null,"lit":null,"local_ref":null,"name":"Jfk Blvd At Gates Ave","network":"NJ Transit","network:short":"NJT","network:wikidata":"Q498553","network:wikipedia":null,"note":null,"operator":null,"passenger_information_display":null,"public_transport":"platform","ref":"20881","route_ref":null,"shelter":"no","tactile_paving":null,"wheelchair":null,"asset_type":"Bus Stop","addr:city":null,"addr:housenumber":null,"addr:postcode":null,"addr:state":null,"addr:street":null,"addr:street:corner":null,"alt_name":null,"boundary":null,"ele":null,"gnis:feature_id":null,"leisure":null,"name:es":null,"opening_hours":null,"protect_class":null,"protection_title":null,"source":null,"type":null,"website":null,"wikidata":null,"wikipedia":null,"access":null,"barrier":null,"playground":null,"playground:theme":null,"survey:date":null,"place":null,"start_date":null,"surface":null,"amenity":null,"area":null,"denomination":null,"fax":null,"fence_type":null,"grades":null,"mascot":null,"name:en":null,"name:etymology:wikidata":null,"phone":null,"religion":null,"layer":"Bus Stops_points","path":"C:/Users/PMLS/Downloads/Hackathon work/Bus Stops_points.gpkg"},"geometry":{"type":"Point","coordinates":[-74.1000061,40.6949018]}},
{"type":"Feature","properties":{"fid":98,"id":"node/6171961451","@id":"node/6171961451","bench":null,"bin":null,"bus":"yes","construction":null,"covered":null,"description":null,"fixme":null,"gtfs:stop_id":null,"gtfs_stop_code":null,"highway":"bus_stop","level":null,"lit":null,"local_ref":null,"name":"Seaview Avenue at JFK Boulevard","network":"NJ Transit","network:short":"NJT","network:wikidata":"Q498553","network:wikipedia":null,"note":null,"operator":"NJ Transit Bus Operations","passenger_information_display":null,"public_transport":"platform","ref":"21088","route_ref":null,"shelter":null,"tactile_paving":null,"wheelchair":null,"asset_type":"Bus Stop","addr:city":null,"addr:housenumber":null,"addr:postcode":null,"addr:state":null,"addr:street":null,"addr:street:corner":null,"alt_name":null,"boundary":null,"ele":null,"gnis:feature_id":null,"leisure":null,"name:es":null,"opening_hours":null,"protect_class":null,"protection_title":null,"source":null,"type":null,"website":null,"wikidata":null,"wikipedia":null,"access":null,"barrier":null,"playground":null,"playground:theme":null,"survey:date":null,"place":null,"start_date":null,"surface":null,"amenity":null,"area":null,"denomination":null,"fax":null,"fence_type":null,"grades":null,"mascot":null,"name:en":null,"name:etymology:wikidata":null,"phone":null,"religion":null,"layer":"Bus Stops_points","path":"C:/Users/PMLS/Downloads/Hackathon work/Bus Stops_points.gpkg"},"geometry":{"type":"Point","coordinates":[-74.0988773,40.6955306]}},
{"type":"Feature","properties":{"fid":99,"id":"node/6171961452","@id":"node/6171961452","bench":null,"bin":null,"bus":"yes","construction":null,"covered":null,"description":null,"fixme":null,"gtfs:stop_id":null,"gtfs_stop_code":null,"highway":"bus_stop","level":null,"lit":null,"local_ref":null,"name":"Seaview Avenue at JFK Boulevard","network":"NJ Transit","network:short":"NJT","network:wikidata":"Q498553","network:wikipedia":null,"note":null,"operator":"NJ Transit Bus Operations","passenger_information_display":null,"public_transport":"platform","ref":"21087","route_ref":null,"shelter":null,"tactile_paving":null,"wheelchair":null,"asset_type":"Bus Stop","addr:city":null,"addr:housenumber":null,"addr:postcode":null,"addr:state":null,"addr:street":null,"addr:street:corner":null,"alt_name":null,"boundary":null,"ele":null,"gnis:feature_id":null,"leisure":null,"name:es":null,"opening_hours":null,"protect_class":null,"protection_title":null,"source":null,"type":null,"website":null,"wikidata":null,"wikipedia":null,"access":null,"barrier":null,"playground":null,"playground:theme":null,"survey:date":null,"place":null,"start_date":null,"surface":null,"amenity":null,"area":null,"denomination":null,"fax":null,"fence_type":null,"grades":null,"mascot":null,"name:en":null,"name:etymology:wikidata":null,"phone":null,"religion":null,"layer":"Bus Stops_points","path":"C:/Users/PMLS/Downloads/Hackathon work/Bus Stops_points.gpkg"},"geometry":{"type":"Point","coordinates":[-74.0992177,40.6957261]}},
{"type":"Feature","properties":{"fid":100,"id":"node/6171961453","@id":"node/6171961453","bench":null,"bin":null,"bus":"yes","construction":null,"covered":null,"description":null,"fixme":null,"gtfs:stop_id":null,"gtfs_stop_code":null,"highway":"bus_stop","level":null,"lit":null,"local_ref":null,"name":"Jfk Blvd At Winfield Ave","network":"NJ Transit","network:short":"NJT","network:wikidata":"Q498553","network:wikipedia":null,"note":null,"operator":null,"passenger_information_display":null,"public_transport":"platform","ref":"20880","route_ref":null,"shelter":"no","tactile_paving":null,"wheelchair":null,"asset_type":"Bus Stop","addr:city":null,"addr:housenumber":null,"addr:postcode":null,"addr:state":null,"addr:street":null,"addr:street:corner":null,"alt_name":null,"boundary":null,"ele":null,"gnis:feature_id":null,"leisure":null,"name:es":null,"opening_hours":null,"protect_class":null,"protection_title":null,"source":null,"type":null,"website":null,"wikidata":null,"wikipedia":null,"access":null,"barrier":null,"playground":null,"playground:theme":null,"survey:date":null,"place":null,"start_date":null,"surface":null,"amenity":null,"area":null,"denomination":null,"fax":null,"fence_type":null,"grades":null,"mascot":null,"name:en":null,"name:etymology:wikidata":null,"phone":null,"religion":null,"layer":"Bus Stops_points","path":"C:/Users/PMLS/Downloads/Hackathon work/Bus Stops_points.gpkg"},"geometry":{"type":"Point","coordinates":[-74.0976874,40.6971436]}},
{"type":"Feature","properties":{"fid":101,"id":"node/6171961454","@id":"node/6171961454","bench":null,"bin":null,"bus":"yes","construction":null,"covered":null,"description":null,"fixme":null,"gtfs:stop_id":null,"gtfs_stop_code":null,"highway":"bus_stop","level":null,"lit":null,"local_ref":null,"name":"Jfk Blvd At Winfield Ave","network":"NJ Transit","network:short":"NJT","network:wikidata":"Q498553","network:wikipedia":null,"note":null,"operator":null,"passenger_information_display":null,"public_transport":"platform","ref":"31756","route_ref":null,"shelter":"no","tactile_paving":null,"wheelchair":null,"asset_type":"Bus Stop","addr:city":null,"addr:housenumber":null,"addr:postcode":null,"addr:state":null,"addr:street":null,"addr:street:corner":null,"alt_name":null,"boundary":null,"ele":null,"gnis:feature_id":null,"leisure":null,"name:es":null,"opening_hours":null,"protect_class":null,"protection_title":null,"source":null,"type":null,"website":null,"wikidata":null,"wikipedia":null,"access":null,"barrier":null,"playground":null,"playground:theme":null,"survey:date":null,"place":null,"start_date":null,"surface":null,"amenity":null,"area":null,"denomination":null,"fax":null,"fence_type":null,"grades":null,"mascot":null,"name:en":null,"name:etymology:wikidata":null,"phone":null,"religion":null,"layer":"Bus Stops_points","path":"C:/Users/PMLS/Downloads/Hackathon work/Bus Stops_points.gpkg"},"geometry":{"type":"Point","coordinates":[-74.0975771,40.6969232]}},
{"type":"Feature","properties":{"fid":102,"id":"node/6171961455","@id":"node/6171961455","bench":null,"bin":null,"bus":"yes","construction":null,"covered":null,"description":null,"fixme":null,"gtfs:stop_id":null,"gtfs_stop_code":null,"highway":"bus_stop","level":null,"lit":null,"local_ref":null,"name":"Jfk Blvd At Pearsall Ave","network":"NJ Transit","network:short":"NJT","network:wikidata":"Q498553","network:wikipedia":null,"note":null,"operator":null,"passenger_information_display":null,"public_transport":"platform","ref":"20792","route_ref":null,"shelter":"no","tactile_paving":null,"wheelchair":null,"asset_type":"Bus Stop","addr:city":null,"addr:housenumber":null,"addr:postcode":null,"addr:state":null,"addr:street":null,"addr:street:corner":null,"alt_name":null,"boundary":null,"ele":null,"gnis:feature_id":null,"leisure":null,"name:es":null,"opening_hours":null,"protect_class":null,"protection_title":null,"source":null,"type":null,"website":null,"wikidata":null,"wikipedia":null,"access":null,"barrier":null,"playground":null,"playground:theme":null,"survey:date":null,"place":null,"start_date":null,"surface":null,"amenity":null,"area":null,"denomination":null,"fax":null,"fence_type":null,"grades":null,"mascot":null,"name:en":null,"name:etymology:wikidata":null,"phone":null,"religion":null,"layer":"Bus Stops_points","path":"C:/Users/PMLS/Downloads/Hackathon work/Bus Stops_points.gpkg"},"geometry":{"type":"Point","coordinates":[-74.0966836,40.6977911]}},
{"type":"Feature","properties":{"fid":103,"id":"node/6171961456","@id":"node/6171961456","bench":null,"bin":null,"bus":"yes","construction":null,"covered":null,"description":null,"fixme":null,"gtfs:stop_id":null,"gtfs_stop_code":null,"highway":"bus_stop","level":null,"lit":null,"local_ref":null,"name":"Jfk Blvd At Pearsall Ave","network":"NJ Transit","network:short":"NJT","network:wikidata":"Q498553","network:wikipedia":null,"note":null,"operator":null,"passenger_information_display":null,"public_transport":"platform","ref":"20879","route_ref":null,"shelter":"no","tactile_paving":null,"wheelchair":null,"asset_type":"Bus Stop","addr:city":null,"addr:housenumber":null,"addr:postcode":null,"addr:state":null,"addr:street":null,"addr:street:corner":null,"alt_name":null,"boundary":null,"ele":null,"gnis:feature_id":null,"leisure":null,"name:es":null,"opening_hours":null,"protect_class":null,"protection_title":null,"source":null,"type":null,"website":null,"wikidata":null,"wikipedia":null,"access":null,"barrier":null,"playground":null,"playground:theme":null,"survey:date":null,"place":null,"start_date":null,"surface":null,"amenity":null,"area":null,"denomination":null,"fax":null,"fence_type":null,"grades":null,"mascot":null,"name:en":null,"name:etymology:wikidata":null,"phone":null,"religion":null,"layer":"Bus Stops_points","path":"C:/Users/PMLS/Downloads/Hackathon work/Bus Stops_points.gpkg"},"geometry":{"type":"Point","coordinates":[-74.0969463,40.6978518]}},
{"type":"Feature","properties":{"fid":104,"id":"node/6171961457","@id":"node/6171961457","bench":null,"bin":null,"bus":"yes","construction":null,"covered":null,"description":null,"fixme":null,"gtfs:stop_id":null,"gtfs_stop_code":null,"highway":"bus_stop","level":null,"lit":null,"local_ref":null,"name":"Jfk Blvd At Greenville Ave","network":"NJ Transit","network:short":"NJT","network:wikidata":"Q498553","network:wikipedia":null,"note":null,"operator":null,"passenger_information_display":null,"public_transport":"platform","ref":"20878","route_ref":null,"shelter":"no","tactile_paving":null,"wheelchair":null,"asset_type":"Bus Stop","addr:city":null,"addr:housenumber":null,"addr:postcode":null,"addr:state":null,"addr:street":null,"addr:street:corner":null,"alt_name":null,"boundary":null,"ele":null,"gnis:feature_id":null,"leisure":null,"name:es":null,"opening_hours":null,"protect_class":null,"protection_title":null,"source":null,"type":null,"website":null,"wikidata":null,"wikipedia":null,"access":null,"barrier":null,"playground":null,"playground:theme":null,"survey:date":null,"place":null,"start_date":null,"surface":null,"amenity":null,"area":null,"denomination":null,"fax":null,"fence_type":null,"grades":null,"mascot":null,"name:en":null,"name:etymology:wikidata":null,"phone":null,"religion":null,"layer":"Bus Stops_points","path":"C:/Users/PMLS/Downloads/Hackathon work/Bus Stops_points.gpkg"},"geometry":{"type":"Point","coordinates":[-74.0960339,40.6989273]}},
{"type":"Feature","properties":{"fid":105,"id":"node/6171961458","@id":"node/6171961458","bench":null,"bin":null,"bus":"yes","construction":null,"covered":null,"description":null,"fixme":null,"gtfs:stop_id":null,"gtfs_stop_code":null,"highway":"bus_stop","level":null,"lit":null,"local_ref":null,"name":"Jfk Blvd At Greenville Ave","network":"NJ Transit","network:short":"NJT","network:wikidata":"Q498553","network:wikipedia":null,"note":null,"operator":null,"passenger_information_display":null,"public_transport":"platform","ref":"20793","route_ref":null,"shelter":"no","tactile_paving":null,"wheelchair":null,"asset_type":"Bus Stop","addr:city":null,"addr:housenumber":null,"addr:postcode":null,"addr:state":null,"addr:street":null,"addr:street:corner":null,"alt_name":null,"boundary":null,"ele":null,"gnis:feature_id":null,"leisure":null,"name:es":null,"opening_hours":null,"protect_class":null,"protection_title":null,"source":null,"type":null,"website":null,"wikidata":null,"wikipedia":null,"access":null,"barrier":null,"playground":null,"playground:theme":null,"survey:date":null,"place":null,"start_date":null,"surface":null,"amenity":null,"area":null,"denomination":null,"fax":null,"fence_type":null,"grades":null,"mascot":null,"name:en":null,"name:etymology:wikidata":null,"phone":null,"religion":null,"layer":"Bus Stops_points","path":"C:/Users/PMLS/Downloads/Hackathon work/Bus Stops_points.gpkg"},"geometry":{"type":"Point","coordinates":[-74.0954496,40.6991373]}},
{"type":"Feature","properties":{"fid":106,"id":"node/6171961459","@id":"node/6171961459","bench":null,"bin":null,"bus":"yes","construction":null,"covered":null,"description":null,"fixme":null,"gtfs:stop_id":null,"gtfs_stop_code":null,"highway":"bus_stop","level":null,"lit":null,"local_ref":null,"name":"Jfk Blvd At Danforth Ave","network":"NJ Transit","network:short":"NJT","network:wikidata":"Q498553","network:wikipedia":null,"note":null,"operator":null,"passenger_information_display":null,"public_transport":"platform","ref":"20877","route_ref":null,"shelter":"no","tactile_paving":null,"wheelchair":null,"asset_type":"Bus Stop","addr:city":null,"addr:housenumber":null,"addr:postcode":null,"addr:state":null,"addr:street":null,"addr:street:corner":null,"alt_name":null,"boundary":null,"ele":null,"gnis:feature_id":null,"leisure":null,"name:es":null,"opening_hours":null,"protect_class":null,"protection_title":null,"source":null,"type":null,"website":null,"wikidata":null,"wikipedia":null,"access":null,"barrier":null,"playground":null,"playground:theme":null,"survey:date":null,"place":null,"start_date":null,"surface":null,"amenity":null,"area":null,"denomination":null,"fax":null,"fence_type":null,"grades":null,"mascot":null,"name:en":null,"name:etymology:wikidata":null,"phone":null,"religion":null,"layer":"Bus Stops_points","path":"C:/Users/PMLS/Downloads/Hackathon work/Bus Stops_points.gpkg"},"geometry":{"type":"Point","coordinates":[-74.0947194,40.7000492]}},
{"type":"Feature","properties":{"fid":107,"id":"node/6171961460","@id":"node/6171961460","bench":null,"bin":null,"bus":"yes","construction":null,"covered":null,"description":null,"fixme":null,"gtfs:stop_id":null,"gtfs_stop_code":null,"highway":"bus_stop","level":null,"lit":null,"local_ref":null,"name":"Jfk Blvd At Danforth Ave","network":"NJ Transit","network:short":"NJT","network:wikidata":"Q498553","network:wikipedia":null,"note":null,"operator":null,"passenger_information_display":null,"public_transport":"platform","ref":"20794","route_ref":null,"shelter":"no","tactile_paving":null,"wheelchair":null,"asset_type":"Bus Stop","addr:city":null,"addr:housenumber":null,"addr:postcode":null,"addr:state":null,"addr:street":null,"addr:street:corner":null,"alt_name":null,"boundary":null,"ele":null,"gnis:feature_id":null,"leisure":null,"name:es":null,"opening_hours":null,"protect_class":null,"protection_title":null,"source":null,"type":null,"website":null,"wikidata":null,"wikipedia":null,"access":null,"barrier":null,"playground":null,"playground:theme":null,"survey:date":null,"place":null,"start_date":null,"surface":null,"amenity":null,"area":null,"denomination":null,"fax":null,"fence_type":null,"grades":null,"mascot":null,"name:en":null,"name:etymology:wikidata":null,"phone":null,"religion":null,"layer":"Bus Stops_points","path":"C:/Users/PMLS/Downloads/Hackathon work/Bus Stops_points.gpkg"},"geometry":{"type":"Point","coordinates":[-74.0941742,40.7002453]}},
{"type":"Feature","properties":{"fid":108,"id":"node/6171961461","@id":"node/6171961461","bench":null,"bin":null,"bus":"yes","construction":null,"covered":null,"description":null,"fixme":null,"gtfs:stop_id":null,"gtfs_stop_code":null,"highway":"bus_stop","level":null,"lit":null,"local_ref":null,"name":"Jfk Blvd At Wade St","network":"NJ Transit","network:short":"NJT","network:wikidata":"Q498553","network:wikipedia":null,"note":null,"operator":"NJ Transit","passenger_information_display":null,"public_transport":"platform","ref":"20796","route_ref":null,"shelter":"no","tactile_paving":null,"wheelchair":null,"asset_type":"Bus Stop","addr:city":null,"addr:housenumber":null,"addr:postcode":null,"addr:state":null,"addr:street":null,"addr:street:corner":null,"alt_name":null,"boundary":null,"ele":null,"gnis:feature_id":null,"leisure":null,"name:es":null,"opening_hours":null,"protect_class":null,"protection_title":null,"source":null,"type":null,"website":null,"wikidata":null,"wikipedia":null,"access":null,"barrier":null,"playground":null,"playground:theme":null,"survey:date":null,"place":null,"start_date":null,"surface":null,"amenity":null,"area":null,"denomination":null,"fax":null,"fence_type":null,"grades":null,"mascot":null,"name:en":null,"name:etymology:wikidata":null,"phone":null,"religion":null,"layer":"Bus Stops_points","path":"C:/Users/PMLS/Downloads/Hackathon work/Bus Stops_points.gpkg"},"geometry":{"type":"Point","coordinates":[-74.0911806,40.7027341]}},
{"type":"Feature","properties":{"fid":109,"id":"node/6171961462","@id":"node/6171961462","bench":null,"bin":null,"bus":"yes","construction":null,"covered":null,"description":null,"fixme":null,"gtfs:stop_id":null,"gtfs_stop_code":null,"highway":"bus_stop","level":null,"lit":null,"local_ref":null,"name":"Jfk Blvd At Stevens Ave","network":"NJ Transit","network:short":"NJT","network:wikidata":"Q498553","network:wikipedia":null,"note":null,"operator":"NJ Transit","passenger_information_display":null,"public_transport":"platform","ref":"20875","route_ref":null,"shelter":"no","tactile_paving":null,"wheelchair":null,"asset_type":"Bus Stop","addr:city":null,"addr:housenumber":null,"addr:postcode":null,"addr:state":null,"addr:street":null,"addr:street:corner":null,"alt_name":null,"boundary":null,"ele":null,"gnis:feature_id":null,"leisure":null,"name:es":null,"opening_hours":null,"protect_class":null,"protection_title":null,"source":null,"type":null,"website":null,"wikidata":null,"wikipedia":null,"access":null,"barrier":null,"playground":null,"playground:theme":null,"survey:date":null,"place":null,"start_date":null,"surface":null,"amenity":null,"area":null,"denomination":null,"fax":null,"fence_type":null,"grades":null,"mascot":null,"name:en":null,"name:etymology:wikidata":null,"phone":null,"religion":null,"layer":"Bus Stops_points","path":"C:/Users/PMLS/Downloads/Hackathon work/Bus Stops_points.gpkg"},"geometry":{"type":"Point","coordinates":[-74.091222,40.7029696]}},
{"type":"Feature","properties":{"fid":110,"id":"node/6171961463","@id":"node/6171961463","bench":null,"bin":null,"bus":"yes","construction":null,"covered":null,"description":null,"fixme":null,"gtfs:stop_id":null,"gtfs_stop_code":null,"highway":"bus_stop","level":null,"lit":null,"local_ref":null,"name":"Jfk Blvd At Fowler Ave","network":"NJ Transit","network:short":"NJT","network:wikidata":"Q498553","network:wikipedia":null,"note":null,"operator":null,"passenger_information_display":null,"public_transport":"platform","ref":"20797","route_ref":null,"shelter":"no","tactile_paving":null,"wheelchair":null,"asset_type":"Bus Stop","addr:city":null,"addr:housenumber":null,"addr:postcode":null,"addr:state":null,"addr:street":null,"addr:street:corner":null,"alt_name":null,"boundary":null,"ele":null,"gnis:feature_id":null,"leisure":null,"name:es":null,"opening_hours":null,"protect_class":null,"protection_title":null,"source":null,"type":null,"website":null,"wikidata":null,"wikipedia":null,"access":null,"barrier":null,"playground":null,"playground:theme":null,"survey:date":null,"place":null,"start_date":null,"surface":null,"amenity":null,"area":null,"denomination":null,"fax":null,"fence_type":null,"grades":null,"mascot":null,"name:en":null,"name:etymology:wikidata":null,"phone":null,"religion":null,"layer":"Bus Stops_points","path":"C:/Users/PMLS/Downloads/Hackathon work/Bus Stops_points.gpkg"},"geometry":{"type":"Point","coordinates":[-74.0901271,40.7041361]}},
{"type":"Feature","properties":{"fid":111,"id":"node/6171961464","@id":"node/6171961464","bench":null,"bin":null,"bus":"yes","construction":null,"covered":null,"description":null,"fixme":null,"gtfs:stop_id":null,"gtfs_stop_code":null,"highway":"bus_stop","level":null,"lit":null,"local_ref":null,"name":"Jfk Blvd At Van Nostrand Ave","network":"NJ Transit","network:short":"NJT","network:wikidata":"Q498553","network:wikipedia":null,"note":null,"operator":null,"passenger_information_display":null,"public_transport":"platform","ref":"20873","route_ref":null,"shelter":"no","tactile_paving":null,"wheelchair":null,"asset_type":"Bus Stop","addr:city":null,"addr:housenumber":null,"addr:postcode":null,"addr:state":null,"addr:street":null,"addr:street:corner":null,"alt_name":null,"boundary":null,"ele":null,"gnis:feature_id":null,"leisure":null,"name:es":null,"opening_hours":null,"protect_class":null,"protection_title":null,"source":null,"type":null,"website":null,"wikidata":null,"wikipedia":null,"access":null,"barrier":null,"playground":null,"playground:theme":null,"survey:date":null,"place":null,"start_date":null,"surface":null,"amenity":null,"area":null,"denomination":null,"fax":null,"fence_type":null,"grades":null,"mascot":null,"name:en":null,"name:etymology:wikidata":null,"phone":null,"religion":null,"layer":"Bus Stops_points","path":"C:/Users/PMLS/Downloads/Hackathon work/Bus Stops_points.gpkg"},"geometry":{"type":"Point","coordinates":[-74.0903767,40.7043853]}},
{"type":"Feature","properties":{"fid":112,"id":"node/6171961465","@id":"node/6171961465","bench":null,"bin":null,"bus":"yes","construction":null,"covered":null,"description":null,"fixme":null,"gtfs:stop_id":null,"gtfs_stop_code":null,"highway":"bus_stop","level":null,"lit":null,"local_ref":null,"name":"Jfk Blvd At Woodlawn Ave","network":"NJ Transit","network:short":"NJT","network:wikidata":"Q498553","network:wikipedia":null,"note":null,"operator":null,"passenger_information_display":null,"public_transport":"platform","ref":"20799","route_ref":null,"shelter":"no","tactile_paving":null,"wheelchair":null,"asset_type":"Bus Stop","addr:city":null,"addr:housenumber":null,"addr:postcode":null,"addr:state":null,"addr:street":null,"addr:street:corner":null,"alt_name":null,"boundary":null,"ele":null,"gnis:feature_id":null,"leisure":null,"name:es":null,"opening_hours":null,"protect_class":null,"protection_title":null,"source":null,"type":null,"website":null,"wikidata":null,"wikipedia":null,"access":null,"barrier":null,"playground":null,"playground:theme":null,"survey:date":null,"place":null,"start_date":null,"surface":null,"amenity":null,"area":null,"denomination":null,"fax":null,"fence_type":null,"grades":null,"mascot":null,"name:en":null,"name:etymology:wikidata":null,"phone":null,"religion":null,"layer":"Bus Stops_points","path":"C:/Users/PMLS/Downloads/Hackathon work/Bus Stops_points.gpkg"},"geometry":{"type":"Point","coordinates":[-74.0892384,40.7054336]}},
{"type":"Feature","properties":{"fid":113,"id":"node/6171961466","@id":"node/6171961466","bench":null,"bin":null,"bus":"yes","construction":null,"covered":null,"description":null,"fixme":null,"gtfs:stop_id":null,"gtfs_stop_code":null,"highway":"bus_stop","level":null,"lit":null,"local_ref":null,"name":"Jfk Blvd At Woodlawn Ave","network":"NJ Transit","network:short":"NJT","network:wikidata":"Q498553","network:wikipedia":null,"note":null,"operator":null,"passenger_information_display":null,"public_transport":"platform","ref":"20872","route_ref":null,"shelter":"no","tactile_paving":null,"wheelchair":null,"asset_type":"Bus Stop","addr:city":null,"addr:housenumber":null,"addr:postcode":null,"addr:state":null,"addr:street":null,"addr:street:corner":null,"alt_name":null,"boundary":null,"ele":null,"gnis:feature_id":null,"leisure":null,"name:es":null,"opening_hours":null,"protect_class":null,"protection_title":null,"source":null,"type":null,"website":null,"wikidata":null,"wikipedia":null,"access":null,"barrier":null,"playground":null,"playground:theme":null,"survey:date":null,"place":null,"start_date":null,"surface":null,"amenity":null,"area":null,"denomination":null,"fax":null,"fence_type":null,"grades":null,"mascot":null,"name:en":null,"name:etymology:wikidata":null,"phone":null,"religion":null,"layer":"Bus Stops_points","path":"C:/Users/PMLS/Downloads/Hackathon work/Bus Stops_points.gpkg"},"geometry":{"type":"Point","coordinates":[-74.0898372,40.7051713]}},
{"type":"Feature","properties":{"fid":114,"id":"node/6171961467","@id":"node/6171961467","bench":null,"bin":null,"bus":"yes","construction":null,"covered":null,"description":null,"fixme":null,"gtfs:stop_id":null,"gtfs_stop_code":null,"highway":"bus_stop","level":null,"lit":null,"local_ref":null,"name":"Jfk Blvd At Dwight St","network":"NJ Transit","network:short":"NJT","network:wikidata":"Q498553","network:wikipedia":null,"note":null,"operator":null,"passenger_information_display":null,"public_transport":"platform","ref":"20800","route_ref":null,"shelter":"no","tactile_paving":null,"wheelchair":null,"asset_type":"Bus Stop","addr:city":null,"addr:housenumber":null,"addr:postcode":null,"addr:state":null,"addr:street":null,"addr:street:corner":null,"alt_name":null,"boundary":null,"ele":null,"gnis:feature_id":null,"leisure":null,"name:es":null,"opening_hours":null,"protect_class":null,"protection_title":null,"source":null,"type":null,"website":null,"wikidata":null,"wikipedia":null,"access":null,"barrier":null,"playground":null,"playground:theme":null,"survey:date":null,"place":null,"start_date":null,"surface":null,"amenity":null,"area":null,"denomination":null,"fax":null,"fence_type":null,"grades":null,"mascot":null,"name:en":null,"name:etymology:wikidata":null,"phone":null,"religion":null,"layer":"Bus Stops_points","path":"C:/Users/PMLS/Downloads/Hackathon work/Bus Stops_points.gpkg"},"geometry":{"type":"Point","coordinates":[-74.0884454,40.706953]}},
{"type":"Feature","properties":{"fid":115,"id":"node/6171961468","@id":"node/6171961468","bench":null,"bin":null,"bus":"yes","construction":null,"covered":null,"description":null,"fixme":null,"gtfs:stop_id":null,"gtfs_stop_code":null,"highway":"bus_stop","level":null,"lit":null,"local_ref":null,"name":"Jfk Blvd At Stegman Pkwy","network":"NJ Transit","network:short":"NJT","network:wikidata":"Q498553","network:wikipedia":null,"note":null,"operator":null,"passenger_information_display":null,"public_transport":"platform","ref":"20870","route_ref":null,"shelter":"no","tactile_paving":null,"wheelchair":null,"asset_type":"Bus Stop","addr:city":null,"addr:housenumber":null,"addr:postcode":null,"addr:state":null,"addr:street":null,"addr:street:corner":null,"alt_name":null,"boundary":null,"ele":null,"gnis:feature_id":null,"leisure":null,"name:es":null,"opening_hours":null,"protect_class":null,"protection_title":null,"source":null,"type":null,"website":null,"wikidata":null,"wikipedia":null,"access":null,"barrier":null,"playground":null,"playground:theme":null,"survey:date":null,"place":null,"start_date":null,"surface":null,"amenity":null,"area":null,"denomination":null,"fax":null,"fence_type":null,"grades":null,"mascot":null,"name:en":null,"name:etymology:wikidata":null,"phone":null,"religion":null,"layer":"Bus Stops_points","path":"C:/Users/PMLS/Downloads/Hackathon work/Bus Stops_points.gpkg"},"geometry":{"type":"Point","coordinates":[-74.0882889,40.707382]}},
{"type":"Feature","properties":{"fid":116,"id":"node/6171961469","@id":"node/6171961469","bench":null,"bin":null,"bus":"yes","construction":null,"covered":null,"description":null,"fixme":null,"gtfs:stop_id":null,"gtfs_stop_code":null,"highway":"bus_stop","level":null,"lit":null,"local_ref":null,"name":"Jfk Blvd At Van Houten Ave","network":"NJ Transit","network:short":"NJT","network:wikidata":"Q498553","network:wikipedia":null,"note":null,"operator":null,"passenger_information_display":null,"public_transport":"platform","ref":"20871","route_ref":null,"shelter":"no","tactile_paving":null,"wheelchair":null,"asset_type":"Bus Stop","addr:city":null,"addr:housenumber":null,"addr:postcode":null,"addr:state":null,"addr:street":null,"addr:street:corner":null,"alt_name":null,"boundary":null,"ele":null,"gnis:feature_id":null,"leisure":null,"name:es":null,"opening_hours":null,"protect_class":null,"protection_title":null,"source":null,"type":null,"website":null,"wikidata":null,"wikipedia":null,"access":null,"barrier":null,"playground":null,"playground:theme":null,"survey:date":null,"place":null,"start_date":null,"surface":null,"amenity":null,"area":null,"denomination":null,"fax":null,"fence_type":null,"grades":null,"mascot":null,"name:en":null,"name:etymology:wikidata":null,"phone":null,"religion":null,"layer":"Bus Stops_points","path":"C:/Users/PMLS/Downloads/Hackathon work/Bus Stops_points.gpkg"},"geometry":{"type":"Point","coordinates":[-74.0888798,40.7068416]}},
{"type":"Feature","properties":{"fid":117,"id":"node/6171961470","@id":"node/6171961470","bench":null,"bin":null,"bus":"yes","construction":null,"covered":null,"description":null,"fixme":null,"gtfs:stop_id":null,"gtfs_stop_code":null,"highway":"bus_stop","level":null,"lit":null,"local_ref":null,"name":"Jfk Blvd At Audubon Ave","network":"NJ Transit","network:short":"NJT","network:wikidata":"Q498553","network:wikipedia":null,"note":null,"operator":null,"passenger_information_display":null,"public_transport":"platform","ref":"20801","route_ref":null,"shelter":"no","tactile_paving":null,"wheelchair":null,"asset_type":"Bus Stop","addr:city":null,"addr:housenumber":null,"addr:postcode":null,"addr:state":null,"addr:street":null,"addr:street:corner":null,"alt_name":null,"boundary":null,"ele":null,"gnis:feature_id":null,"leisure":null,"name:es":null,"opening_hours":null,"protect_class":null,"protection_title":null,"source":null,"type":null,"website":null,"wikidata":null,"wikipedia":null,"access":null,"barrier":null,"playground":null,"playground:theme":null,"survey:date":null,"place":null,"start_date":null,"surface":null,"amenity":null,"area":null,"denomination":null,"fax":null,"fence_type":null,"grades":null,"mascot":null,"name:en":null,"name:etymology:wikidata":null,"phone":null,"religion":null,"layer":"Bus Stops_points","path":"C:/Users/PMLS/Downloads/Hackathon work/Bus Stops_points.gpkg"},"geometry":{"type":"Point","coordinates":[-74.0872295,40.7078741]}},
{"type":"Feature","properties":{"fid":118,"id":"node/6171961471","@id":"node/6171961471","bench":null,"bin":null,"bus":"yes","construction":null,"covered":null,"description":null,"fixme":null,"gtfs:stop_id":null,"gtfs_stop_code":null,"highway":"bus_stop","level":null,"lit":null,"local_ref":null,"name":"Jfk Blvd At Audubon Ave","network":"NJ Transit","network:short":"NJT","network:wikidata":"Q498553","network:wikipedia":null,"note":null,"operator":null,"passenger_information_display":null,"public_transport":"platform","ref":"20869","route_ref":null,"shelter":"no","tactile_paving":null,"wheelchair":null,"asset_type":"Bus Stop","addr:city":null,"addr:housenumber":null,"addr:postcode":null,"addr:state":null,"addr:street":null,"addr:street:corner":null,"alt_name":null,"boundary":null,"ele":null,"gnis:feature_id":null,"leisure":null,"name:es":null,"opening_hours":null,"protect_class":null,"protection_title":null,"source":null,"type":null,"website":null,"wikidata":null,"wikipedia":null,"access":null,"barrier":null,"playground":null,"playground:theme":null,"survey:date":null,"place":null,"start_date":null,"surface":null,"amenity":null,"area":null,"denomination":null,"fax":null,"fence_type":null,"grades":null,"mascot":null,"name:en":null,"name:etymology:wikidata":null,"phone":null,"religion":null,"layer":"Bus Stops_points","path":"C:/Users/PMLS/Downloads/Hackathon work/Bus Stops_points.gpkg"},"geometry":{"type":"Point","coordinates":[-74.0874773,40.7079928]}},
{"type":"Feature","properties":{"fid":119,"id":"node/6171961472","@id":"node/6171961472","bench":null,"bin":null,"bus":"yes","construction":null,"covered":null,"description":null,"fixme":null,"gtfs:stop_id":null,"gtfs_stop_code":null,"highway":"bus_stop","level":null,"lit":null,"local_ref":null,"name":"Jfk Blvd 50'N Of Bayview Avenue","network":"NJ Transit","network:short":"NJT","network:wikidata":"Q498553","network:wikipedia":null,"note":null,"operator":null,"passenger_information_display":null,"public_transport":"platform","ref":"31591","route_ref":null,"shelter":"no","tactile_paving":null,"wheelchair":null,"asset_type":"Bus Stop","addr:city":null,"addr:housenumber":null,"addr:postcode":null,"addr:state":null,"addr:street":null,"addr:street:corner":null,"alt_name":null,"boundary":null,"ele":null,"gnis:feature_id":null,"leisure":null,"name:es":null,"opening_hours":null,"protect_class":null,"protection_title":null,"source":null,"type":null,"website":null,"wikidata":null,"wikipedia":null,"access":null,"barrier":null,"playground":null,"playground:theme":null,"survey:date":null,"place":null,"start_date":null,"surface":null,"amenity":null,"area":null,"denomination":null,"fax":null,"fence_type":null,"grades":null,"mascot":null,"name:en":null,"name:etymology:wikidata":null,"phone":null,"religion":null,"layer":"Bus Stops_points","path":"C:/Users/PMLS/Downloads/Hackathon work/Bus Stops_points.gpkg"},"geometry":{"type":"Point","coordinates":[-74.0857567,40.7091852]}},
{"type":"Feature","properties":{"fid":120,"id":"node/6171961473","@id":"node/6171961473","bench":null,"bin":null,"bus":"yes","construction":null,"covered":null,"description":null,"fixme":null,"gtfs:stop_id":null,"gtfs_stop_code":null,"highway":"bus_stop","level":null,"lit":null,"local_ref":null,"name":"Jfk Blvd At Bayview Ave","network":"NJ Transit","network:short":"NJT","network:wikidata":"Q498553","network:wikipedia":null,"note":null,"operator":null,"passenger_information_display":null,"public_transport":"platform","ref":"31592","route_ref":null,"shelter":"yes","tactile_paving":null,"wheelchair":null,"asset_type":"Bus Stop","addr:city":null,"addr:housenumber":null,"addr:postcode":null,"addr:state":null,"addr:street":null,"addr:street:corner":null,"alt_name":null,"boundary":null,"ele":null,"gnis:feature_id":null,"leisure":null,"name:es":null,"opening_hours":null,"protect_class":null,"protection_title":null,"source":null,"type":null,"website":null,"wikidata":null,"wikipedia":null,"access":null,"barrier":null,"playground":null,"playground:theme":null,"survey:date":null,"place":null,"start_date":null,"surface":null,"amenity":null,"area":null,"denomination":null,"fax":null,"fence_type":null,"grades":null,"mascot":null,"name:en":null,"name:etymology:wikidata":null,"phone":null,"religion":null,"layer":"Bus Stops_points","path":"C:/Users/PMLS/Downloads/Hackathon work/Bus Stops_points.gpkg"},"geometry":{"type":"Point","coordinates":[-74.0862253,40.708982]}},
{"type":"Feature","properties":{"fid":121,"id":"node/6171961474","@id":"node/6171961474","bench":null,"bin":null,"bus":"yes","construction":null,"covered":null,"description":null,"fixme":null,"gtfs:stop_id":null,"gtfs_stop_code":null,"highway":"bus_stop","level":null,"lit":null,"local_ref":null,"name":"Jfk Blvd At Broadman Pkwy","network":"NJ Transit","network:short":"NJT","network:wikidata":"Q498553","network:wikipedia":null,"note":null,"operator":null,"passenger_information_display":null,"public_transport":"platform","ref":"20802","route_ref":null,"shelter":"no","tactile_paving":null,"wheelchair":null,"asset_type":"Bus Stop","addr:city":null,"addr:housenumber":null,"addr:postcode":null,"addr:state":null,"addr:street":null,"addr:street:corner":null,"alt_name":null,"boundary":null,"ele":null,"gnis:feature_id":null,"leisure":null,"name:es":null,"opening_hours":null,"protect_class":null,"protection_title":null,"source":null,"type":null,"website":null,"wikidata":null,"wikipedia":null,"access":null,"barrier":null,"playground":null,"playground:theme":null,"survey:date":null,"place":null,"start_date":null,"surface":null,"amenity":null,"area":null,"denomination":null,"fax":null,"fence_type":null,"grades":null,"mascot":null,"name:en":null,"name:etymology:wikidata":null,"phone":null,"religion":null,"layer":"Bus Stops_points","path":"C:/Users/PMLS/Downloads/Hackathon work/Bus Stops_points.gpkg"},"geometry":{"type":"Point","coordinates":[-74.0846834,40.710925]}},
{"type":"Feature","properties":{"fid":122,"id":"node/6171961475","@id":"node/6171961475","bench":null,"bin":null,"bus":"yes","construction":null,"covered":null,"description":null,"fixme":null,"gtfs:stop_id":null,"gtfs_stop_code":null,"highway":"bus_stop","level":null,"lit":null,"local_ref":null,"name":"Jfk Blvd At Broadman Pkwy","network":"NJ Transit","network:short":"NJT","network:wikidata":"Q498553","network:wikipedia":null,"note":null,"operator":null,"passenger_information_display":null,"public_transport":"platform","ref":"20868","route_ref":null,"shelter":"no","tactile_paving":null,"wheelchair":null,"asset_type":"Bus Stop","addr:city":null,"addr:housenumber":null,"addr:postcode":null,"addr:state":null,"addr:street":null,"addr:street:corner":null,"alt_name":null,"boundary":null,"ele":null,"gnis:feature_id":null,"leisure":null,"name:es":null,"opening_hours":null,"protect_class":null,"protection_title":null,"source":null,"type":null,"website":null,"wikidata":null,"wikipedia":null,"access":null,"barrier":null,"playground":null,"playground:theme":null,"survey:date":null,"place":null,"start_date":null,"surface":null,"amenity":null,"area":null,"denomination":null,"fax":null,"fence_type":null,"grades":null,"mascot":null,"name:en":null,"name:etymology:wikidata":null,"phone":null,"religion":null,"layer":"Bus Stops_points","path":"C:/Users/PMLS/Downloads/Hackathon work/Bus Stops_points.gpkg"},"geometry":{"type":"Point","coordinates":[-74.0850319,40.7109341]}},
{"type":"Feature","properties":{"fid":123,"id":"node/6171961476","@id":"node/6171961476","bench":null,"bin":null,"bus":"yes","construction":null,"covered":null,"description":null,"fixme":null,"gtfs:stop_id":null,"gtfs_stop_code":null,"highway":"bus_stop","level":null,"lit":null,"local_ref":null,"name":"Jfk Blvd At Claremont Ave","network":"NJ Transit","network:short":"NJT","network:wikidata":"Q498553","network:wikipedia":null,"note":null,"operator":null,"passenger_information_display":null,"public_transport":"platform","ref":"20803","route_ref":null,"shelter":"no","tactile_paving":null,"wheelchair":null,"asset_type":"Bus Stop","addr:city":null,"addr:housenumber":null,"addr:postcode":null,"addr:state":null,"addr:street":null,"addr:street:corner":null,"alt_name":null,"boundary":null,"ele":null,"gnis:feature_id":null,"leisure":null,"name:es":null,"opening_hours":null,"protect_class":null,"protection_title":null,"source":null,"type":null,"website":null,"wikidata":null,"wikipedia":null,"access":null,"barrier":null,"playground":null,"playground:theme":null,"survey:date":null,"place":null,"start_date":null,"surface":null,"amenity":null,"area":null,"denomination":null,"fax":null,"fence_type":null,"grades":null,"mascot":null,"name:en":null,"name:etymology:wikidata":null,"phone":null,"religion":null,"layer":"Bus Stops_points","path":"C:/Users/PMLS/Downloads/Hackathon work/Bus Stops_points.gpkg"},"geometry":{"type":"Point","coordinates":[-74.0838024,40.7121652]}},
{"type":"Feature","properties":{"fid":124,"id":"node/6171961477","@id":"node/6171961477","bench":null,"bin":null,"bus":"yes","construction":null,"covered":null,"description":null,"fixme":null,"gtfs:stop_id":null,"gtfs_stop_code":null,"highway":"bus_stop","level":null,"lit":null,"local_ref":null,"name":"Jfk Blvd At Claremont Ave","network":"NJ Transit","network:short":"NJT","network:wikidata":"Q498553","network:wikipedia":null,"note":null,"operator":null,"passenger_information_display":null,"public_transport":"platform","ref":"20867","route_ref":null,"shelter":"no","tactile_paving":null,"wheelchair":null,"asset_type":"Bus Stop","addr:city":null,"addr:housenumber":null,"addr:postcode":null,"addr:state":null,"addr:street":null,"addr:street:corner":null,"alt_name":null,"boundary":null,"ele":null,"gnis:feature_id":null,"leisure":null,"name:es":null,"opening_hours":null,"protect_class":null,"protection_title":null,"source":null,"type":null,"website":null,"wikidata":null,"wikipedia":null,"access":null,"barrier":null,"playground":null,"playground:theme":null,"survey:date":null,"place":null,"start_date":null,"surface":null,"amenity":null,"area":null,"denomination":null,"fax":null,"fence_type":null,"grades":null,"mascot":null,"name:en":null,"name:etymology:wikidata":null,"phone":null,"religion":null,"layer":"Bus Stops_points","path":"C:/Users/PMLS/Downloads/Hackathon work/Bus Stops_points.gpkg"},"geometry":{"type":"Point","coordinates":[-74.0840809,40.7121764]}},
{"type":"Feature","properties":{"fid":125,"id":"node/6171961478","@id":"node/6171961478","bench":null,"bin":null,"bus":"yes","construction":null,"covered":null,"description":null,"fixme":null,"gtfs:stop_id":null,"gtfs_stop_code":null,"highway":"bus_stop","level":null,"lit":null,"local_ref":null,"name":"Jfk Blvd At Morton Pl","network":"NJ Transit","network:short":"NJT","network:wikidata":"Q498553","network:wikipedia":null,"note":null,"operator":null,"passenger_information_display":null,"public_transport":"platform","ref":"20804","route_ref":null,"shelter":"no","tactile_paving":null,"wheelchair":null,"asset_type":"Bus Stop","addr:city":null,"addr:housenumber":null,"addr:postcode":null,"addr:state":null,"addr:street":null,"addr:street:corner":null,"alt_name":null,"boundary":null,"ele":null,"gnis:feature_id":null,"leisure":null,"name:es":null,"opening_hours":null,"protect_class":null,"protection_title":null,"source":null,"type":null,"website":null,"wikidata":null,"wikipedia":null,"access":null,"barrier":null,"playground":null,"playground:theme":null,"survey:date":null,"place":null,"start_date":null,"surface":null,"amenity":null,"area":null,"denomination":null,"fax":null,"fence_type":null,"grades":null,"mascot":null,"name:en":null,"name:etymology:wikidata":null,"phone":null,"religion":null,"layer":"Bus Stops_points","path":"C:/Users/PMLS/Downloads/Hackathon work/Bus Stops_points.gpkg"},"geometry":{"type":"Point","coordinates":[-74.0830667,40.7134569]}},
{"type":"Feature","properties":{"fid":126,"id":"node/6171961479","@id":"node/6171961479","bench":null,"bin":null,"bus":"yes","construction":null,"covered":null,"description":null,"fixme":null,"gtfs:stop_id":null,"gtfs_stop_code":null,"highway":"bus_stop","level":null,"lit":null,"local_ref":null,"name":"Jfk Blvd At Morton Pl","network":"NJ Transit","network:short":"NJT","network:wikidata":"Q498553","network:wikipedia":null,"note":null,"operator":null,"passenger_information_display":null,"public_transport":"platform","ref":"20866","route_ref":null,"shelter":"no","tactile_paving":null,"wheelchair":null,"asset_type":"Bus Stop","addr:city":null,"addr:housenumber":null,"addr:postcode":null,"addr:state":null,"addr:street":null,"addr:street:corner":null,"alt_name":null,"boundary":null,"ele":null,"gnis:feature_id":null,"leisure":null,"name:es":null,"opening_hours":null,"protect_class":null,"protection_title":null,"source":null,"type":null,"website":null,"wikidata":null,"wikipedia":null,"access":null,"barrier":null,"playground":null,"playground:theme":null,"survey:date":null,"place":null,"start_date":null,"surface":null,"amenity":null,"area":null,"denomination":null,"fax":null,"fence_type":null,"grades":null,"mascot":null,"name:en":null,"name:etymology:wikidata":null,"phone":null,"religion":null,"layer":"Bus Stops_points","path":"C:/Users/PMLS/Downloads/Hackathon work/Bus Stops_points.gpkg"},"geometry":{"type":"Point","coordinates":[-74.0834237,40.7133376]}},
{"type":"Feature","properties":{"fid":127,"id":"node/6171973233","@id":"node/6171973233","bench":null,"bin":null,"bus":"yes","construction":null,"covered":null,"description":null,"fixme":null,"gtfs:stop_id":null,"gtfs_stop_code":null,"highway":"bus_stop","level":null,"lit":null,"local_ref":null,"name":"Seaview Avenue at Romar Avenue","network":"NJ Transit","network:short":null,"network:wikidata":null,"network:wikipedia":null,"note":null,"operator":"NJ Transit Bus Operations","passenger_information_display":null,"public_transport":"platform","ref":"21089","route_ref":null,"shelter":null,"tactile_paving":null,"wheelchair":null,"asset_type":"Bus Stop","addr:city":null,"addr:housenumber":null,"addr:postcode":null,"addr:state":null,"addr:street":null,"addr:street:corner":null,"alt_name":null,"boundary":null,"ele":null,"gnis:feature_id":null,"leisure":null,"name:es":null,"opening_hours":null,"protect_class":null,"protection_title":null,"source":null,"type":null,"website":null,"wikidata":null,"wikipedia":null,"access":null,"barrier":null,"playground":null,"playground:theme":null,"survey:date":null,"place":null,"start_date":null,"surface":null,"amenity":null,"area":null,"denomination":null,"fax":null,"fence_type":null,"grades":null,"mascot":null,"name:en":null,"name:etymology:wikidata":null,"phone":null,"religion":null,"layer":"Bus Stops_points","path":"C:/Users/PMLS/Downloads/Hackathon work/Bus Stops_points.gpkg"},"geometry":{"type":"Point","coordinates":[-74.1006706,40.6977238]}},
{"type":"Feature","properties":{"fid":128,"id":"node/6171973234","@id":"node/6171973234","bench":null,"bin":null,"bus":"yes","construction":null,"covered":null,"description":null,"fixme":null,"gtfs:stop_id":null,"gtfs_stop_code":null,"highway":"bus_stop","level":null,"lit":null,"local_ref":null,"name":"Romar Avenue at Neptune Avenue","network":"NJ Transit","network:short":null,"network:wikidata":null,"network:wikipedia":null,"note":null,"operator":"NJ Transit Bus Operations","passenger_information_display":null,"public_transport":"platform","ref":"21085","route_ref":null,"shelter":null,"tactile_paving":null,"wheelchair":null,"asset_type":"Bus Stop","addr:city":null,"addr:housenumber":null,"addr:postcode":null,"addr:state":null,"addr:street":null,"addr:street:corner":null,"alt_name":null,"boundary":null,"ele":null,"gnis:feature_id":null,"leisure":null,"name:es":null,"opening_hours":null,"protect_class":null,"protection_title":null,"source":null,"type":null,"website":null,"wikidata":null,"wikipedia":null,"access":null,"barrier":null,"playground":null,"playground:theme":null,"survey:date":null,"place":null,"start_date":null,"surface":null,"amenity":null,"area":null,"denomination":null,"fax":null,"fence_type":null,"grades":null,"mascot":null,"name:en":null,"name:etymology:wikidata":null,"phone":null,"religion":null,"layer":"Bus Stops_points","path":"C:/Users/PMLS/Downloads/Hackathon work/Bus Stops_points.gpkg"},"geometry":{"type":"Point","coordinates":[-74.0998687,40.6982666]}},
{"type":"Feature","properties":{"fid":129,"id":"node/6171973235","@id":"node/6171973235","bench":null,"bin":null,"bus":"yes","construction":null,"covered":null,"description":null,"fixme":null,"gtfs:stop_id":null,"gtfs_stop_code":null,"highway":"bus_stop","level":null,"lit":null,"local_ref":null,"name":"Romar Avenue at Neptune Avenue","network":"NJ Transit","network:short":null,"network:wikidata":null,"network:wikipedia":null,"note":null,"operator":"NJ Transit Bus Operations","passenger_information_display":null,"public_transport":"platform","ref":"21081","route_ref":null,"shelter":null,"tactile_paving":null,"wheelchair":null,"asset_type":"Bus Stop","addr:city":null,"addr:housenumber":null,"addr:postcode":null,"addr:state":null,"addr:street":null,"addr:street:corner":null,"alt_name":null,"boundary":null,"ele":null,"gnis:feature_id":null,"leisure":null,"name:es":null,"opening_hours":null,"protect_class":null,"protection_title":null,"source":null,"type":null,"website":null,"wikidata":null,"wikipedia":null,"access":null,"barrier":null,"playground":null,"playground:theme":null,"survey:date":null,"place":null,"start_date":null,"surface":null,"amenity":null,"area":null,"denomination":null,"fax":null,"fence_type":null,"grades":null,"mascot":null,"name:en":null,"name:etymology:wikidata":null,"phone":null,"religion":null,"layer":"Bus Stops_points","path":"C:/Users/PMLS/Downloads/Hackathon work/Bus Stops_points.gpkg"},"geometry":{"type":"Point","coordinates":[-74.0994849,40.6983166]}},
{"type":"Feature","properties":{"fid":130,"id":"node/6171973236","@id":"node/6171973236","bench":null,"bin":null,"bus":"yes","construction":null,"covered":null,"description":null,"fixme":null,"gtfs:stop_id":null,"gtfs_stop_code":null,"highway":"bus_stop","level":null,"lit":null,"local_ref":null,"name":"Romar Avenue at Bartholdi Avenue","network":"NJ Transit","network:short":null,"network:wikidata":null,"network:wikipedia":null,"note":null,"operator":"NJ Transit Bus Operations","passenger_information_display":null,"public_transport":"platform","ref":"21084","route_ref":null,"shelter":null,"tactile_paving":null,"wheelchair":null,"asset_type":"Bus Stop","addr:city":null,"addr:housenumber":null,"addr:postcode":null,"addr:state":null,"addr:street":null,"addr:street:corner":null,"alt_name":null,"boundary":null,"ele":null,"gnis:feature_id":null,"leisure":null,"name:es":null,"opening_hours":null,"protect_class":null,"protection_title":null,"source":null,"type":null,"website":null,"wikidata":null,"wikipedia":null,"access":null,"barrier":null,"playground":null,"playground:theme":null,"survey:date":null,"place":null,"start_date":null,"surface":null,"amenity":null,"area":null,"denomination":null,"fax":null,"fence_type":null,"grades":null,"mascot":null,"name:en":null,"name:etymology:wikidata":null,"phone":null,"religion":null,"layer":"Bus Stops_points","path":"C:/Users/PMLS/Downloads/Hackathon work/Bus Stops_points.gpkg"},"geometry":{"type":"Point","coordinates":[-74.0989265,40.6987031]}},
{"type":"Feature","properties":{"fid":131,"id":"node/6171973237","@id":"node/6171973237","bench":null,"bin":null,"bus":"yes","construction":null,"covered":null,"description":null,"fixme":null,"gtfs:stop_id":null,"gtfs_stop_code":null,"highway":"bus_stop","level":null,"lit":null,"local_ref":null,"name":"Romar Avenue at Pearsall Avenue","network":"NJ Transit","network:short":null,"network:wikidata":null,"network:wikipedia":null,"note":null,"operator":"NJ Transit Bus Operations","passenger_information_display":null,"public_transport":"platform","ref":"21082","route_ref":null,"shelter":null,"tactile_paving":null,"wheelchair":null,"asset_type":"Bus Stop","addr:city":null,"addr:housenumber":null,"addr:postcode":null,"addr:state":null,"addr:street":null,"addr:street:corner":null,"alt_name":null,"boundary":null,"ele":null,"gnis:feature_id":null,"leisure":null,"name:es":null,"opening_hours":null,"protect_class":null,"protection_title":null,"source":null,"type":null,"website":null,"wikidata":null,"wikipedia":null,"access":null,"barrier":null,"playground":null,"playground:theme":null,"survey:date":null,"place":null,"start_date":null,"surface":null,"amenity":null,"area":null,"denomination":null,"fax":null,"fence_type":null,"grades":null,"mascot":null,"name:en":null,"name:etymology:wikidata":null,"phone":null,"religion":null,"layer":"Bus Stops_points","path":"C:/Users/PMLS/Downloads/Hackathon work/Bus Stops_points.gpkg"},"geometry":{"type":"Point","coordinates":[-74.0978063,40.6991191]}},
{"type":"Feature","properties":{"fid":132,"id":"node/6171973238","@id":"node/6171973238","bench":null,"bin":null,"bus":"yes","construction":null,"covered":null,"description":null,"fixme":null,"gtfs:stop_id":null,"gtfs_stop_code":null,"highway":"bus_stop","level":null,"lit":null,"local_ref":null,"name":"Romar Avenue at Pearsall Avenue","network":"NJ Transit","network:short":null,"network:wikidata":null,"network:wikipedia":null,"note":null,"operator":"NJ Transit Bus Operations","passenger_information_display":null,"public_transport":"platform","ref":"30496","route_ref":null,"shelter":null,"tactile_paving":null,"wheelchair":null,"asset_type":"Bus Stop","addr:city":null,"addr:housenumber":null,"addr:postcode":null,"addr:state":null,"addr:street":null,"addr:street:corner":null,"alt_name":null,"boundary":null,"ele":null,"gnis:feature_id":null,"leisure":null,"name:es":null,"opening_hours":null,"protect_class":null,"protection_title":null,"source":null,"type":null,"website":null,"wikidata":null,"wikipedia":null,"access":null,"barrier":null,"playground":null,"playground:theme":null,"survey:date":null,"place":null,"start_date":null,"surface":null,"amenity":null,"area":null,"denomination":null,"fax":null,"fence_type":null,"grades":null,"mascot":null,"name:en":null,"name:etymology:wikidata":null,"phone":null,"religion":null,"layer":"Bus Stops_points","path":"C:/Users/PMLS/Downloads/Hackathon work/Bus Stops_points.gpkg"},"geometry":{"type":"Point","coordinates":[-74.097662,40.699313]}},
{"type":"Feature","properties":{"fid":133,"id":"node/6171973239","@id":"node/6171973239","bench":null,"bin":null,"bus":"yes","construction":null,"covered":null,"description":null,"fixme":null,"gtfs:stop_id":null,"gtfs_stop_code":null,"highway":"bus_stop","level":null,"lit":null,"local_ref":null,"name":"Romar Avenue at Greenville Avenue","network":"NJ Transit","network:short":null,"network:wikidata":null,"network:wikipedia":null,"note":null,"operator":"NJ Transit Bus Operations","passenger_information_display":null,"public_transport":"platform","ref":"21083","route_ref":null,"shelter":null,"tactile_paving":null,"wheelchair":null,"asset_type":"Bus Stop","addr:city":null,"addr:housenumber":null,"addr:postcode":null,"addr:state":null,"addr:street":null,"addr:street:corner":null,"alt_name":null,"boundary":null,"ele":null,"gnis:feature_id":null,"leisure":null,"name:es":null,"opening_hours":null,"protect_class":null,"protection_title":null,"source":null,"type":null,"website":null,"wikidata":null,"wikipedia":null,"access":null,"barrier":null,"playground":null,"playground:theme":null,"survey:date":null,"place":null,"start_date":null,"surface":null,"amenity":null,"area":null,"denomination":null,"fax":null,"fence_type":null,"grades":null,"mascot":null,"name:en":null,"name:etymology:wikidata":null,"phone":null,"religion":null,"layer":"Bus Stops_points","path":"C:/Users/PMLS/Downloads/Hackathon work/Bus Stops_points.gpkg"},"geometry":{"type":"Point","coordinates":[-74.0965884,40.6996991]}},
{"type":"Feature","properties":{"fid":134,"id":"node/6171973240","@id":"node/6171973240","bench":null,"bin":null,"bus":"yes","construction":null,"covered":null,"description":null,"fixme":null,"gtfs:stop_id":null,"gtfs_stop_code":null,"highway":"bus_stop","level":null,"lit":null,"local_ref":null,"name":"Fowler Avenue at Danforth Avenue","network":"NJ Transit","network:short":null,"network:wikidata":null,"network:wikipedia":null,"note":null,"operator":"NJ Transit Bus Operations","passenger_information_display":null,"public_transport":"platform","ref":"30499","route_ref":null,"shelter":null,"tactile_paving":null,"wheelchair":null,"asset_type":"Bus Stop","addr:city":null,"addr:housenumber":null,"addr:postcode":null,"addr:state":null,"addr:street":null,"addr:street:corner":null,"alt_name":null,"boundary":null,"ele":null,"gnis:feature_id":null,"leisure":null,"name:es":null,"opening_hours":null,"protect_class":null,"protection_title":null,"source":null,"type":null,"website":null,"wikidata":null,"wikipedia":null,"access":null,"barrier":null,"playground":null,"playground:theme":null,"survey:date":null,"place":null,"start_date":null,"surface":null,"amenity":null,"area":null,"denomination":null,"fax":null,"fence_type":null,"grades":null,"mascot":null,"name:en":null,"name:etymology:wikidata":null,"phone":null,"religion":null,"layer":"Bus Stops_points","path":"C:/Users/PMLS/Downloads/Hackathon work/Bus Stops_points.gpkg"},"geometry":{"type":"Point","coordinates":[-74.0958199,40.7014844]}},
{"type":"Feature","properties":{"fid":135,"id":"node/6171973241","@id":"node/6171973241","bench":null,"bin":null,"bus":"yes","construction":null,"covered":null,"description":null,"fixme":null,"gtfs:stop_id":null,"gtfs_stop_code":null,"highway":"bus_stop","level":null,"lit":null,"local_ref":null,"name":"Danforth Avenue at Fowler Avenue","network":"NJ Transit","network:short":null,"network:wikidata":null,"network:wikipedia":null,"note":null,"operator":"NJ Transit Bus Operations","passenger_information_display":null,"public_transport":"platform","ref":"20673","route_ref":null,"shelter":null,"tactile_paving":null,"wheelchair":null,"asset_type":"Bus Stop","addr:city":null,"addr:housenumber":null,"addr:postcode":null,"addr:state":null,"addr:street":null,"addr:street:corner":null,"alt_name":null,"boundary":null,"ele":null,"gnis:feature_id":null,"leisure":null,"name:es":null,"opening_hours":null,"protect_class":null,"protection_title":null,"source":null,"type":null,"website":null,"wikidata":null,"wikipedia":null,"access":null,"barrier":null,"playground":null,"playground:theme":null,"survey:date":null,"place":null,"start_date":null,"surface":null,"amenity":null,"area":null,"denomination":null,"fax":null,"fence_type":null,"grades":null,"mascot":null,"name:en":null,"name:etymology:wikidata":null,"phone":null,"religion":null,"layer":"Bus Stops_points","path":"C:/Users/PMLS/Downloads/Hackathon work/Bus Stops_points.gpkg"},"geometry":{"type":"Point","coordinates":[-74.0958865,40.7017154]}},
{"type":"Feature","properties":{"fid":136,"id":"node/6171973242","@id":"node/6171973242","bench":null,"bin":null,"bus":"yes","construction":null,"covered":null,"description":null,"fixme":null,"gtfs:stop_id":null,"gtfs_stop_code":null,"highway":"bus_stop","level":null,"lit":null,"local_ref":null,"name":"Danforth Avenue at Sullivan Drive","network":"NJ Transit","network:short":null,"network:wikidata":null,"network:wikipedia":null,"note":null,"operator":"NJ Transit Bus Operations","passenger_information_display":null,"public_transport":"platform","ref":"20674","route_ref":null,"shelter":null,"tactile_paving":null,"wheelchair":null,"asset_type":"Bus Stop","addr:city":null,"addr:housenumber":null,"addr:postcode":null,"addr:state":null,"addr:street":null,"addr:street:corner":null,"alt_name":null,"boundary":null,"ele":null,"gnis:feature_id":null,"leisure":null,"name:es":null,"opening_hours":null,"protect_class":null,"protection_title":null,"source":null,"type":null,"website":null,"wikidata":null,"wikipedia":null,"access":null,"barrier":null,"playground":null,"playground:theme":null,"survey:date":null,"place":null,"start_date":null,"surface":null,"amenity":null,"area":null,"denomination":null,"fax":null,"fence_type":null,"grades":null,"mascot":null,"name:en":null,"name:etymology:wikidata":null,"phone":null,"religion":null,"layer":"Bus Stops_points","path":"C:/Users/PMLS/Downloads/Hackathon work/Bus Stops_points.gpkg"},"geometry":{"type":"Point","coordinates":[-74.0977487,40.7039424]}},
{"type":"Feature","properties":{"fid":137,"id":"node/6171973243","@id":"node/6171973243","bench":null,"bin":null,"bus":"yes","construction":null,"covered":null,"description":null,"fixme":null,"gtfs:stop_id":null,"gtfs_stop_code":null,"highway":"bus_stop","level":null,"lit":null,"local_ref":null,"name":"Danforth Avenue at West Side Avenue","network":"NJ Transit","network:short":null,"network:wikidata":null,"network:wikipedia":null,"note":null,"operator":"NJ Transit Bus Operations","passenger_information_display":null,"public_transport":"platform","ref":"20675","route_ref":null,"shelter":null,"tactile_paving":null,"wheelchair":null,"asset_type":"Bus Stop","addr:city":null,"addr:housenumber":null,"addr:postcode":null,"addr:state":null,"addr:street":null,"addr:street:corner":null,"alt_name":null,"boundary":null,"ele":null,"gnis:feature_id":null,"leisure":null,"name:es":null,"opening_hours":null,"protect_class":null,"protection_title":null,"source":null,"type":null,"website":null,"wikidata":null,"wikipedia":null,"access":null,"barrier":null,"playground":null,"playground:theme":null,"survey:date":null,"place":null,"start_date":null,"surface":null,"amenity":null,"area":null,"denomination":null,"fax":null,"fence_type":null,"grades":null,"mascot":null,"name:en":null,"name:etymology:wikidata":null,"phone":null,"religion":null,"layer":"Bus Stops_points","path":"C:/Users/PMLS/Downloads/Hackathon work/Bus Stops_points.gpkg"},"geometry":{"type":"Point","coordinates":[-74.0981187,40.7046263]}},
{"type":"Feature","properties":{"fid":138,"id":"node/6171973244","@id":"node/6171973244","bench":null,"bin":null,"bus":"yes","construction":null,"covered":null,"description":null,"fixme":null,"gtfs:stop_id":null,"gtfs_stop_code":null,"highway":"bus_stop","level":null,"lit":null,"local_ref":null,"name":"West Side Ave At Cator Ave","network":"NJ Transit","network:short":"NJT","network:wikidata":"Q498553","network:wikipedia":null,"note":null,"operator":"NJ Transit","passenger_information_display":null,"public_transport":"platform","ref":"21182","route_ref":null,"shelter":"no","tactile_paving":null,"wheelchair":null,"asset_type":"Bus Stop","addr:city":null,"addr:housenumber":null,"addr:postcode":null,"addr:state":null,"addr:street":null,"addr:street:corner":null,"alt_name":null,"boundary":null,"ele":null,"gnis:feature_id":null,"leisure":null,"name:es":null,"opening_hours":null,"protect_class":null,"protection_title":null,"source":null,"type":null,"website":null,"wikidata":null,"wikipedia":null,"access":null,"barrier":null,"playground":null,"playground:theme":null,"survey:date":null,"place":null,"start_date":null,"surface":null,"amenity":null,"area":null,"denomination":null,"fax":null,"fence_type":null,"grades":null,"mascot":null,"name:en":null,"name:etymology:wikidata":null,"phone":null,"religion":null,"layer":"Bus Stops_points","path":"C:/Users/PMLS/Downloads/Hackathon work/Bus Stops_points.gpkg"},"geometry":{"type":"Point","coordinates":[-74.0981612,40.7056582]}},
{"type":"Feature","properties":{"fid":139,"id":"node/6171973245","@id":"node/6171973245","bench":null,"bin":null,"bus":"yes","construction":null,"covered":null,"description":null,"fixme":null,"gtfs:stop_id":null,"gtfs_stop_code":null,"highway":"bus_stop","level":null,"lit":null,"local_ref":null,"name":"West Side Ave At Cator Ave","network":"NJ Transit","network:short":"NJT","network:wikidata":"Q498553","network:wikipedia":null,"note":null,"operator":"NJ Transit","passenger_information_display":null,"public_transport":"platform","ref":"21139","route_ref":null,"shelter":"no","tactile_paving":null,"wheelchair":null,"asset_type":"Bus Stop","addr:city":null,"addr:housenumber":null,"addr:postcode":null,"addr:state":null,"addr:street":null,"addr:street:corner":null,"alt_name":null,"boundary":null,"ele":null,"gnis:feature_id":null,"leisure":null,"name:es":null,"opening_hours":null,"protect_class":null,"protection_title":null,"source":null,"type":null,"website":null,"wikidata":null,"wikipedia":null,"access":null,"barrier":null,"playground":null,"playground:theme":null,"survey:date":null,"place":null,"start_date":null,"surface":null,"amenity":null,"area":null,"denomination":null,"fax":null,"fence_type":null,"grades":null,"mascot":null,"name:en":null,"name:etymology:wikidata":null,"phone":null,"religion":null,"layer":"Bus Stops_points","path":"C:/Users/PMLS/Downloads/Hackathon work/Bus Stops_points.gpkg"},"geometry":{"type":"Point","coordinates":[-74.0979198,40.706132]}},
{"type":"Feature","properties":{"fid":140,"id":"node/6171973246","@id":"node/6171973246","bench":null,"bin":null,"bus":"yes","construction":null,"covered":null,"description":null,"fixme":null,"gtfs:stop_id":null,"gtfs_stop_code":null,"highway":"bus_stop","level":null,"lit":null,"local_ref":null,"name":"West Side Ave At Mcadoo Ave","network":"NJ Transit","network:short":"NJT","network:wikidata":"Q498553","network:wikipedia":null,"note":null,"operator":"NJ Transit","passenger_information_display":null,"public_transport":"platform","ref":"21181","route_ref":null,"shelter":"no","tactile_paving":null,"wheelchair":null,"asset_type":"Bus Stop","addr:city":null,"addr:housenumber":null,"addr:postcode":null,"addr:state":null,"addr:street":null,"addr:street:corner":null,"alt_name":null,"boundary":null,"ele":null,"gnis:feature_id":null,"leisure":null,"name:es":null,"opening_hours":null,"protect_class":null,"protection_title":null,"source":null,"type":null,"website":null,"wikidata":null,"wikipedia":null,"access":null,"barrier":null,"playground":null,"playground:theme":null,"survey:date":null,"place":null,"start_date":null,"surface":null,"amenity":null,"area":null,"denomination":null,"fax":null,"fence_type":null,"grades":null,"mascot":null,"name:en":null,"name:etymology:wikidata":null,"phone":null,"religion":null,"layer":"Bus Stops_points","path":"C:/Users/PMLS/Downloads/Hackathon work/Bus Stops_points.gpkg"},"geometry":{"type":"Point","coordinates":[-74.0978252,40.7069922]}},
{"type":"Feature","properties":{"fid":141,"id":"node/6171973247","@id":"node/6171973247","bench":null,"bin":null,"bus":"yes","construction":null,"covered":null,"description":null,"fixme":null,"gtfs:stop_id":null,"gtfs_stop_code":null,"highway":"bus_stop","level":null,"lit":null,"local_ref":null,"name":"West Side Ave At Van Nostrand Ave","network":"NJ Transit","network:short":"NJT","network:wikidata":"Q498553","network:wikipedia":null,"note":null,"operator":"NJ Transit","passenger_information_display":null,"public_transport":"platform","ref":"21141","route_ref":null,"shelter":"no","tactile_paving":null,"wheelchair":null,"asset_type":"Bus Stop","addr:city":null,"addr:housenumber":null,"addr:postcode":null,"addr:state":null,"addr:street":null,"addr:street:corner":null,"alt_name":null,"boundary":null,"ele":null,"gnis:feature_id":null,"leisure":null,"name:es":null,"opening_hours":null,"protect_class":null,"protection_title":null,"source":null,"type":null,"website":null,"wikidata":null,"wikipedia":null,"access":null,"barrier":null,"playground":null,"playground:theme":null,"survey:date":null,"place":null,"start_date":null,"surface":null,"amenity":null,"area":null,"denomination":null,"fax":null,"fence_type":null,"grades":null,"mascot":null,"name:en":null,"name:etymology:wikidata":null,"phone":null,"religion":null,"layer":"Bus Stops_points","path":"C:/Users/PMLS/Downloads/Hackathon work/Bus Stops_points.gpkg"},"geometry":{"type":"Point","coordinates":[-74.0964114,40.7081064]}},
{"type":"Feature","properties":{"fid":142,"id":"node/6171973248","@id":"node/6171973248","bench":null,"bin":null,"bus":"yes","construction":null,"covered":null,"description":null,"fixme":null,"gtfs:stop_id":null,"gtfs_stop_code":null,"highway":"bus_stop","level":null,"lit":null,"local_ref":null,"name":"West Side Ave At Van Nostrand Ave","network":"NJ Transit","network:short":"NJT","network:wikidata":"Q498553","network:wikipedia":null,"note":null,"operator":"NJ Transit","passenger_information_display":null,"public_transport":"platform","ref":"21180","route_ref":null,"shelter":"no","tactile_paving":null,"wheelchair":null,"asset_type":"Bus Stop","addr:city":null,"addr:housenumber":null,"addr:postcode":null,"addr:state":null,"addr:street":null,"addr:street:corner":null,"alt_name":null,"boundary":null,"ele":null,"gnis:feature_id":null,"leisure":null,"name:es":null,"opening_hours":null,"protect_class":null,"protection_title":null,"source":null,"type":null,"website":null,"wikidata":null,"wikipedia":null,"access":null,"barrier":null,"playground":null,"playground:theme":null,"survey:date":null,"place":null,"start_date":null,"surface":null,"amenity":null,"area":null,"denomination":null,"fax":null,"fence_type":null,"grades":null,"mascot":null,"name:en":null,"name:etymology:wikidata":null,"phone":null,"religion":null,"layer":"Bus Stops_points","path":"C:/Users/PMLS/Downloads/Hackathon work/Bus Stops_points.gpkg"},"geometry":{"type":"Point","coordinates":[-74.0965431,40.7081826]}},
{"type":"Feature","properties":{"fid":143,"id":"node/6171973249","@id":"node/6171973249","bench":null,"bin":null,"bus":"yes","construction":null,"covered":null,"description":null,"fixme":null,"gtfs:stop_id":null,"gtfs_stop_code":null,"highway":"bus_stop","level":null,"lit":null,"local_ref":null,"name":"West Side Ave At Woodlawn Ave","network":"NJ Transit","network:short":"NJT","network:wikidata":"Q498553","network:wikipedia":null,"note":null,"operator":"NJ Transit","passenger_information_display":null,"public_transport":"platform","ref":"21142","route_ref":null,"shelter":"yes","tactile_paving":null,"wheelchair":null,"asset_type":"Bus Stop","addr:city":null,"addr:housenumber":null,"addr:postcode":null,"addr:state":null,"addr:street":null,"addr:street:corner":null,"alt_name":null,"boundary":null,"ele":null,"gnis:feature_id":null,"leisure":null,"name:es":null,"opening_hours":null,"protect_class":null,"protection_title":null,"source":null,"type":null,"website":null,"wikidata":null,"wikipedia":null,"access":null,"barrier":null,"playground":null,"playground:theme":null,"survey:date":null,"place":null,"start_date":null,"surface":null,"amenity":null,"area":null,"denomination":null,"fax":null,"fence_type":null,"grades":null,"mascot":null,"name:en":null,"name:etymology:wikidata":null,"phone":null,"religion":null,"layer":"Bus Stops_points","path":"C:/Users/PMLS/Downloads/Hackathon work/Bus Stops_points.gpkg"},"geometry":{"type":"Point","coordinates":[-74.0950747,40.709349]}},
{"type":"Feature","properties":{"fid":144,"id":"node/6171973250","@id":"node/6171973250","bench":null,"bin":null,"bus":"yes","construction":null,"covered":null,"description":null,"fixme":null,"gtfs:stop_id":null,"gtfs_stop_code":null,"highway":"bus_stop","level":null,"lit":null,"local_ref":null,"name":"West Side Ave At Woodlawn Ave","network":"NJ Transit","network:short":"NJT","network:wikidata":"Q498553","network:wikipedia":null,"note":null,"operator":"NJ Transit","passenger_information_display":null,"public_transport":"platform","ref":"21179","route_ref":null,"shelter":"no","tactile_paving":null,"wheelchair":null,"asset_type":"Bus Stop","addr:city":null,"addr:housenumber":null,"addr:postcode":null,"addr:state":null,"addr:street":null,"addr:street:corner":null,"alt_name":null,"boundary":null,"ele":null,"gnis:feature_id":null,"leisure":null,"name:es":null,"opening_hours":null,"protect_class":null,"protection_title":null,"source":null,"type":null,"website":null,"wikidata":null,"wikipedia":null,"access":null,"barrier":null,"playground":null,"playground:theme":null,"survey:date":null,"place":null,"start_date":null,"surface":null,"amenity":null,"area":null,"denomination":null,"fax":null,"fence_type":null,"grades":null,"mascot":null,"name:en":null,"name:etymology:wikidata":null,"phone":null,"religion":null,"layer":"Bus Stops_points","path":"C:/Users/PMLS/Downloads/Hackathon work/Bus Stops_points.gpkg"},"geometry":{"type":"Point","coordinates":[-74.0952366,40.7094094]}},
{"type":"Feature","properties":{"fid":145,"id":"node/6171973251","@id":"node/6171973251","bench":null,"bin":null,"bus":"yes","construction":null,"covered":null,"description":null,"fixme":"confirm location","gtfs:stop_id":null,"gtfs_stop_code":null,"highway":"bus_stop","level":null,"lit":null,"local_ref":null,"name":"West Side Ave At Stegman Pkwy","network":"NJ Transit","network:short":"NJT","network:wikidata":"Q498553","network:wikipedia":null,"note":null,"operator":"NJ Transit","passenger_information_display":null,"public_transport":"platform","ref":"21143","route_ref":null,"shelter":null,"tactile_paving":null,"wheelchair":null,"asset_type":"Bus Stop","addr:city":null,"addr:housenumber":null,"addr:postcode":null,"addr:state":null,"addr:street":null,"addr:street:corner":null,"alt_name":null,"boundary":null,"ele":null,"gnis:feature_id":null,"leisure":null,"name:es":null,"opening_hours":null,"protect_class":null,"protection_title":null,"source":null,"type":null,"website":null,"wikidata":null,"wikipedia":null,"access":null,"barrier":null,"playground":null,"playground:theme":null,"survey:date":null,"place":null,"start_date":null,"surface":null,"amenity":null,"area":null,"denomination":null,"fax":null,"fence_type":null,"grades":null,"mascot":null,"name:en":null,"name:etymology:wikidata":null,"phone":null,"religion":null,"layer":"Bus Stops_points","path":"C:/Users/PMLS/Downloads/Hackathon work/Bus Stops_points.gpkg"},"geometry":{"type":"Point","coordinates":[-74.09332,40.7109542]}},
{"type":"Feature","properties":{"fid":146,"id":"node/6171973252","@id":"node/6171973252","bench":null,"bin":null,"bus":"yes","construction":null,"covered":null,"description":null,"fixme":null,"gtfs:stop_id":null,"gtfs_stop_code":null,"highway":"bus_stop","level":null,"lit":null,"local_ref":null,"name":"West Side Ave At Audubon Ave","network":"NJ Transit","network:short":"NJT","network:wikidata":"Q498553","network:wikipedia":null,"note":null,"operator":"NJ Transit","passenger_information_display":null,"public_transport":"platform","ref":"21144","route_ref":null,"shelter":null,"tactile_paving":null,"wheelchair":null,"asset_type":"Bus Stop","addr:city":null,"addr:housenumber":null,"addr:postcode":null,"addr:state":null,"addr:street":null,"addr:street:corner":null,"alt_name":null,"boundary":null,"ele":null,"gnis:feature_id":null,"leisure":null,"name:es":null,"opening_hours":null,"protect_class":null,"protection_title":null,"source":null,"type":null,"website":null,"wikidata":null,"wikipedia":null,"access":null,"barrier":null,"playground":null,"playground:theme":null,"survey:date":null,"place":null,"start_date":null,"surface":null,"amenity":null,"area":null,"denomination":null,"fax":null,"fence_type":null,"grades":null,"mascot":null,"name:en":null,"name:etymology:wikidata":null,"phone":null,"religion":null,"layer":"Bus Stops_points","path":"C:/Users/PMLS/Downloads/Hackathon work/Bus Stops_points.gpkg"},"geometry":{"type":"Point","coordinates":[-74.0922802,40.7117798]}},
{"type":"Feature","properties":{"fid":147,"id":"node/6171973253","@id":"node/6171973253","bench":null,"bin":null,"bus":"yes","construction":null,"covered":null,"description":null,"fixme":null,"gtfs:stop_id":null,"gtfs_stop_code":null,"highway":"bus_stop","level":null,"lit":null,"local_ref":null,"name":"West Side Ave At Carbon Pl","network":"NJ Transit","network:short":"NJT","network:wikidata":"Q498553","network:wikipedia":null,"note":null,"operator":"NJ Transit","passenger_information_display":null,"public_transport":"platform","ref":"21177","route_ref":null,"shelter":"no","tactile_paving":null,"wheelchair":null,"asset_type":"Bus Stop","addr:city":null,"addr:housenumber":null,"addr:postcode":null,"addr:state":null,"addr:street":null,"addr:street:corner":null,"alt_name":null,"boundary":null,"ele":null,"gnis:feature_id":null,"leisure":null,"name:es":null,"opening_hours":null,"protect_class":null,"protection_title":null,"source":null,"type":null,"website":null,"wikidata":null,"wikipedia":null,"access":null,"barrier":null,"playground":null,"playground:theme":null,"survey:date":null,"place":null,"start_date":null,"surface":null,"amenity":null,"area":null,"denomination":null,"fax":null,"fence_type":null,"grades":null,"mascot":null,"name:en":null,"name:etymology:wikidata":null,"phone":null,"religion":null,"layer":"Bus Stops_points","path":"C:/Users/PMLS/Downloads/Hackathon work/Bus Stops_points.gpkg"},"geometry":{"type":"Point","coordinates":[-74.0926357,40.7117616]}},
{"type":"Feature","properties":{"fid":148,"id":"node/6171973254","@id":"node/6171973254","bench":null,"bin":null,"bus":"yes","construction":null,"covered":null,"description":null,"fixme":null,"gtfs:stop_id":null,"gtfs_stop_code":null,"highway":"bus_stop","level":null,"lit":null,"local_ref":null,"name":"West Side Ave At Fisk St","network":"NJ Transit","network:short":"NJT","network:wikidata":"Q498553","network:wikipedia":null,"note":null,"operator":"NJ Transit","passenger_information_display":null,"public_transport":"platform","ref":"21145","route_ref":null,"shelter":null,"tactile_paving":null,"wheelchair":null,"asset_type":"Bus Stop","addr:city":null,"addr:housenumber":null,"addr:postcode":null,"addr:state":null,"addr:street":null,"addr:street:corner":null,"alt_name":null,"boundary":null,"ele":null,"gnis:feature_id":null,"leisure":null,"name:es":null,"opening_hours":null,"protect_class":null,"protection_title":null,"source":null,"type":null,"website":null,"wikidata":null,"wikipedia":null,"access":null,"barrier":null,"playground":null,"playground:theme":null,"survey:date":null,"place":null,"start_date":null,"surface":null,"amenity":null,"area":null,"denomination":null,"fax":null,"fence_type":null,"grades":null,"mascot":null,"name:en":null,"name:etymology:wikidata":null,"phone":null,"religion":null,"layer":"Bus Stops_points","path":"C:/Users/PMLS/Downloads/Hackathon work/Bus Stops_points.gpkg"},"geometry":{"type":"Point","coordinates":[-74.0908209,40.7126616]}},
{"type":"Feature","properties":{"fid":149,"id":"node/6171973255","@id":"node/6171973255","bench":null,"bin":null,"bus":"yes","construction":null,"covered":null,"description":null,"fixme":null,"gtfs:stop_id":null,"gtfs_stop_code":null,"highway":"bus_stop","level":null,"lit":null,"local_ref":null,"name":"West Side Ave At Fisk St","network":"NJ Transit","network:short":"NJT","network:wikidata":"Q498553","network:wikipedia":null,"note":null,"operator":"NJ Transit","passenger_information_display":null,"public_transport":"platform","ref":"21176","route_ref":null,"shelter":"no","tactile_paving":null,"wheelchair":null,"asset_type":"Bus Stop","addr:city":null,"addr:housenumber":null,"addr:postcode":null,"addr:state":null,"addr:street":null,"addr:street:corner":null,"alt_name":null,"boundary":null,"ele":null,"gnis:feature_id":null,"leisure":null,"name:es":null,"opening_hours":null,"protect_class":null,"protection_title":null,"source":null,"type":null,"website":null,"wikidata":null,"wikipedia":null,"access":null,"barrier":null,"playground":null,"playground:theme":null,"survey:date":null,"place":null,"start_date":null,"surface":null,"amenity":null,"area":null,"denomination":null,"fax":null,"fence_type":null,"grades":null,"mascot":null,"name:en":null,"name:etymology:wikidata":null,"phone":null,"religion":null,"layer":"Bus Stops_points","path":"C:/Users/PMLS/Downloads/Hackathon work/Bus Stops_points.gpkg"},"geometry":{"type":"Point","coordinates":[-74.0907262,40.7128769]}},
{"type":"Feature","properties":{"fid":150,"id":"node/6171973256","@id":"node/6171973256","bench":null,"bin":null,"bus":"yes","construction":null,"covered":null,"description":null,"fixme":null,"gtfs:stop_id":null,"gtfs_stop_code":null,"highway":"bus_stop","level":null,"lit":null,"local_ref":null,"name":"West Side Ave At Pollock Ave","network":"NJ Transit","network:short":"NJT","network:wikidata":"Q498553","network:wikipedia":null,"note":null,"operator":"NJ Transit","passenger_information_display":null,"public_transport":"platform","ref":"21175","route_ref":null,"shelter":"no","tactile_paving":null,"wheelchair":null,"asset_type":"Bus Stop","addr:city":null,"addr:housenumber":null,"addr:postcode":null,"addr:state":null,"addr:street":null,"addr:street:corner":null,"alt_name":null,"boundary":null,"ele":null,"gnis:feature_id":null,"leisure":null,"name:es":null,"opening_hours":null,"protect_class":null,"protection_title":null,"source":null,"type":null,"website":null,"wikidata":null,"wikipedia":null,"access":null,"barrier":null,"playground":null,"playground:theme":null,"survey:date":null,"place":null,"start_date":null,"surface":null,"amenity":null,"area":null,"denomination":null,"fax":null,"fence_type":null,"grades":null,"mascot":null,"name:en":null,"name:etymology:wikidata":null,"phone":null,"religion":null,"layer":"Bus Stops_points","path":"C:/Users/PMLS/Downloads/Hackathon work/Bus Stops_points.gpkg"},"geometry":{"type":"Point","coordinates":[-74.0896589,40.7134996]}},
{"type":"Feature","properties":{"fid":151,"id":"node/6171973257","@id":"node/6171973257","bench":null,"bin":null,"bus":"yes","construction":null,"covered":null,"description":null,"fixme":null,"gtfs:stop_id":null,"gtfs_stop_code":null,"highway":"bus_stop","level":null,"lit":null,"local_ref":null,"name":"West Side Ave At Pollock Ave","network":"NJ Transit","network:short":"NJT","network:wikidata":"Q498553","network:wikipedia":null,"note":null,"operator":"NJ Transit","passenger_information_display":null,"public_transport":"platform","ref":"21146","route_ref":null,"shelter":"no","tactile_paving":null,"wheelchair":null,"asset_type":"Bus Stop","addr:city":null,"addr:housenumber":null,"addr:postcode":null,"addr:state":null,"addr:street":null,"addr:street:corner":null,"alt_name":null,"boundary":null,"ele":null,"gnis:feature_id":null,"leisure":null,"name:es":null,"opening_hours":null,"protect_class":null,"protection_title":null,"source":null,"type":null,"website":null,"wikidata":null,"wikipedia":null,"access":null,"barrier":null,"playground":null,"playground:theme":null,"survey:date":null,"place":null,"start_date":null,"surface":null,"amenity":null,"area":null,"denomination":null,"fax":null,"fence_type":null,"grades":null,"mascot":null,"name:en":null,"name:etymology:wikidata":null,"phone":null,"religion":null,"layer":"Bus Stops_points","path":"C:/Users/PMLS/Downloads/Hackathon work/Bus Stops_points.gpkg"},"geometry":{"type":"Point","coordinates":[-74.0895589,40.7134059]}},
{"type":"Feature","properties":{"fid":152,"id":"node/6171973258","@id":"node/6171973258","bench":null,"bin":null,"bus":"yes","construction":null,"covered":null,"description":null,"fixme":null,"gtfs:stop_id":null,"gtfs_stop_code":null,"highway":"bus_stop","level":null,"lit":null,"local_ref":null,"name":"West Side Ave At Grant Ave","network":"NJ Transit","network:short":"NJT","network:wikidata":"Q498553","network:wikipedia":null,"note":null,"operator":"NJ Transit","passenger_information_display":null,"public_transport":"platform","ref":"21174","route_ref":null,"shelter":null,"tactile_paving":null,"wheelchair":null,"asset_type":"Bus Stop","addr:city":null,"addr:housenumber":null,"addr:postcode":null,"addr:state":null,"addr:street":null,"addr:street:corner":null,"alt_name":null,"boundary":null,"ele":null,"gnis:feature_id":null,"leisure":null,"name:es":null,"opening_hours":null,"protect_class":null,"protection_title":null,"source":null,"type":null,"website":null,"wikidata":null,"wikipedia":null,"access":null,"barrier":null,"playground":null,"playground:theme":null,"survey:date":null,"place":null,"start_date":null,"surface":null,"amenity":null,"area":null,"denomination":null,"fax":null,"fence_type":null,"grades":null,"mascot":null,"name:en":null,"name:etymology:wikidata":null,"phone":null,"religion":null,"layer":"Bus Stops_points","path":"C:/Users/PMLS/Downloads/Hackathon work/Bus Stops_points.gpkg"},"geometry":{"type":"Point","coordinates":[-74.088439,40.7145683]}},
{"type":"Feature","properties":{"fid":153,"id":"node/6171973259","@id":"node/6171973259","bench":null,"bin":null,"bus":"yes","construction":null,"covered":null,"description":null,"fixme":null,"gtfs:stop_id":null,"gtfs_stop_code":null,"highway":"bus_stop","level":null,"lit":null,"local_ref":null,"name":"West Side Ave At Claremont Ave - Hblr","network":"NJ Transit","network:short":"NJT","network:wikidata":"Q498553","network:wikipedia":null,"note":null,"operator":"NJ Transit","passenger_information_display":null,"public_transport":"platform","ref":"21147","route_ref":null,"shelter":null,"tactile_paving":null,"wheelchair":null,"asset_type":"Bus Stop","addr:city":null,"addr:housenumber":null,"addr:postcode":null,"addr:state":null,"addr:street":null,"addr:street:corner":null,"alt_name":null,"boundary":null,"ele":null,"gnis:feature_id":null,"leisure":null,"name:es":null,"opening_hours":null,"protect_class":null,"protection_title":null,"source":null,"type":null,"website":null,"wikidata":null,"wikipedia":null,"access":null,"barrier":null,"playground":null,"playground:theme":null,"survey:date":null,"place":null,"start_date":null,"surface":null,"amenity":null,"area":null,"denomination":null,"fax":null,"fence_type":null,"grades":null,"mascot":null,"name:en":null,"name:etymology:wikidata":null,"phone":null,"religion":null,"layer":"Bus Stops_points","path":"C:/Users/PMLS/Downloads/Hackathon work/Bus Stops_points.gpkg"},"geometry":{"type":"Point","coordinates":[-74.0879964,40.7146436]}},
{"type":"Feature","properties":{"fid":154,"id":"node/6171985818","@id":"node/6171985818","bench":null,"bin":null,"bus":"yes","construction":null,"covered":null,"description":null,"fixme":null,"gtfs:stop_id":null,"gtfs_stop_code":null,"highway":"bus_stop","level":null,"lit":null,"local_ref":null,"name":"Pacific Avenue at Carteret Avenue","network":"NJ Transit","network:short":null,"network:wikidata":null,"network:wikipedia":null,"note":null,"operator":"NJ Transit Bus Operations","passenger_information_display":null,"public_transport":"platform","ref":"31184","route_ref":null,"shelter":null,"tactile_paving":null,"wheelchair":null,"asset_type":"Bus Stop","addr:city":null,"addr:housenumber":null,"addr:postcode":null,"addr:state":null,"addr:street":null,"addr:street:corner":null,"alt_name":null,"boundary":null,"ele":null,"gnis:feature_id":null,"leisure":null,"name:es":null,"opening_hours":null,"protect_class":null,"protection_title":null,"source":null,"type":null,"website":null,"wikidata":null,"wikipedia":null,"access":null,"barrier":null,"playground":null,"playground:theme":null,"survey:date":null,"place":null,"start_date":null,"surface":null,"amenity":null,"area":null,"denomination":null,"fax":null,"fence_type":null,"grades":null,"mascot":null,"name:en":null,"name:etymology:wikidata":null,"phone":null,"religion":null,"layer":"Bus Stops_points","path":"C:/Users/PMLS/Downloads/Hackathon work/Bus Stops_points.gpkg"},"geometry":{"type":"Point","coordinates":[-74.0689441,40.7068969]}},
{"type":"Feature","properties":{"fid":155,"id":"node/6171985819","@id":"node/6171985819","bench":null,"bin":null,"bus":"yes","construction":null,"covered":null,"description":null,"fixme":null,"gtfs:stop_id":null,"gtfs_stop_code":null,"highway":"bus_stop","level":null,"lit":null,"local_ref":null,"name":"Pacific Avenue at Forrest Street","network":"NJ Transit","network:short":null,"network:wikidata":null,"network:wikipedia":null,"note":null,"operator":"NJ Transit Bus Operations","passenger_information_display":null,"public_transport":"platform","ref":"30527","route_ref":null,"shelter":null,"tactile_paving":null,"wheelchair":null,"asset_type":"Bus Stop","addr:city":null,"addr:housenumber":null,"addr:postcode":null,"addr:state":null,"addr:street":null,"addr:street:corner":null,"alt_name":null,"boundary":null,"ele":null,"gnis:feature_id":null,"leisure":null,"name:es":null,"opening_hours":null,"protect_class":null,"protection_title":null,"source":null,"type":null,"website":null,"wikidata":null,"wikipedia":null,"access":null,"barrier":null,"playground":null,"playground:theme":null,"survey:date":null,"place":null,"start_date":null,"surface":null,"amenity":null,"area":null,"denomination":null,"fax":null,"fence_type":null,"grades":null,"mascot":null,"name:en":null,"name:etymology:wikidata":null,"phone":null,"religion":null,"layer":"Bus Stops_points","path":"C:/Users/PMLS/Downloads/Hackathon work/Bus Stops_points.gpkg"},"geometry":{"type":"Point","coordinates":[-74.0676669,40.7077802]}},
{"type":"Feature","properties":{"fid":156,"id":"node/6171985820","@id":"node/6171985820","bench":null,"bin":null,"bus":"yes","construction":null,"covered":null,"description":null,"fixme":null,"gtfs:stop_id":null,"gtfs_stop_code":null,"highway":"bus_stop","level":null,"lit":null,"local_ref":null,"name":"Pacific Avenue at Bramhall Avenue","network":"NJ Transit","network:short":null,"network:wikidata":null,"network:wikipedia":null,"note":null,"operator":"NJ Transit Bus Operations","passenger_information_display":null,"public_transport":"platform","ref":"30528","route_ref":null,"shelter":null,"tactile_paving":null,"wheelchair":null,"asset_type":"Bus Stop","addr:city":null,"addr:housenumber":null,"addr:postcode":null,"addr:state":null,"addr:street":null,"addr:street:corner":null,"alt_name":null,"boundary":null,"ele":null,"gnis:feature_id":null,"leisure":null,"name:es":null,"opening_hours":null,"protect_class":null,"protection_title":null,"source":null,"type":null,"website":null,"wikidata":null,"wikipedia":null,"access":null,"barrier":null,"playground":null,"playground:theme":null,"survey:date":null,"place":null,"start_date":null,"surface":null,"amenity":null,"area":null,"denomination":null,"fax":null,"fence_type":null,"grades":null,"mascot":null,"name:en":null,"name:etymology:wikidata":null,"phone":null,"religion":null,"layer":"Bus Stops_points","path":"C:/Users/PMLS/Downloads/Hackathon work/Bus Stops_points.gpkg"},"geometry":{"type":"Point","coordinates":[-74.0649862,40.7097021]}},
{"type":"Feature","properties":{"fid":157,"id":"node/6171985821","@id":"node/6171985821","bench":null,"bin":null,"bus":"yes","construction":null,"covered":null,"description":null,"fixme":null,"gtfs:stop_id":null,"gtfs_stop_code":null,"highway":"bus_stop","level":null,"lit":null,"local_ref":null,"name":"Communipaw Avenue at Suydam Avenue","network":null,"network:short":null,"network:wikidata":null,"network:wikipedia":null,"note":null,"operator":null,"passenger_information_display":null,"public_transport":"platform","ref":"30524","route_ref":null,"shelter":null,"tactile_paving":null,"wheelchair":null,"asset_type":"Bus Stop","addr:city":null,"addr:housenumber":null,"addr:postcode":null,"addr:state":null,"addr:street":null,"addr:street:corner":null,"alt_name":null,"boundary":null,"ele":null,"gnis:feature_id":null,"leisure":null,"name:es":null,"opening_hours":null,"protect_class":null,"protection_title":null,"source":null,"type":null,"website":null,"wikidata":null,"wikipedia":null,"access":null,"barrier":null,"playground":null,"playground:theme":null,"survey:date":null,"place":null,"start_date":null,"surface":null,"amenity":null,"area":null,"denomination":null,"fax":null,"fence_type":null,"grades":null,"mascot":null,"name:en":null,"name:etymology:wikidata":null,"phone":null,"religion":null,"layer":"Bus Stops_points","path":"C:/Users/PMLS/Downloads/Hackathon work/Bus Stops_points.gpkg"},"geometry":{"type":"Point","coordinates":[-74.060517,40.7096311]}},
{"type":"Feature","properties":{"fid":158,"id":"node/6171985822","@id":"node/6171985822","bench":null,"bin":null,"bus":"yes","construction":null,"covered":null,"description":null,"fixme":null,"gtfs:stop_id":null,"gtfs_stop_code":null,"highway":"bus_stop","level":null,"lit":null,"local_ref":null,"name":"Pacific Avenue at Communipaw Avenue","network":"NJ Transit","network:short":"NJT","network:wikidata":"Q498553","network:wikipedia":"en:NJ Transit","note":null,"operator":"NJ Transit Bus Operations","passenger_information_display":null,"public_transport":"platform","ref":"30529","route_ref":null,"shelter":null,"tactile_paving":null,"wheelchair":null,"asset_type":"Bus Stop","addr:city":null,"addr:housenumber":null,"addr:postcode":null,"addr:state":null,"addr:street":null,"addr:street:corner":null,"alt_name":null,"boundary":null,"ele":null,"gnis:feature_id":null,"leisure":null,"name:es":null,"opening_hours":null,"protect_class":null,"protection_title":null,"source":null,"type":null,"website":null,"wikidata":null,"wikipedia":null,"access":null,"barrier":null,"playground":null,"playground:theme":null,"survey:date":null,"place":null,"start_date":null,"surface":null,"amenity":null,"area":null,"denomination":null,"fax":null,"fence_type":null,"grades":null,"mascot":null,"name:en":null,"name:etymology:wikidata":null,"phone":null,"religion":null,"layer":"Bus Stops_points","path":"C:/Users/PMLS/Downloads/Hackathon work/Bus Stops_points.gpkg"},"geometry":{"type":"Point","coordinates":[-74.062663,40.711337]}},
{"type":"Feature","properties":{"fid":159,"id":"node/6171985823","@id":"node/6171985823","bench":null,"bin":null,"bus":"yes","construction":null,"covered":null,"description":null,"fixme":null,"gtfs:stop_id":null,"gtfs_stop_code":null,"highway":"bus_stop","level":null,"lit":null,"local_ref":null,"name":"Pacific Ave At Communipaw Ave","network":"NJ Transit","network:short":"NJT","network:wikidata":"Q498553","network:wikipedia":"en:NJ Transit","note":null,"operator":null,"passenger_information_display":null,"public_transport":"platform","ref":"21050","route_ref":null,"shelter":"no","tactile_paving":null,"wheelchair":null,"asset_type":"Bus Stop","addr:city":null,"addr:housenumber":null,"addr:postcode":null,"addr:state":null,"addr:street":null,"addr:street:corner":null,"alt_name":null,"boundary":null,"ele":null,"gnis:feature_id":null,"leisure":null,"name:es":null,"opening_hours":null,"protect_class":null,"protection_title":null,"source":null,"type":null,"website":null,"wikidata":null,"wikipedia":null,"access":null,"barrier":null,"playground":null,"playground:theme":null,"survey:date":null,"place":null,"start_date":null,"surface":null,"amenity":null,"area":null,"denomination":null,"fax":null,"fence_type":null,"grades":null,"mascot":null,"name:en":null,"name:etymology:wikidata":null,"phone":null,"religion":null,"layer":"Bus Stops_points","path":"C:/Users/PMLS/Downloads/Hackathon work/Bus Stops_points.gpkg"},"geometry":{"type":"Point","coordinates":[-74.0625903,40.7115848]}},
{"type":"Feature","properties":{"fid":160,"id":"node/6171985824","@id":"node/6171985824","bench":null,"bin":null,"bus":"yes","construction":null,"covered":null,"description":null,"fixme":null,"gtfs:stop_id":null,"gtfs_stop_code":null,"highway":"bus_stop","level":null,"lit":null,"local_ref":null,"name":"Communipaw Ave At Woodward St","network":"NJ Transit","network:short":"NJT","network:wikidata":"Q498553","network:wikipedia":null,"note":null,"operator":null,"passenger_information_display":null,"public_transport":"platform","ref":"30526","route_ref":null,"shelter":"no","tactile_paving":null,"wheelchair":null,"asset_type":"Bus Stop","addr:city":null,"addr:housenumber":null,"addr:postcode":null,"addr:state":null,"addr:street":null,"addr:street:corner":null,"alt_name":null,"boundary":null,"ele":null,"gnis:feature_id":null,"leisure":null,"name:es":null,"opening_hours":null,"protect_class":null,"protection_title":null,"source":null,"type":null,"website":null,"wikidata":null,"wikipedia":null,"access":null,"barrier":null,"playground":null,"playground:theme":null,"survey:date":null,"place":null,"start_date":null,"surface":null,"amenity":null,"area":null,"denomination":null,"fax":null,"fence_type":null,"grades":null,"mascot":null,"name:en":null,"name:etymology:wikidata":null,"phone":null,"religion":null,"layer":"Bus Stops_points","path":"C:/Users/PMLS/Downloads/Hackathon work/Bus Stops_points.gpkg"},"geometry":{"type":"Point","coordinates":[-74.0644292,40.712988]}},
{"type":"Feature","properties":{"fid":161,"id":"node/6171985825","@id":"node/6171985825","bench":null,"bin":null,"bus":"yes","construction":null,"covered":null,"description":null,"fixme":null,"gtfs:stop_id":null,"gtfs_stop_code":null,"highway":"bus_stop","level":null,"lit":null,"local_ref":null,"name":"Garfield Avenue at Harmon Street","network":"NJ Transit","network:short":null,"network:wikidata":null,"network:wikipedia":null,"note":null,"operator":"NJ Transit Bus Operations","passenger_information_display":null,"public_transport":"platform","ref":"20732","route_ref":null,"shelter":null,"tactile_paving":null,"wheelchair":null,"asset_type":"Bus Stop","addr:city":null,"addr:housenumber":null,"addr:postcode":null,"addr:state":null,"addr:street":null,"addr:street:corner":null,"alt_name":null,"boundary":null,"ele":null,"gnis:feature_id":null,"leisure":null,"name:es":null,"opening_hours":null,"protect_class":null,"protection_title":null,"source":null,"type":null,"website":null,"wikidata":null,"wikipedia":null,"access":null,"barrier":null,"playground":null,"playground:theme":null,"survey:date":null,"place":null,"start_date":null,"surface":null,"amenity":null,"area":null,"denomination":null,"fax":null,"fence_type":null,"grades":null,"mascot":null,"name:en":null,"name:etymology:wikidata":null,"phone":null,"religion":null,"layer":"Bus Stops_points","path":"C:/Users/PMLS/Downloads/Hackathon work/Bus Stops_points.gpkg"},"geometry":{"type":"Point","coordinates":[-74.0675636,40.7142794]}},
{"type":"Feature","properties":{"fid":162,"id":"node/6171985826","@id":"node/6171985826","bench":null,"bin":null,"bus":"yes","construction":null,"covered":null,"description":null,"fixme":null,"gtfs:stop_id":null,"gtfs_stop_code":null,"highway":"bus_stop","level":null,"lit":null,"local_ref":null,"name":"Communipaw Ave At Garfield Ave","network":"NJ Transit","network:short":"NJT","network:wikidata":"Q498553","network:wikipedia":null,"note":null,"operator":null,"passenger_information_display":null,"public_transport":"platform","ref":"20656","route_ref":null,"shelter":"no","tactile_paving":null,"wheelchair":null,"asset_type":"Bus Stop","addr:city":null,"addr:housenumber":null,"addr:postcode":null,"addr:state":null,"addr:street":null,"addr:street:corner":null,"alt_name":null,"boundary":null,"ele":null,"gnis:feature_id":null,"leisure":null,"name:es":null,"opening_hours":null,"protect_class":null,"protection_title":null,"source":null,"type":null,"website":null,"wikidata":null,"wikipedia":null,"access":null,"barrier":null,"playground":null,"playground:theme":null,"survey:date":null,"place":null,"start_date":null,"surface":null,"amenity":null,"area":null,"denomination":null,"fax":null,"fence_type":null,"grades":null,"mascot":null,"name:en":null,"name:etymology:wikidata":null,"phone":null,"religion":null,"layer":"Bus Stops_points","path":"C:/Users/PMLS/Downloads/Hackathon work/Bus Stops_points.gpkg"},"geometry":{"type":"Point","coordinates":[-74.0669544,40.7148564]}},
{"type":"Feature","properties":{"fid":163,"id":"node/6171985827","@id":"node/6171985827","bench":"no","bin":"no","bus":"yes","construction":null,"covered":null,"description":null,"fixme":null,"gtfs:stop_id":null,"gtfs_stop_code":null,"highway":"bus_stop","level":null,"lit":"yes","local_ref":null,"name":"Johnston Avenue at Monitor Street","network":"NJ Transit","network:short":"NJT","network:wikidata":"Q498553","network:wikipedia":"en:NJ Transit","note":null,"operator":"NJ Transit Bus Operations","passenger_information_display":null,"public_transport":"platform","ref":"30530","route_ref":null,"shelter":"no","tactile_paving":"no","wheelchair":null,"asset_type":"Bus Stop","addr:city":null,"addr:housenumber":null,"addr:postcode":null,"addr:state":null,"addr:street":null,"addr:street:corner":null,"alt_name":null,"boundary":null,"ele":null,"gnis:feature_id":null,"leisure":null,"name:es":null,"opening_hours":null,"protect_class":null,"protection_title":null,"source":null,"type":null,"website":null,"wikidata":null,"wikipedia":null,"access":null,"barrier":null,"playground":null,"playground:theme":null,"survey:date":null,"place":null,"start_date":null,"surface":null,"amenity":null,"area":null,"denomination":null,"fax":null,"fence_type":null,"grades":null,"mascot":null,"name:en":null,"name:etymology:wikidata":null,"phone":null,"religion":null,"layer":"Bus Stops_points","path":"C:/Users/PMLS/Downloads/Hackathon work/Bus Stops_points.gpkg"},"geometry":{"type":"Point","coordinates":[-74.0572853,40.7127317]}},
{"type":"Feature","properties":{"fid":164,"id":"node/6171985828","@id":"node/6171985828","bench":null,"bin":null,"bus":"yes","construction":null,"covered":null,"description":null,"fixme":null,"gtfs:stop_id":null,"gtfs_stop_code":null,"highway":"bus_stop","level":null,"lit":null,"local_ref":null,"name":"Pacific Ave At Johnston Ave","network":"NJ Transit","network:short":"NJT","network:wikidata":"Q498553","network:wikipedia":"en:NJ Transit","note":null,"operator":null,"passenger_information_display":null,"public_transport":"platform","ref":"30531","route_ref":null,"shelter":"no","tactile_paving":null,"wheelchair":null,"asset_type":"Bus Stop","addr:city":null,"addr:housenumber":null,"addr:postcode":null,"addr:state":null,"addr:street":null,"addr:street:corner":null,"alt_name":null,"boundary":null,"ele":null,"gnis:feature_id":null,"leisure":null,"name:es":null,"opening_hours":null,"protect_class":null,"protection_title":null,"source":null,"type":null,"website":null,"wikidata":null,"wikipedia":null,"access":null,"barrier":null,"playground":null,"playground:theme":null,"survey:date":null,"place":null,"start_date":null,"surface":null,"amenity":null,"area":null,"denomination":null,"fax":null,"fence_type":null,"grades":null,"mascot":null,"name:en":null,"name:etymology:wikidata":null,"phone":null,"religion":null,"layer":"Bus Stops_points","path":"C:/Users/PMLS/Downloads/Hackathon work/Bus Stops_points.gpkg"},"geometry":{"type":"Point","coordinates":[-74.0593303,40.7139017]}},
{"type":"Feature","properties":{"fid":165,"id":"node/6172030592","@id":"node/6172030592","bench":null,"bin":null,"bus":"yes","construction":null,"covered":null,"description":null,"fixme":null,"gtfs:stop_id":null,"gtfs_stop_code":null,"highway":"bus_stop","level":null,"lit":null,"local_ref":null,"name":"Grand Street at Pacific Avenue","network":"NJ Transit","network:short":"NJT","network:wikidata":"Q498553","network:wikipedia":"en:NJ Transit","note":null,"operator":"NJ Transit Bus Operations","passenger_information_display":null,"public_transport":"platform","ref":"20752","route_ref":null,"shelter":"no","tactile_paving":null,"wheelchair":null,"asset_type":"Bus Stop","addr:city":null,"addr:housenumber":null,"addr:postcode":null,"addr:state":null,"addr:street":null,"addr:street:corner":null,"alt_name":null,"boundary":null,"ele":null,"gnis:feature_id":null,"leisure":null,"name:es":null,"opening_hours":null,"protect_class":null,"protection_title":null,"source":null,"type":null,"website":null,"wikidata":null,"wikipedia":null,"access":null,"barrier":null,"playground":null,"playground:theme":null,"survey:date":null,"place":null,"start_date":null,"surface":null,"amenity":null,"area":null,"denomination":null,"fax":null,"fence_type":null,"grades":null,"mascot":null,"name:en":null,"name:etymology:wikidata":null,"phone":null,"religion":null,"layer":"Bus Stops_points","path":"C:/Users/PMLS/Downloads/Hackathon work/Bus Stops_points.gpkg"},"geometry":{"type":"Point","coordinates":[-74.0548839,40.7171427]}},
{"type":"Feature","properties":{"fid":166,"id":"node/6172030593","@id":"node/6172030593","bench":"no","bin":"no","bus":"yes","construction":null,"covered":null,"description":null,"fixme":null,"gtfs:stop_id":null,"gtfs_stop_code":null,"highway":"bus_stop","level":null,"lit":"yes","local_ref":null,"name":"Grand Street at Bates Street","network":"NJ Transit","network:short":"NJT","network:wikidata":"Q498553","network:wikipedia":"en:NJ Transit","note":null,"operator":"NJ Transit Bus Operations","passenger_information_display":null,"public_transport":"platform","ref":"20768","route_ref":null,"shelter":"no","tactile_paving":"no","wheelchair":null,"asset_type":"Bus Stop","addr:city":null,"addr:housenumber":null,"addr:postcode":null,"addr:state":null,"addr:street":null,"addr:street:corner":null,"alt_name":null,"boundary":null,"ele":null,"gnis:feature_id":null,"leisure":null,"name:es":null,"opening_hours":null,"protect_class":null,"protection_title":null,"source":null,"type":null,"website":null,"wikidata":null,"wikipedia":null,"access":null,"barrier":null,"playground":null,"playground:theme":null,"survey:date":null,"place":null,"start_date":null,"surface":null,"amenity":null,"area":null,"denomination":null,"fax":null,"fence_type":null,"grades":null,"mascot":null,"name:en":null,"name:etymology:wikidata":null,"phone":null,"religion":null,"layer":"Bus Stops_points","path":"C:/Users/PMLS/Downloads/Hackathon work/Bus Stops_points.gpkg"},"geometry":{"type":"Point","coordinates":[-74.0538072,40.7172268]}},
{"type":"Feature","properties":{"fid":167,"id":"node/6172030594","@id":"node/6172030594","bench":null,"bin":null,"bus":"yes","construction":null,"covered":null,"description":null,"fixme":null,"gtfs:stop_id":null,"gtfs_stop_code":null,"highway":"bus_stop","level":null,"lit":null,"local_ref":null,"name":"Grand St At Monmouth St","network":"NJ Transit","network:short":"NJT","network:wikidata":"Q498553","network:wikipedia":"en:NJ Transit","note":null,"operator":null,"passenger_information_display":null,"public_transport":"platform","ref":"20767","route_ref":null,"shelter":"no","tactile_paving":null,"wheelchair":null,"asset_type":"Bus Stop","addr:city":null,"addr:housenumber":null,"addr:postcode":null,"addr:state":null,"addr:street":null,"addr:street:corner":null,"alt_name":null,"boundary":null,"ele":null,"gnis:feature_id":null,"leisure":null,"name:es":null,"opening_hours":null,"protect_class":null,"protection_title":null,"source":null,"type":null,"website":null,"wikidata":null,"wikipedia":null,"access":null,"barrier":null,"playground":null,"playground:theme":null,"survey:date":null,"place":null,"start_date":null,"surface":null,"amenity":null,"area":null,"denomination":null,"fax":null,"fence_type":null,"grades":null,"mascot":null,"name:en":null,"name:etymology:wikidata":null,"phone":null,"religion":null,"layer":"Bus Stops_points","path":"C:/Users/PMLS/Downloads/Hackathon work/Bus Stops_points.gpkg"},"geometry":{"type":"Point","coordinates":[-74.0520567,40.7170135]}},
{"type":"Feature","properties":{"fid":168,"id":"node/6172030596","@id":"node/6172030596","bench":null,"bin":null,"bus":"yes","construction":null,"covered":null,"description":null,"fixme":null,"gtfs:stop_id":null,"gtfs_stop_code":null,"highway":"bus_stop","level":null,"lit":null,"local_ref":null,"name":"Grand St At Monmouth St","network":"NJ Transit","network:short":"NJT","network:wikidata":"Q498553","network:wikipedia":"en:NJ Transit","note":null,"operator":null,"passenger_information_display":null,"public_transport":"platform","ref":"20754","route_ref":null,"shelter":"no","tactile_paving":null,"wheelchair":null,"asset_type":"Bus Stop","addr:city":null,"addr:housenumber":null,"addr:postcode":null,"addr:state":null,"addr:street":null,"addr:street:corner":null,"alt_name":null,"boundary":null,"ele":null,"gnis:feature_id":null,"leisure":null,"name:es":null,"opening_hours":null,"protect_class":null,"protection_title":null,"source":null,"type":null,"website":null,"wikidata":null,"wikipedia":null,"access":null,"barrier":null,"playground":null,"playground:theme":null,"survey:date":null,"place":null,"start_date":null,"surface":null,"amenity":null,"area":null,"denomination":null,"fax":null,"fence_type":null,"grades":null,"mascot":null,"name:en":null,"name:etymology:wikidata":null,"phone":null,"religion":null,"layer":"Bus Stops_points","path":"C:/Users/PMLS/Downloads/Hackathon work/Bus Stops_points.gpkg"},"geometry":{"type":"Point","coordinates":[-74.052479,40.7168778]}},
{"type":"Feature","properties":{"fid":169,"id":"node/6172030597","@id":"node/6172030597","bench":null,"bin":null,"bus":"yes","construction":null,"covered":null,"description":null,"fixme":null,"gtfs:stop_id":null,"gtfs_stop_code":null,"highway":"bus_stop","level":null,"lit":null,"local_ref":null,"name":"Grand St At Jersey Ave","network":"NJ Transit","network:short":"NJT","network:wikidata":"Q498553","network:wikipedia":"en:NJ Transit","note":null,"operator":null,"passenger_information_display":null,"public_transport":"platform","ref":"20766","route_ref":null,"shelter":"no","tactile_paving":null,"wheelchair":null,"asset_type":"Bus Stop","addr:city":null,"addr:housenumber":null,"addr:postcode":null,"addr:state":null,"addr:street":null,"addr:street:corner":null,"alt_name":null,"boundary":null,"ele":null,"gnis:feature_id":null,"leisure":null,"name:es":null,"opening_hours":null,"protect_class":null,"protection_title":null,"source":null,"type":null,"website":null,"wikidata":null,"wikipedia":null,"access":null,"barrier":null,"playground":null,"playground:theme":null,"survey:date":null,"place":null,"start_date":null,"surface":null,"amenity":null,"area":null,"denomination":null,"fax":null,"fence_type":null,"grades":null,"mascot":null,"name:en":null,"name:etymology:wikidata":null,"phone":null,"religion":null,"layer":"Bus Stops_points","path":"C:/Users/PMLS/Downloads/Hackathon work/Bus Stops_points.gpkg"},"geometry":{"type":"Point","coordinates":[-74.0501433,40.7167956]}},
{"type":"Feature","properties":{"fid":170,"id":"node/6172030599","@id":"node/6172030599","bench":"no","bin":"yes","bus":"yes","construction":null,"covered":null,"description":null,"fixme":null,"gtfs:stop_id":null,"gtfs_stop_code":null,"highway":"bus_stop","level":null,"lit":"yes","local_ref":null,"name":"Jersey Avenue at Bright Street","network":"NJ Transit","network:short":"NJT","network:wikidata":"Q498553","network:wikipedia":"en:NJ Transit","note":null,"operator":"NJ Transit Bus Operations","passenger_information_display":null,"public_transport":"platform","ref":"20786","route_ref":null,"shelter":"no","tactile_paving":"no","wheelchair":null,"asset_type":"Bus Stop","addr:city":null,"addr:housenumber":null,"addr:postcode":null,"addr:state":null,"addr:street":null,"addr:street:corner":null,"alt_name":null,"boundary":null,"ele":null,"gnis:feature_id":null,"leisure":null,"name:es":null,"opening_hours":null,"protect_class":null,"protection_title":null,"source":null,"type":null,"website":null,"wikidata":null,"wikipedia":null,"access":null,"barrier":null,"playground":null,"playground:theme":null,"survey:date":null,"place":null,"start_date":null,"surface":null,"amenity":null,"area":null,"denomination":null,"fax":null,"fence_type":null,"grades":null,"mascot":null,"name:en":null,"name:etymology:wikidata":null,"phone":null,"religion":null,"layer":"Bus Stops_points","path":"C:/Users/PMLS/Downloads/Hackathon work/Bus Stops_points.gpkg"},"geometry":{"type":"Point","coordinates":[-74.0485068,40.7172003]}},
{"type":"Feature","properties":{"fid":171,"id":"node/6172030600","@id":"node/6172030600","bench":"no","bin":"no","bus":"yes","construction":null,"covered":null,"description":null,"fixme":null,"gtfs:stop_id":null,"gtfs_stop_code":null,"highway":"bus_stop","level":null,"lit":"yes","local_ref":null,"name":"Jersey Avenue at Bright Street","network":"NJ Transit","network:short":"NJT","network:wikidata":"Q498553","network:wikipedia":"en:NJ Transit","note":null,"operator":"NJ Transit Bus Operations","passenger_information_display":null,"public_transport":"platform","ref":"20789","route_ref":null,"shelter":"no","tactile_paving":"no","wheelchair":null,"asset_type":"Bus Stop","addr:city":null,"addr:housenumber":null,"addr:postcode":null,"addr:state":null,"addr:street":null,"addr:street:corner":null,"alt_name":null,"boundary":null,"ele":null,"gnis:feature_id":null,"leisure":null,"name:es":null,"opening_hours":null,"protect_class":null,"protection_title":null,"source":null,"type":null,"website":null,"wikidata":null,"wikipedia":null,"access":null,"barrier":null,"playground":null,"playground:theme":null,"survey:date":null,"place":null,"start_date":null,"surface":null,"amenity":null,"area":null,"denomination":null,"fax":null,"fence_type":null,"grades":null,"mascot":null,"name:en":null,"name:etymology:wikidata":null,"phone":null,"religion":null,"layer":"Bus Stops_points","path":"C:/Users/PMLS/Downloads/Hackathon work/Bus Stops_points.gpkg"},"geometry":{"type":"Point","coordinates":[-74.0485471,40.7174395]}},
{"type":"Feature","properties":{"fid":172,"id":"node/6172030602","@id":"node/6172030602","bench":null,"bin":null,"bus":"yes","construction":null,"covered":null,"description":null,"fixme":null,"gtfs:stop_id":null,"gtfs_stop_code":null,"highway":"bus_stop","level":null,"lit":null,"local_ref":null,"name":"Grand St At Bright St","network":"NJ Transit","network:short":"NJT","network:wikidata":"Q498553","network:wikipedia":"en:NJ Transit","note":null,"operator":null,"passenger_information_display":null,"public_transport":"platform","ref":"20765","route_ref":null,"shelter":"no","tactile_paving":null,"wheelchair":null,"asset_type":"Bus Stop","addr:city":null,"addr:housenumber":null,"addr:postcode":null,"addr:state":null,"addr:street":null,"addr:street:corner":null,"alt_name":null,"boundary":null,"ele":null,"gnis:feature_id":null,"leisure":null,"name:es":null,"opening_hours":null,"protect_class":null,"protection_title":null,"source":null,"type":null,"website":null,"wikidata":null,"wikipedia":null,"access":null,"barrier":null,"playground":null,"playground:theme":null,"survey:date":null,"place":null,"start_date":null,"surface":null,"amenity":null,"area":null,"denomination":null,"fax":null,"fence_type":null,"grades":null,"mascot":null,"name:en":null,"name:etymology:wikidata":null,"phone":null,"religion":null,"layer":"Bus Stops_points","path":"C:/Users/PMLS/Downloads/Hackathon work/Bus Stops_points.gpkg"},"geometry":{"type":"Point","coordinates":[-74.0455033,40.7162665]}},
{"type":"Feature","properties":{"fid":173,"id":"node/6172159627","@id":"node/6172159627","bench":"no","bin":"yes","bus":"yes","construction":null,"covered":null,"description":null,"fixme":null,"gtfs:stop_id":null,"gtfs_stop_code":null,"highway":"bus_stop","level":null,"lit":"yes","local_ref":null,"name":"Jersey Ave At Montgomery St","network":"NJ Transit","network:short":"NJT","network:wikidata":"Q498553","network:wikipedia":"en:NJ Transit","note":null,"operator":"NJ Transit","passenger_information_display":null,"public_transport":"platform","ref":"20788","route_ref":null,"shelter":"no","tactile_paving":"no","wheelchair":null,"asset_type":"Bus Stop","addr:city":null,"addr:housenumber":null,"addr:postcode":null,"addr:state":null,"addr:street":null,"addr:street:corner":null,"alt_name":null,"boundary":null,"ele":null,"gnis:feature_id":null,"leisure":null,"name:es":null,"opening_hours":null,"protect_class":null,"protection_title":null,"source":null,"type":null,"website":null,"wikidata":null,"wikipedia":null,"access":null,"barrier":null,"playground":null,"playground:theme":null,"survey:date":null,"place":null,"start_date":null,"surface":null,"amenity":null,"area":null,"denomination":null,"fax":null,"fence_type":null,"grades":null,"mascot":null,"name:en":null,"name:etymology:wikidata":null,"phone":null,"religion":null,"layer":"Bus Stops_points","path":"C:/Users/PMLS/Downloads/Hackathon work/Bus Stops_points.gpkg"},"geometry":{"type":"Point","coordinates":[-74.0477317,40.718934]}},
{"type":"Feature","properties":{"fid":174,"id":"node/6172159628","@id":"node/6172159628","bench":"no","bin":"no","bus":"yes","construction":null,"covered":null,"description":null,"fixme":null,"gtfs:stop_id":null,"gtfs_stop_code":null,"highway":"bus_stop","level":null,"lit":"yes","local_ref":null,"name":"Jersey Ave At Mercer St","network":"NJ Transit","network:short":"NJT","network:wikidata":"Q498553","network:wikipedia":"en:NJ Transit","note":null,"operator":"NJ Transit","passenger_information_display":null,"public_transport":"platform","ref":"30502","route_ref":null,"shelter":"no","tactile_paving":"no","wheelchair":null,"asset_type":"Bus Stop","addr:city":null,"addr:housenumber":null,"addr:postcode":null,"addr:state":null,"addr:street":null,"addr:street:corner":null,"alt_name":null,"boundary":null,"ele":null,"gnis:feature_id":null,"leisure":null,"name:es":null,"opening_hours":null,"protect_class":null,"protection_title":null,"source":null,"type":null,"website":null,"wikidata":null,"wikipedia":null,"access":null,"barrier":null,"playground":null,"playground:theme":null,"survey:date":null,"place":null,"start_date":null,"surface":null,"amenity":null,"area":null,"denomination":null,"fax":null,"fence_type":null,"grades":null,"mascot":null,"name:en":null,"name:etymology:wikidata":null,"phone":null,"religion":null,"layer":"Bus Stops_points","path":"C:/Users/PMLS/Downloads/Hackathon work/Bus Stops_points.gpkg"},"geometry":{"type":"Point","coordinates":[-74.0473818,40.7191667]}},
{"type":"Feature","properties":{"fid":175,"id":"node/6172159639","@id":"node/6172159639","bench":"yes","bin":null,"bus":"yes","construction":null,"covered":null,"description":null,"fixme":null,"gtfs:stop_id":null,"gtfs_stop_code":null,"highway":"bus_stop","level":null,"lit":"yes","local_ref":null,"name":"Newark Avenue at Jersey Avenue","network":"NJ Transit","network:short":"NJT","network:wikidata":"Q498553","network:wikipedia":"en:NJ Transit","note":null,"operator":"NJ Transit Bus Operations","passenger_information_display":"no","public_transport":"platform","ref":"20961","route_ref":null,"shelter":"no","tactile_paving":null,"wheelchair":null,"asset_type":"Bus Stop","addr:city":null,"addr:housenumber":null,"addr:postcode":null,"addr:state":null,"addr:street":null,"addr:street:corner":null,"alt_name":null,"boundary":null,"ele":null,"gnis:feature_id":null,"leisure":null,"name:es":null,"opening_hours":null,"protect_class":null,"protection_title":null,"source":null,"type":null,"website":null,"wikidata":null,"wikipedia":null,"access":null,"barrier":null,"playground":null,"playground:theme":null,"survey:date":null,"place":null,"start_date":null,"surface":null,"amenity":null,"area":null,"denomination":null,"fax":null,"fence_type":null,"grades":null,"mascot":null,"name:en":null,"name:etymology:wikidata":null,"phone":null,"religion":null,"layer":"Bus Stops_points","path":"C:/Users/PMLS/Downloads/Hackathon work/Bus Stops_points.gpkg"},"geometry":{"type":"Point","coordinates":[-74.0462192,40.7217272]}},
{"type":"Feature","properties":{"fid":176,"id":"node/6172159640","@id":"node/6172159640","bench":"yes","bin":"yes","bus":"yes","construction":null,"covered":null,"description":null,"fixme":null,"gtfs:stop_id":null,"gtfs_stop_code":null,"highway":"bus_stop","level":null,"lit":"yes","local_ref":null,"name":"Newark Avenue at Jersey Avenue","network":"NJ Transit","network:short":"NJT","network:wikidata":"Q498553","network:wikipedia":"en:NJ Transit","note":null,"operator":"NJ Transit Bus Operations","passenger_information_display":null,"public_transport":"platform","ref":"20967","route_ref":null,"shelter":"no","tactile_paving":"no","wheelchair":null,"asset_type":"Bus Stop","addr:city":null,"addr:housenumber":null,"addr:postcode":null,"addr:state":null,"addr:street":null,"addr:street:corner":null,"alt_name":null,"boundary":null,"ele":null,"gnis:feature_id":null,"leisure":null,"name:es":null,"opening_hours":null,"protect_class":null,"protection_title":null,"source":null,"type":null,"website":null,"wikidata":null,"wikipedia":null,"access":null,"barrier":null,"playground":null,"playground:theme":null,"survey:date":null,"place":null,"start_date":null,"surface":null,"amenity":null,"area":null,"denomination":null,"fax":null,"fence_type":null,"grades":null,"mascot":null,"name:en":null,"name:etymology:wikidata":null,"phone":null,"religion":null,"layer":"Bus Stops_points","path":"C:/Users/PMLS/Downloads/Hackathon work/Bus Stops_points.gpkg"},"geometry":{"type":"Point","coordinates":[-74.0463403,40.7216667]}},
{"type":"Feature","properties":{"fid":177,"id":"node/6172159642","@id":"node/6172159642","bench":"yes","bin":"yes","bus":"yes","construction":null,"covered":null,"description":null,"fixme":null,"gtfs:stop_id":null,"gtfs_stop_code":null,"highway":"bus_stop","level":null,"lit":"yes","local_ref":null,"name":"Newark Avenue at Monmouth Street","network":"NJ Transit","network:short":null,"network:wikidata":null,"network:wikipedia":null,"note":null,"operator":"NJ Transit Bus Operations","passenger_information_display":"no","public_transport":"platform","ref":"20960","route_ref":null,"shelter":"no","tactile_paving":"no","wheelchair":"no","asset_type":"Bus Stop","addr:city":null,"addr:housenumber":null,"addr:postcode":null,"addr:state":null,"addr:street":null,"addr:street:corner":null,"alt_name":null,"boundary":null,"ele":null,"gnis:feature_id":null,"leisure":null,"name:es":null,"opening_hours":null,"protect_class":null,"protection_title":null,"source":null,"type":null,"website":null,"wikidata":null,"wikipedia":null,"access":null,"barrier":null,"playground":null,"playground:theme":null,"survey:date":null,"place":null,"start_date":null,"surface":null,"amenity":null,"area":null,"denomination":null,"fax":null,"fence_type":null,"grades":null,"mascot":null,"name:en":null,"name:etymology:wikidata":null,"phone":null,"religion":null,"layer":"Bus Stops_points","path":"C:/Users/PMLS/Downloads/Hackathon work/Bus Stops_points.gpkg"},"geometry":{"type":"Point","coordinates":[-74.049303,40.7231731]}},
{"type":"Feature","properties":{"fid":178,"id":"node/6172159643","@id":"node/6172159643","bench":"yes","bin":"yes","bus":"yes","construction":null,"covered":null,"description":null,"fixme":null,"gtfs:stop_id":null,"gtfs_stop_code":null,"highway":"bus_stop","level":null,"lit":"yes","local_ref":null,"name":"Newark Avenue at 3rd Street","network":"NJ Transit","network:short":null,"network:wikidata":null,"network:wikipedia":null,"note":null,"operator":"NJ Transit Bus Operations","passenger_information_display":null,"public_transport":"platform","ref":"31008","route_ref":null,"shelter":"no","tactile_paving":"no","wheelchair":null,"asset_type":"Bus Stop","addr:city":null,"addr:housenumber":null,"addr:postcode":null,"addr:state":null,"addr:street":null,"addr:street:corner":null,"alt_name":null,"boundary":null,"ele":null,"gnis:feature_id":null,"leisure":null,"name:es":null,"opening_hours":null,"protect_class":null,"protection_title":null,"source":null,"type":null,"website":null,"wikidata":null,"wikipedia":null,"access":null,"barrier":null,"playground":null,"playground:theme":null,"survey:date":null,"place":null,"start_date":null,"surface":null,"amenity":null,"area":null,"denomination":null,"fax":null,"fence_type":null,"grades":null,"mascot":null,"name:en":null,"name:etymology:wikidata":null,"phone":null,"religion":null,"layer":"Bus Stops_points","path":"C:/Users/PMLS/Downloads/Hackathon work/Bus Stops_points.gpkg"},"geometry":{"type":"Point","coordinates":[-74.0497285,40.72359]}},
{"type":"Feature","properties":{"fid":179,"id":"node/6172159644","@id":"node/6172159644","bench":null,"bin":null,"bus":"yes","construction":null,"covered":null,"description":null,"fixme":null,"gtfs:stop_id":null,"gtfs_stop_code":null,"highway":"bus_stop","level":null,"lit":null,"local_ref":null,"name":"Newark Avenue at Brunswick Street","network":"NJ Transit","network:short":null,"network:wikidata":null,"network:wikipedia":null,"note":null,"operator":"NJ Transit Bus Operations","passenger_information_display":null,"public_transport":"platform","ref":"20969","route_ref":null,"shelter":null,"tactile_paving":null,"wheelchair":null,"asset_type":"Bus Stop","addr:city":null,"addr:housenumber":null,"addr:postcode":null,"addr:state":null,"addr:street":null,"addr:street:corner":null,"alt_name":null,"boundary":null,"ele":null,"gnis:feature_id":null,"leisure":null,"name:es":null,"opening_hours":null,"protect_class":null,"protection_title":null,"source":null,"type":null,"website":null,"wikidata":null,"wikipedia":null,"access":null,"barrier":null,"playground":null,"playground:theme":null,"survey:date":null,"place":null,"start_date":null,"surface":null,"amenity":null,"area":null,"denomination":null,"fax":null,"fence_type":null,"grades":null,"mascot":null,"name:en":null,"name:etymology:wikidata":null,"phone":null,"religion":null,"layer":"Bus Stops_points","path":"C:/Users/PMLS/Downloads/Hackathon work/Bus Stops_points.gpkg"},"geometry":{"type":"Point","coordinates":[-74.0505414,40.7243478]}},
{"type":"Feature","properties":{"fid":180,"id":"node/6172159645","@id":"node/6172159645","bench":null,"bin":null,"bus":"yes","construction":null,"covered":null,"description":null,"fixme":null,"gtfs:stop_id":null,"gtfs_stop_code":null,"highway":"bus_stop","level":null,"lit":null,"local_ref":null,"name":"Newark Avenue at 4th Street","network":"NJ Transit","network:short":"NJT","network:wikidata":"Q498553","network:wikipedia":null,"note":null,"operator":"NJ Transit Bus Operations","passenger_information_display":null,"public_transport":"platform","ref":"20959","route_ref":null,"shelter":null,"tactile_paving":null,"wheelchair":null,"asset_type":"Bus Stop","addr:city":null,"addr:housenumber":null,"addr:postcode":null,"addr:state":null,"addr:street":null,"addr:street:corner":null,"alt_name":null,"boundary":null,"ele":null,"gnis:feature_id":null,"leisure":null,"name:es":null,"opening_hours":null,"protect_class":null,"protection_title":null,"source":null,"type":null,"website":null,"wikidata":null,"wikipedia":null,"access":null,"barrier":null,"playground":null,"playground:theme":null,"survey:date":null,"place":null,"start_date":null,"surface":null,"amenity":null,"area":null,"denomination":null,"fax":null,"fence_type":null,"grades":null,"mascot":null,"name:en":null,"name:etymology:wikidata":null,"phone":null,"religion":null,"layer":"Bus Stops_points","path":"C:/Users/PMLS/Downloads/Hackathon work/Bus Stops_points.gpkg"},"geometry":{"type":"Point","coordinates":[-74.0511303,40.7247243]}},
{"type":"Feature","properties":{"fid":181,"id":"node/6172159646","@id":"node/6172159646","bench":null,"bin":null,"bus":"yes","construction":null,"covered":null,"description":null,"fixme":null,"gtfs:stop_id":null,"gtfs_stop_code":null,"highway":"bus_stop","level":null,"lit":null,"local_ref":null,"name":"Newark Avenue at Merseles Street","network":"NJ Transit","network:short":null,"network:wikidata":null,"network:wikipedia":null,"note":null,"operator":"NJ Transit Bus Operations","passenger_information_display":null,"public_transport":"platform","ref":"20958","route_ref":null,"shelter":null,"tactile_paving":null,"wheelchair":"limited","asset_type":"Bus Stop","addr:city":null,"addr:housenumber":null,"addr:postcode":null,"addr:state":null,"addr:street":null,"addr:street:corner":null,"alt_name":null,"boundary":null,"ele":null,"gnis:feature_id":null,"leisure":null,"name:es":null,"opening_hours":null,"protect_class":null,"protection_title":null,"source":null,"type":null,"website":null,"wikidata":null,"wikipedia":null,"access":null,"barrier":null,"playground":null,"playground:theme":null,"survey:date":null,"place":null,"start_date":null,"surface":null,"amenity":null,"area":null,"denomination":null,"fax":null,"fence_type":null,"grades":null,"mascot":null,"name:en":null,"name:etymology:wikidata":null,"phone":null,"religion":null,"layer":"Bus Stops_points","path":"C:/Users/PMLS/Downloads/Hackathon work/Bus Stops_points.gpkg"},"geometry":{"type":"Point","coordinates":[-74.0520482,40.7255833]}},
{"type":"Feature","properties":{"fid":182,"id":"node/6172159647","@id":"node/6172159647","bench":null,"bin":null,"bus":"yes","construction":null,"covered":null,"description":null,"fixme":null,"gtfs:stop_id":null,"gtfs_stop_code":null,"highway":"bus_stop","level":null,"lit":null,"local_ref":null,"name":"Newark Avenue at 6th Street","network":"NJ Transit","network:short":null,"network:wikidata":null,"network:wikipedia":null,"note":null,"operator":"NJ Transit Bus Operations","passenger_information_display":null,"public_transport":"platform","ref":"20970","route_ref":null,"shelter":null,"tactile_paving":null,"wheelchair":"limited","asset_type":"Bus Stop","addr:city":null,"addr:housenumber":null,"addr:postcode":null,"addr:state":null,"addr:street":null,"addr:street:corner":null,"alt_name":null,"boundary":null,"ele":null,"gnis:feature_id":null,"leisure":null,"name:es":null,"opening_hours":null,"protect_class":null,"protection_title":null,"source":null,"type":null,"website":null,"wikidata":null,"wikipedia":null,"access":null,"barrier":null,"playground":null,"playground:theme":null,"survey:date":null,"place":null,"start_date":null,"surface":null,"amenity":null,"area":null,"denomination":null,"fax":null,"fence_type":null,"grades":null,"mascot":null,"name:en":null,"name:etymology:wikidata":null,"phone":null,"religion":null,"layer":"Bus Stops_points","path":"C:/Users/PMLS/Downloads/Hackathon work/Bus Stops_points.gpkg"},"geometry":{"type":"Point","coordinates":[-74.0523044,40.7259639]}},
{"type":"Feature","properties":{"fid":183,"id":"node/6172159648","@id":"node/6172159648","bench":null,"bin":null,"bus":"yes","construction":null,"covered":null,"description":null,"fixme":null,"gtfs:stop_id":"42681","gtfs_stop_code":"31177","highway":"bus_stop","level":null,"lit":null,"local_ref":null,"name":"Hamilton Park","network":"NJ Transit","network:short":"NJT","network:wikidata":"Q498553","network:wikipedia":"en:NJ Transit","note":null,"operator":"NJ Transit Bus Operations","passenger_information_display":null,"public_transport":"platform","ref":"31177","route_ref":"126","shelter":null,"tactile_paving":null,"wheelchair":null,"asset_type":"Bus Stop","addr:city":null,"addr:housenumber":null,"addr:postcode":null,"addr:state":null,"addr:street":null,"addr:street:corner":null,"alt_name":null,"boundary":null,"ele":null,"gnis:feature_id":null,"leisure":null,"name:es":null,"opening_hours":null,"protect_class":null,"protection_title":null,"source":null,"type":null,"website":null,"wikidata":null,"wikipedia":null,"access":null,"barrier":null,"playground":null,"playground:theme":null,"survey:date":null,"place":null,"start_date":null,"surface":null,"amenity":null,"area":null,"denomination":null,"fax":null,"fence_type":null,"grades":null,"mascot":null,"name:en":null,"name:etymology:wikidata":null,"phone":null,"religion":null,"layer":"Bus Stops_points","path":"C:/Users/PMLS/Downloads/Hackathon work/Bus Stops_points.gpkg"},"geometry":{"type":"Point","coordinates":[-74.0459327,40.7270546]}},
{"type":"Feature","properties":{"fid":184,"id":"node/6172159649","@id":"node/6172159649","bench":null,"bin":null,"bus":"yes","construction":null,"covered":null,"description":null,"fixme":null,"gtfs:stop_id":"17103","gtfs_stop_code":"21186","highway":"bus_stop","level":null,"lit":null,"local_ref":null,"name":"Hamilton Park","network":"NJ Transit","network:short":"NJT","network:wikidata":"Q498553","network:wikipedia":"en:NJ Transit","note":null,"operator":"NJ Transit Bus Operations","passenger_information_display":null,"public_transport":"platform","ref":"21186","route_ref":"126","shelter":null,"tactile_paving":null,"wheelchair":null,"asset_type":"Bus Stop","addr:city":null,"addr:housenumber":null,"addr:postcode":null,"addr:state":null,"addr:street":null,"addr:street:corner":null,"alt_name":null,"boundary":null,"ele":null,"gnis:feature_id":null,"leisure":null,"name:es":null,"opening_hours":null,"protect_class":null,"protection_title":null,"source":null,"type":null,"website":null,"wikidata":null,"wikipedia":null,"access":null,"barrier":null,"playground":null,"playground:theme":null,"survey:date":null,"place":null,"start_date":null,"surface":null,"amenity":null,"area":null,"denomination":null,"fax":null,"fence_type":null,"grades":null,"mascot":null,"name:en":null,"name:etymology:wikidata":null,"phone":null,"religion":null,"layer":"Bus Stops_points","path":"C:/Users/PMLS/Downloads/Hackathon work/Bus Stops_points.gpkg"},"geometry":{"type":"Point","coordinates":[-74.0451171,40.728377]}},
{"type":"Feature","properties":{"fid":185,"id":"node/6173050038","@id":"node/6173050038","bench":null,"bin":null,"bus":"yes","construction":null,"covered":null,"description":null,"fixme":null,"gtfs:stop_id":null,"gtfs_stop_code":null,"highway":"bus_stop","level":null,"lit":null,"local_ref":null,"name":"Garfield Avenue at Union Street","network":"NJ Transit","network:short":null,"network:wikidata":null,"network:wikipedia":null,"note":null,"operator":"NJ Transit Bus Operations","passenger_information_display":null,"public_transport":"platform","ref":"20734","route_ref":null,"shelter":null,"tactile_paving":null,"wheelchair":null,"asset_type":"Bus Stop","addr:city":null,"addr:housenumber":null,"addr:postcode":null,"addr:state":null,"addr:street":null,"addr:street:corner":null,"alt_name":null,"boundary":null,"ele":null,"gnis:feature_id":null,"leisure":null,"name:es":null,"opening_hours":null,"protect_class":null,"protection_title":null,"source":null,"type":null,"website":null,"wikidata":null,"wikipedia":null,"access":null,"barrier":null,"playground":null,"playground:theme":null,"survey:date":null,"place":null,"start_date":null,"surface":null,"amenity":null,"area":null,"denomination":null,"fax":null,"fence_type":null,"grades":null,"mascot":null,"name:en":null,"name:etymology:wikidata":null,"phone":null,"religion":null,"layer":"Bus Stops_points","path":"C:/Users/PMLS/Downloads/Hackathon work/Bus Stops_points.gpkg"},"geometry":{"type":"Point","coordinates":[-74.0702868,40.7106885]}},
{"type":"Feature","properties":{"fid":186,"id":"node/6173050039","@id":"node/6173050039","bench":null,"bin":null,"bus":"yes","construction":null,"covered":null,"description":null,"fixme":null,"gtfs:stop_id":null,"gtfs_stop_code":null,"highway":"bus_stop","level":null,"lit":null,"local_ref":null,"name":"Garfield Avenue at Bramhall Avenue","network":"NJ Transit","network:short":null,"network:wikidata":null,"network:wikipedia":null,"note":null,"operator":"NJ Transit Bus Operations","passenger_information_display":null,"public_transport":"platform","ref":"20733","route_ref":null,"shelter":null,"tactile_paving":null,"wheelchair":null,"asset_type":"Bus Stop","addr:city":null,"addr:housenumber":null,"addr:postcode":null,"addr:state":null,"addr:street":null,"addr:street:corner":null,"alt_name":null,"boundary":null,"ele":null,"gnis:feature_id":null,"leisure":null,"name:es":null,"opening_hours":null,"protect_class":null,"protection_title":null,"source":null,"type":null,"website":null,"wikidata":null,"wikipedia":null,"access":null,"barrier":null,"playground":null,"playground:theme":null,"survey:date":null,"place":null,"start_date":null,"surface":null,"amenity":null,"area":null,"denomination":null,"fax":null,"fence_type":null,"grades":null,"mascot":null,"name:en":null,"name:etymology:wikidata":null,"phone":null,"religion":null,"layer":"Bus Stops_points","path":"C:/Users/PMLS/Downloads/Hackathon work/Bus Stops_points.gpkg"},"geometry":{"type":"Point","coordinates":[-74.0688919,40.7122776]}},
{"type":"Feature","properties":{"fid":187,"id":"node/6173050040","@id":"node/6173050040","bench":null,"bin":null,"bus":"yes","construction":null,"covered":null,"description":null,"fixme":null,"gtfs:stop_id":null,"gtfs_stop_code":null,"highway":"bus_stop","level":null,"lit":null,"local_ref":null,"name":"Grand Street at Summit Avenue","network":"NJ Transit","network:short":null,"network:wikidata":null,"network:wikipedia":null,"note":null,"operator":"NJ Transit Bus Operations","passenger_information_display":null,"public_transport":"platform","ref":"20773","route_ref":null,"shelter":null,"tactile_paving":null,"wheelchair":null,"asset_type":"Bus Stop","addr:city":null,"addr:housenumber":null,"addr:postcode":null,"addr:state":null,"addr:street":null,"addr:street:corner":null,"alt_name":null,"boundary":null,"ele":null,"gnis:feature_id":null,"leisure":null,"name:es":null,"opening_hours":null,"protect_class":null,"protection_title":null,"source":null,"type":null,"website":null,"wikidata":null,"wikipedia":null,"access":null,"barrier":null,"playground":null,"playground:theme":null,"survey:date":null,"place":null,"start_date":null,"surface":null,"amenity":null,"area":null,"denomination":null,"fax":null,"fence_type":null,"grades":null,"mascot":null,"name:en":null,"name:etymology:wikidata":null,"phone":null,"religion":null,"layer":"Bus Stops_points","path":"C:/Users/PMLS/Downloads/Hackathon work/Bus Stops_points.gpkg"},"geometry":{"type":"Point","coordinates":[-74.0670559,40.7158844]}},
{"type":"Feature","properties":{"fid":188,"id":"node/6173050041","@id":"node/6173050041","bench":null,"bin":null,"bus":"yes","construction":null,"covered":null,"description":null,"fixme":null,"gtfs:stop_id":null,"gtfs_stop_code":null,"highway":"bus_stop","level":null,"lit":null,"local_ref":null,"name":"Grand St At Communipaw Ave","network":"NJ Transit","network:short":"NJT","network:wikidata":"Q498553","network:wikipedia":null,"note":null,"operator":"NJ Transit","passenger_information_display":null,"public_transport":"platform","ref":"20774","route_ref":null,"shelter":null,"tactile_paving":null,"wheelchair":null,"asset_type":"Bus Stop","addr:city":null,"addr:housenumber":null,"addr:postcode":null,"addr:state":null,"addr:street":null,"addr:street:corner":null,"alt_name":null,"boundary":null,"ele":null,"gnis:feature_id":null,"leisure":null,"name:es":null,"opening_hours":null,"protect_class":null,"protection_title":null,"source":null,"type":null,"website":null,"wikidata":null,"wikipedia":null,"access":null,"barrier":null,"playground":null,"playground:theme":null,"survey:date":null,"place":null,"start_date":null,"surface":null,"amenity":null,"area":null,"denomination":null,"fax":null,"fence_type":null,"grades":null,"mascot":null,"name:en":null,"name:etymology:wikidata":null,"phone":null,"religion":null,"layer":"Bus Stops_points","path":"C:/Users/PMLS/Downloads/Hackathon work/Bus Stops_points.gpkg"},"geometry":{"type":"Point","coordinates":[-74.068536,40.7154901]}},
{"type":"Feature","properties":{"fid":189,"id":"node/6173050042","@id":"node/6173050042","bench":null,"bin":null,"bus":"yes","construction":null,"covered":null,"description":null,"fixme":null,"gtfs:stop_id":null,"gtfs_stop_code":null,"highway":"bus_stop","level":null,"lit":null,"local_ref":null,"name":"Grand St At Communipaw Ave","network":"NJ Transit","network:short":"NJT","network:wikidata":"Q498553","network:wikipedia":null,"note":null,"operator":"NJ Transit","passenger_information_display":null,"public_transport":"platform","ref":"30136","route_ref":null,"shelter":null,"tactile_paving":null,"wheelchair":null,"asset_type":"Bus Stop","addr:city":null,"addr:housenumber":null,"addr:postcode":null,"addr:state":null,"addr:street":null,"addr:street:corner":null,"alt_name":null,"boundary":null,"ele":null,"gnis:feature_id":null,"leisure":null,"name:es":null,"opening_hours":null,"protect_class":null,"protection_title":null,"source":null,"type":null,"website":null,"wikidata":null,"wikipedia":null,"access":null,"barrier":null,"playground":null,"playground:theme":null,"survey:date":null,"place":null,"start_date":null,"surface":null,"amenity":null,"area":null,"denomination":null,"fax":null,"fence_type":null,"grades":null,"mascot":null,"name:en":null,"name:etymology:wikidata":null,"phone":null,"religion":null,"layer":"Bus Stops_points","path":"C:/Users/PMLS/Downloads/Hackathon work/Bus Stops_points.gpkg"},"geometry":{"type":"Point","coordinates":[-74.0682984,40.715412]}},
{"type":"Feature","properties":{"fid":190,"id":"node/6173050043","@id":"node/6173050043","bench":null,"bin":null,"bus":"yes","construction":null,"covered":null,"description":null,"fixme":null,"gtfs:stop_id":null,"gtfs_stop_code":null,"highway":"bus_stop","level":null,"lit":null,"local_ref":null,"name":"Communipaw Ave At Grand St","network":"NJ Transit","network:short":"NJT","network:wikidata":"Q498553","network:wikipedia":null,"note":null,"operator":null,"passenger_information_display":null,"public_transport":"platform","ref":"20657","route_ref":null,"shelter":"no","tactile_paving":null,"wheelchair":null,"asset_type":"Bus Stop","addr:city":null,"addr:housenumber":null,"addr:postcode":null,"addr:state":null,"addr:street":null,"addr:street:corner":null,"alt_name":null,"boundary":null,"ele":null,"gnis:feature_id":null,"leisure":null,"name:es":null,"opening_hours":null,"protect_class":null,"protection_title":null,"source":null,"type":null,"website":null,"wikidata":null,"wikipedia":null,"access":null,"barrier":null,"playground":null,"playground:theme":null,"survey:date":null,"place":null,"start_date":null,"surface":null,"amenity":null,"area":null,"denomination":null,"fax":null,"fence_type":null,"grades":null,"mascot":null,"name:en":null,"name:etymology:wikidata":null,"phone":null,"religion":null,"layer":"Bus Stops_points","path":"C:/Users/PMLS/Downloads/Hackathon work/Bus Stops_points.gpkg"},"geometry":{"type":"Point","coordinates":[-74.0685823,40.7157753]}},
{"type":"Feature","properties":{"fid":191,"id":"node/6173050044","@id":"node/6173050044","bench":null,"bin":null,"bus":"yes","construction":null,"covered":null,"description":null,"fixme":null,"gtfs:stop_id":null,"gtfs_stop_code":null,"highway":"bus_stop","level":null,"lit":null,"local_ref":null,"name":"Grand St At Arlington Ave","network":"NJ Transit","network:short":"NJT","network:wikidata":"Q498553","network:wikipedia":null,"note":null,"operator":"NJ Transit","passenger_information_display":null,"public_transport":"platform","ref":"20747","route_ref":null,"shelter":null,"tactile_paving":null,"wheelchair":null,"asset_type":"Bus Stop","addr:city":null,"addr:housenumber":null,"addr:postcode":null,"addr:state":null,"addr:street":null,"addr:street:corner":null,"alt_name":null,"boundary":null,"ele":null,"gnis:feature_id":null,"leisure":null,"name:es":null,"opening_hours":null,"protect_class":null,"protection_title":null,"source":null,"type":null,"website":null,"wikidata":null,"wikipedia":null,"access":null,"barrier":null,"playground":null,"playground:theme":null,"survey:date":null,"place":null,"start_date":null,"surface":null,"amenity":null,"area":null,"denomination":null,"fax":null,"fence_type":null,"grades":null,"mascot":null,"name:en":null,"name:etymology:wikidata":null,"phone":null,"religion":null,"layer":"Bus Stops_points","path":"C:/Users/PMLS/Downloads/Hackathon work/Bus Stops_points.gpkg"},"geometry":{"type":"Point","coordinates":[-74.0698225,40.7150319]}},
{"type":"Feature","properties":{"fid":192,"id":"node/6173050045","@id":"node/6173050045","bench":"yes","bin":null,"bus":"yes","construction":null,"covered":null,"description":null,"fixme":null,"gtfs:stop_id":null,"gtfs_stop_code":null,"highway":"bus_stop","level":null,"lit":null,"local_ref":null,"name":"Grand St At Clinton Ave","network":"NJ Transit","network:short":"NJT","network:wikidata":"Q498553","network:wikipedia":null,"note":null,"operator":"NJ Transit","passenger_information_display":null,"public_transport":"platform","ref":"20775","route_ref":null,"shelter":null,"tactile_paving":null,"wheelchair":null,"asset_type":"Bus Stop","addr:city":null,"addr:housenumber":null,"addr:postcode":null,"addr:state":null,"addr:street":null,"addr:street:corner":null,"alt_name":null,"boundary":null,"ele":null,"gnis:feature_id":null,"leisure":null,"name:es":null,"opening_hours":null,"protect_class":null,"protection_title":null,"source":null,"type":null,"website":null,"wikidata":null,"wikipedia":null,"access":null,"barrier":null,"playground":null,"playground:theme":null,"survey:date":null,"place":null,"start_date":null,"surface":null,"amenity":null,"area":null,"denomination":null,"fax":null,"fence_type":null,"grades":null,"mascot":null,"name:en":null,"name:etymology:wikidata":null,"phone":null,"religion":null,"layer":"Bus Stops_points","path":"C:/Users/PMLS/Downloads/Hackathon work/Bus Stops_points.gpkg"},"geometry":{"type":"Point","coordinates":[-74.0707024,40.7149439]}},
{"type":"Feature","properties":{"fid":193,"id":"node/6173050046","@id":"node/6173050046","bench":"yes","bin":null,"bus":"yes","construction":null,"covered":null,"description":null,"fixme":null,"gtfs:stop_id":null,"gtfs_stop_code":null,"highway":"bus_stop","level":null,"lit":null,"local_ref":null,"name":"Grand St At Clinton Ave","network":"NJ Transit","network:short":"NJT","network:wikidata":"Q498553","network:wikipedia":null,"note":null,"operator":"NJ Transit","passenger_information_display":null,"public_transport":"platform","ref":"20746","route_ref":null,"shelter":null,"tactile_paving":null,"wheelchair":null,"asset_type":"Bus Stop","addr:city":null,"addr:housenumber":null,"addr:postcode":null,"addr:state":null,"addr:street":null,"addr:street:corner":null,"alt_name":null,"boundary":null,"ele":null,"gnis:feature_id":null,"leisure":null,"name:es":null,"opening_hours":null,"protect_class":null,"protection_title":null,"source":null,"type":null,"website":null,"wikidata":null,"wikipedia":null,"access":null,"barrier":null,"playground":null,"playground:theme":null,"survey:date":null,"place":null,"start_date":null,"surface":null,"amenity":null,"area":null,"denomination":null,"fax":null,"fence_type":null,"grades":null,"mascot":null,"name:en":null,"name:etymology:wikidata":null,"phone":null,"religion":null,"layer":"Bus Stops_points","path":"C:/Users/PMLS/Downloads/Hackathon work/Bus Stops_points.gpkg"},"geometry":{"type":"Point","coordinates":[-74.0707378,40.7147987]}},
{"type":"Feature","properties":{"fid":194,"id":"node/6173050047","@id":"node/6173050047","bench":null,"bin":null,"bus":"yes","construction":null,"covered":null,"description":null,"fixme":null,"gtfs:stop_id":null,"gtfs_stop_code":null,"highway":"bus_stop","level":null,"lit":null,"local_ref":null,"name":"Grand Street at State Street","network":"NJ Transit","network:short":null,"network:wikidata":null,"network:wikipedia":null,"note":null,"operator":"NJ Transit Bus Operations","passenger_information_display":null,"public_transport":"platform","ref":"20772","route_ref":null,"shelter":null,"tactile_paving":null,"wheelchair":null,"asset_type":"Bus Stop","addr:city":null,"addr:housenumber":null,"addr:postcode":null,"addr:state":null,"addr:street":null,"addr:street:corner":null,"alt_name":null,"boundary":null,"ele":null,"gnis:feature_id":null,"leisure":null,"name:es":null,"opening_hours":null,"protect_class":null,"protection_title":null,"source":null,"type":null,"website":null,"wikidata":null,"wikipedia":null,"access":null,"barrier":null,"playground":null,"playground:theme":null,"survey:date":null,"place":null,"start_date":null,"surface":null,"amenity":null,"area":null,"denomination":null,"fax":null,"fence_type":null,"grades":null,"mascot":null,"name:en":null,"name:etymology:wikidata":null,"phone":null,"religion":null,"layer":"Bus Stops_points","path":"C:/Users/PMLS/Downloads/Hackathon work/Bus Stops_points.gpkg"},"geometry":{"type":"Point","coordinates":[-74.0641041,40.7164261]}},
{"type":"Feature","properties":{"fid":195,"id":"node/6173050048","@id":"node/6173050048","bench":null,"bin":null,"bus":"yes","construction":null,"covered":null,"description":null,"fixme":null,"gtfs:stop_id":null,"gtfs_stop_code":null,"highway":"bus_stop","level":null,"lit":null,"local_ref":null,"name":"Grand Street at State Street","network":"NJ Transit","network:short":null,"network:wikidata":null,"network:wikipedia":null,"note":null,"operator":"NJ Transit Bus Operations","passenger_information_display":null,"public_transport":"platform","ref":"20749","route_ref":null,"shelter":null,"tactile_paving":null,"wheelchair":null,"asset_type":"Bus Stop","addr:city":null,"addr:housenumber":null,"addr:postcode":null,"addr:state":null,"addr:street":null,"addr:street:corner":null,"alt_name":null,"boundary":null,"ele":null,"gnis:feature_id":null,"leisure":null,"name:es":null,"opening_hours":null,"protect_class":null,"protection_title":null,"source":null,"type":null,"website":null,"wikidata":null,"wikipedia":null,"access":null,"barrier":null,"playground":null,"playground:theme":null,"survey:date":null,"place":null,"start_date":null,"surface":null,"amenity":null,"area":null,"denomination":null,"fax":null,"fence_type":null,"grades":null,"mascot":null,"name:en":null,"name:etymology:wikidata":null,"phone":null,"religion":null,"layer":"Bus Stops_points","path":"C:/Users/PMLS/Downloads/Hackathon work/Bus Stops_points.gpkg"},"geometry":{"type":"Point","coordinates":[-74.0642613,40.7165139]}},
{"type":"Feature","properties":{"fid":196,"id":"node/6173050049","@id":"node/6173050049","bench":null,"bin":null,"bus":"yes","construction":null,"covered":null,"description":null,"fixme":null,"gtfs:stop_id":null,"gtfs_stop_code":null,"highway":"bus_stop","level":null,"lit":null,"local_ref":null,"name":"Grand Street at Johnston Avenue","network":"NJ Transit","network:short":null,"network:wikidata":null,"network:wikipedia":null,"note":null,"operator":"NJ Transit Bus Operations","passenger_information_display":null,"public_transport":"platform","ref":"20771","route_ref":null,"shelter":null,"tactile_paving":null,"wheelchair":null,"asset_type":"Bus Stop","addr:city":null,"addr:housenumber":null,"addr:postcode":null,"addr:state":null,"addr:street":null,"addr:street:corner":null,"alt_name":null,"boundary":null,"ele":null,"gnis:feature_id":null,"leisure":null,"name:es":null,"opening_hours":null,"protect_class":null,"protection_title":null,"source":null,"type":null,"website":null,"wikidata":null,"wikipedia":null,"access":null,"barrier":null,"playground":null,"playground:theme":null,"survey:date":null,"place":null,"start_date":null,"surface":null,"amenity":null,"area":null,"denomination":null,"fax":null,"fence_type":null,"grades":null,"mascot":null,"name:en":null,"name:etymology:wikidata":null,"phone":null,"religion":null,"layer":"Bus Stops_points","path":"C:/Users/PMLS/Downloads/Hackathon work/Bus Stops_points.gpkg"},"geometry":{"type":"Point","coordinates":[-74.0619838,40.717073]}},
{"type":"Feature","properties":{"fid":197,"id":"node/6173050050","@id":"node/6173050050","bench":null,"bin":null,"bus":"yes","construction":null,"covered":null,"description":null,"fixme":null,"gtfs:stop_id":null,"gtfs_stop_code":null,"highway":"bus_stop","level":null,"lit":null,"local_ref":null,"name":"Grand Street at Johnston Avenue","network":"NJ Transit","network:short":null,"network:wikidata":null,"network:wikipedia":null,"note":null,"operator":"NJ Transit Bus Operations","passenger_information_display":null,"public_transport":"platform","ref":"20750","route_ref":null,"shelter":null,"tactile_paving":null,"wheelchair":null,"asset_type":"Bus Stop","addr:city":null,"addr:housenumber":null,"addr:postcode":null,"addr:state":null,"addr:street":null,"addr:street:corner":null,"alt_name":null,"boundary":null,"ele":null,"gnis:feature_id":null,"leisure":null,"name:es":null,"opening_hours":null,"protect_class":null,"protection_title":null,"source":null,"type":null,"website":null,"wikidata":null,"wikipedia":null,"access":null,"barrier":null,"playground":null,"playground:theme":null,"survey:date":null,"place":null,"start_date":null,"surface":null,"amenity":null,"area":null,"denomination":null,"fax":null,"fence_type":null,"grades":null,"mascot":null,"name:en":null,"name:etymology:wikidata":null,"phone":null,"religion":null,"layer":"Bus Stops_points","path":"C:/Users/PMLS/Downloads/Hackathon work/Bus Stops_points.gpkg"},"geometry":{"type":"Point","coordinates":[-74.0625642,40.7167989]}},
{"type":"Feature","properties":{"fid":198,"id":"node/6173050051","@id":"node/6173050051","bench":null,"bin":null,"bus":"yes","construction":null,"covered":null,"description":null,"fixme":null,"gtfs:stop_id":null,"gtfs_stop_code":null,"highway":"bus_stop","level":null,"lit":null,"local_ref":null,"name":"Grand Street at Fairmount Avenue","network":"NJ Transit","network:short":null,"network:wikidata":null,"network:wikipedia":null,"note":null,"operator":"NJ Transit Bus Operations","passenger_information_display":null,"public_transport":"platform","ref":"20770","route_ref":null,"shelter":null,"tactile_paving":null,"wheelchair":null,"asset_type":"Bus Stop","addr:city":null,"addr:housenumber":null,"addr:postcode":null,"addr:state":null,"addr:street":null,"addr:street:corner":null,"alt_name":null,"boundary":null,"ele":null,"gnis:feature_id":null,"leisure":null,"name:es":null,"opening_hours":null,"protect_class":null,"protection_title":null,"source":null,"type":null,"website":null,"wikidata":null,"wikipedia":null,"access":null,"barrier":null,"playground":null,"playground:theme":null,"survey:date":null,"place":null,"start_date":null,"surface":null,"amenity":null,"area":null,"denomination":null,"fax":null,"fence_type":null,"grades":null,"mascot":null,"name:en":null,"name:etymology:wikidata":null,"phone":null,"religion":null,"layer":"Bus Stops_points","path":"C:/Users/PMLS/Downloads/Hackathon work/Bus Stops_points.gpkg"},"geometry":{"type":"Point","coordinates":[-74.0609467,40.7173542]}},
{"type":"Feature","properties":{"fid":199,"id":"node/6173050052","@id":"node/6173050052","bench":null,"bin":null,"bus":"yes","construction":null,"covered":null,"description":null,"fixme":null,"gtfs:stop_id":null,"gtfs_stop_code":null,"highway":"bus_stop","level":null,"lit":null,"local_ref":null,"name":"Grand Street at Prior Street","network":"NJ Transit","network:short":null,"network:wikidata":null,"network:wikipedia":null,"note":null,"operator":"NJ Transit Bus Operations","passenger_information_display":null,"public_transport":"platform","ref":"20753","route_ref":null,"shelter":null,"tactile_paving":null,"wheelchair":null,"asset_type":"Bus Stop","addr:city":null,"addr:housenumber":null,"addr:postcode":null,"addr:state":null,"addr:street":null,"addr:street:corner":null,"alt_name":null,"boundary":null,"ele":null,"gnis:feature_id":null,"leisure":null,"name:es":null,"opening_hours":null,"protect_class":null,"protection_title":null,"source":null,"type":null,"website":null,"wikidata":null,"wikipedia":null,"access":null,"barrier":null,"playground":null,"playground:theme":null,"survey:date":null,"place":null,"start_date":null,"surface":null,"amenity":null,"area":null,"denomination":null,"fax":null,"fence_type":null,"grades":null,"mascot":null,"name:en":null,"name:etymology:wikidata":null,"phone":null,"religion":null,"layer":"Bus Stops_points","path":"C:/Users/PMLS/Downloads/Hackathon work/Bus Stops_points.gpkg"},"geometry":{"type":"Point","coordinates":[-74.0591903,40.7175967]}},
{"type":"Feature","properties":{"fid":200,"id":"node/6173050053","@id":"node/6173050053","bench":null,"bin":null,"bus":"yes","construction":null,"covered":null,"description":null,"fixme":null,"gtfs:stop_id":null,"gtfs_stop_code":null,"highway":"bus_stop","level":null,"lit":null,"local_ref":null,"name":"Grand Street at Prior Street","network":"NJ Transit","network:short":null,"network:wikidata":null,"network:wikipedia":null,"note":null,"operator":"NJ Transit Bus Operations","passenger_information_display":null,"public_transport":"platform","ref":"20769","route_ref":null,"shelter":null,"tactile_paving":null,"wheelchair":null,"asset_type":"Bus Stop","addr:city":null,"addr:housenumber":null,"addr:postcode":null,"addr:state":null,"addr:street":null,"addr:street:corner":null,"alt_name":null,"boundary":null,"ele":null,"gnis:feature_id":null,"leisure":null,"name:es":null,"opening_hours":null,"protect_class":null,"protection_title":null,"source":null,"type":null,"website":null,"wikidata":null,"wikipedia":null,"access":null,"barrier":null,"playground":null,"playground:theme":null,"survey:date":null,"place":null,"start_date":null,"surface":null,"amenity":null,"area":null,"denomination":null,"fax":null,"fence_type":null,"grades":null,"mascot":null,"name:en":null,"name:etymology:wikidata":null,"phone":null,"religion":null,"layer":"Bus Stops_points","path":"C:/Users/PMLS/Downloads/Hackathon work/Bus Stops_points.gpkg"},"geometry":{"type":"Point","coordinates":[-74.0588532,40.7177725]}},
{"type":"Feature","properties":{"fid":201,"id":"node/6173050054","@id":"node/6173050054","bench":null,"bin":null,"bus":"yes","construction":null,"covered":null,"description":null,"fixme":null,"gtfs:stop_id":null,"gtfs_stop_code":null,"highway":"bus_stop","level":null,"lit":null,"local_ref":null,"name":"Grand Street at Barbara Place","network":"NJ Transit","network:short":"NJT","network:wikidata":"Q498553","network:wikipedia":"en:NJ Transit","note":null,"operator":"NJ Transit Bus Operations","passenger_information_display":null,"public_transport":"platform","ref":"20751","route_ref":null,"shelter":null,"tactile_paving":null,"wheelchair":null,"asset_type":"Bus Stop","addr:city":null,"addr:housenumber":null,"addr:postcode":null,"addr:state":null,"addr:street":null,"addr:street:corner":null,"alt_name":null,"boundary":null,"ele":null,"gnis:feature_id":null,"leisure":null,"name:es":null,"opening_hours":null,"protect_class":null,"protection_title":null,"source":null,"type":null,"website":null,"wikidata":null,"wikipedia":null,"access":null,"barrier":null,"playground":null,"playground:theme":null,"survey:date":null,"place":null,"start_date":null,"surface":null,"amenity":null,"area":null,"denomination":null,"fax":null,"fence_type":null,"grades":null,"mascot":null,"name:en":null,"name:etymology:wikidata":null,"phone":null,"religion":null,"layer":"Bus Stops_points","path":"C:/Users/PMLS/Downloads/Hackathon work/Bus Stops_points.gpkg"},"geometry":{"type":"Point","coordinates":[-74.0575453,40.7174406]}},
{"type":"Feature","properties":{"fid":202,"id":"node/6173156761","@id":"node/6173156761","bench":null,"bin":null,"bus":"yes","construction":null,"covered":null,"description":null,"fixme":null,"gtfs:stop_id":null,"gtfs_stop_code":null,"highway":"bus_stop","level":null,"lit":null,"local_ref":null,"name":"Ocean Ave At Forrest St","network":"NJ Transit","network:short":"NJT","network:wikidata":"Q498553","network:wikipedia":null,"note":null,"operator":"NJ Transit","passenger_information_display":null,"public_transport":"platform","ref":"20998","route_ref":null,"shelter":null,"tactile_paving":null,"wheelchair":null,"asset_type":"Bus Stop","addr:city":null,"addr:housenumber":null,"addr:postcode":null,"addr:state":null,"addr:street":null,"addr:street:corner":null,"alt_name":null,"boundary":null,"ele":null,"gnis:feature_id":null,"leisure":null,"name:es":null,"opening_hours":null,"protect_class":null,"protection_title":null,"source":null,"type":null,"website":null,"wikidata":null,"wikipedia":null,"access":null,"barrier":null,"playground":null,"playground:theme":null,"survey:date":null,"place":null,"start_date":null,"surface":null,"amenity":null,"area":null,"denomination":null,"fax":null,"fence_type":null,"grades":null,"mascot":null,"name:en":null,"name:etymology:wikidata":null,"phone":null,"religion":null,"layer":"Bus Stops_points","path":"C:/Users/PMLS/Downloads/Hackathon work/Bus Stops_points.gpkg"},"geometry":{"type":"Point","coordinates":[-74.0751327,40.7118454]}},
{"type":"Feature","properties":{"fid":203,"id":"node/6173156762","@id":"node/6173156762","bench":null,"bin":null,"bus":"yes","construction":null,"covered":null,"description":null,"fixme":null,"gtfs:stop_id":null,"gtfs_stop_code":null,"highway":"bus_stop","level":null,"lit":null,"local_ref":null,"name":"Ocean Ave At Forrest St","network":"NJ Transit","network:short":"NJT","network:wikidata":"Q498553","network:wikipedia":null,"note":null,"operator":"NJ Transit","passenger_information_display":null,"public_transport":"platform","ref":"21002","route_ref":null,"shelter":null,"tactile_paving":null,"wheelchair":null,"asset_type":"Bus Stop","addr:city":null,"addr:housenumber":null,"addr:postcode":null,"addr:state":null,"addr:street":null,"addr:street:corner":null,"alt_name":null,"boundary":null,"ele":null,"gnis:feature_id":null,"leisure":null,"name:es":null,"opening_hours":null,"protect_class":null,"protection_title":null,"source":null,"type":null,"website":null,"wikidata":null,"wikipedia":null,"access":null,"barrier":null,"playground":null,"playground:theme":null,"survey:date":null,"place":null,"start_date":null,"surface":null,"amenity":null,"area":null,"denomination":null,"fax":null,"fence_type":null,"grades":null,"mascot":null,"name:en":null,"name:etymology:wikidata":null,"phone":null,"religion":null,"layer":"Bus Stops_points","path":"C:/Users/PMLS/Downloads/Hackathon work/Bus Stops_points.gpkg"},"geometry":{"type":"Point","coordinates":[-74.0750961,40.7120751]}},
{"type":"Feature","properties":{"fid":204,"id":"node/6173156763","@id":"node/6173156763","bench":null,"bin":null,"bus":"yes","construction":null,"covered":null,"description":null,"fixme":null,"gtfs:stop_id":null,"gtfs_stop_code":null,"highway":"bus_stop","level":null,"lit":null,"local_ref":null,"name":"Ocean Ave At Union St","network":"NJ Transit","network:short":"NJT","network:wikidata":"Q498553","network:wikipedia":null,"note":null,"operator":"NJ Transit","passenger_information_display":null,"public_transport":"platform","ref":"21001","route_ref":null,"shelter":null,"tactile_paving":null,"wheelchair":null,"asset_type":"Bus Stop","addr:city":null,"addr:housenumber":null,"addr:postcode":null,"addr:state":null,"addr:street":null,"addr:street:corner":null,"alt_name":null,"boundary":null,"ele":null,"gnis:feature_id":null,"leisure":null,"name:es":null,"opening_hours":null,"protect_class":null,"protection_title":null,"source":null,"type":null,"website":null,"wikidata":null,"wikipedia":null,"access":null,"barrier":null,"playground":null,"playground:theme":null,"survey:date":null,"place":null,"start_date":null,"surface":null,"amenity":null,"area":null,"denomination":null,"fax":null,"fence_type":null,"grades":null,"mascot":null,"name:en":null,"name:etymology:wikidata":null,"phone":null,"religion":null,"layer":"Bus Stops_points","path":"C:/Users/PMLS/Downloads/Hackathon work/Bus Stops_points.gpkg"},"geometry":{"type":"Point","coordinates":[-74.0740068,40.7132745]}},
{"type":"Feature","properties":{"fid":205,"id":"node/6173156764","@id":"node/6173156764","bench":null,"bin":null,"bus":"yes","construction":null,"covered":null,"description":null,"fixme":null,"gtfs:stop_id":null,"gtfs_stop_code":null,"highway":"bus_stop","level":null,"lit":null,"local_ref":null,"name":"Ocean Ave At Union St","network":"NJ Transit","network:short":"NJT","network:wikidata":"Q498553","network:wikipedia":null,"note":null,"operator":"NJ Transit","passenger_information_display":null,"public_transport":"platform","ref":"20999","route_ref":null,"shelter":null,"tactile_paving":null,"wheelchair":null,"asset_type":"Bus Stop","addr:city":null,"addr:housenumber":null,"addr:postcode":null,"addr:state":null,"addr:street":null,"addr:street:corner":null,"alt_name":null,"boundary":null,"ele":null,"gnis:feature_id":null,"leisure":null,"name:es":null,"opening_hours":null,"protect_class":null,"protection_title":null,"source":null,"type":null,"website":null,"wikidata":null,"wikipedia":null,"access":null,"barrier":null,"playground":null,"playground:theme":null,"survey:date":null,"place":null,"start_date":null,"surface":null,"amenity":null,"area":null,"denomination":null,"fax":null,"fence_type":null,"grades":null,"mascot":null,"name:en":null,"name:etymology:wikidata":null,"phone":null,"religion":null,"layer":"Bus Stops_points","path":"C:/Users/PMLS/Downloads/Hackathon work/Bus Stops_points.gpkg"},"geometry":{"type":"Point","coordinates":[-74.073821,40.7132813]}},
{"type":"Feature","properties":{"fid":206,"id":"node/6173156765","@id":"node/6173156765","bench":null,"bin":null,"bus":"yes","construction":null,"covered":null,"description":null,"fixme":null,"gtfs:stop_id":null,"gtfs_stop_code":null,"highway":"bus_stop","level":null,"lit":null,"local_ref":null,"name":"Grand St At Bramhall Ave","network":"NJ Transit","network:short":"NJT","network:wikidata":"Q498553","network:wikipedia":null,"note":null,"operator":"NJ Transit","passenger_information_display":null,"public_transport":"platform","ref":"20777","route_ref":null,"shelter":null,"tactile_paving":null,"wheelchair":null,"asset_type":"Bus Stop","addr:city":null,"addr:housenumber":null,"addr:postcode":null,"addr:state":null,"addr:street":null,"addr:street:corner":null,"alt_name":null,"boundary":null,"ele":null,"gnis:feature_id":null,"leisure":null,"name:es":null,"opening_hours":null,"protect_class":null,"protection_title":null,"source":null,"type":null,"website":null,"wikidata":null,"wikipedia":null,"access":null,"barrier":null,"playground":null,"playground:theme":null,"survey:date":null,"place":null,"start_date":null,"surface":null,"amenity":null,"area":null,"denomination":null,"fax":null,"fence_type":null,"grades":null,"mascot":null,"name:en":null,"name:etymology:wikidata":null,"phone":null,"religion":null,"layer":"Bus Stops_points","path":"C:/Users/PMLS/Downloads/Hackathon work/Bus Stops_points.gpkg"},"geometry":{"type":"Point","coordinates":[-74.0728521,40.7143857]}},
{"type":"Feature","properties":{"fid":207,"id":"node/6173156766","@id":"node/6173156766","bench":null,"bin":null,"bus":"yes","construction":null,"covered":null,"description":null,"fixme":null,"gtfs:stop_id":null,"gtfs_stop_code":null,"highway":"bus_stop","level":null,"lit":null,"local_ref":null,"name":"Ocean Ave At Bramhall Ave","network":"NJ Transit","network:short":"NJT","network:wikidata":"Q498553","network:wikipedia":null,"note":null,"operator":"NJ Transit","passenger_information_display":null,"public_transport":"platform","ref":"21000","route_ref":null,"shelter":null,"tactile_paving":null,"wheelchair":null,"asset_type":"Bus Stop","addr:city":null,"addr:housenumber":null,"addr:postcode":null,"addr:state":null,"addr:street":null,"addr:street:corner":null,"alt_name":null,"boundary":null,"ele":null,"gnis:feature_id":null,"leisure":null,"name:es":null,"opening_hours":null,"protect_class":null,"protection_title":null,"source":null,"type":null,"website":null,"wikidata":null,"wikipedia":null,"access":null,"barrier":null,"playground":null,"playground:theme":null,"survey:date":null,"place":null,"start_date":null,"surface":null,"amenity":null,"area":null,"denomination":null,"fax":null,"fence_type":null,"grades":null,"mascot":null,"name:en":null,"name:etymology:wikidata":null,"phone":null,"religion":null,"layer":"Bus Stops_points","path":"C:/Users/PMLS/Downloads/Hackathon work/Bus Stops_points.gpkg"},"geometry":{"type":"Point","coordinates":[-74.0730136,40.7141605]}},
{"type":"Feature","properties":{"fid":208,"id":"node/6173156769","@id":"node/6173156769","bench":null,"bin":null,"bus":"yes","construction":null,"covered":null,"description":null,"fixme":null,"gtfs:stop_id":null,"gtfs_stop_code":null,"highway":"bus_stop","level":null,"lit":null,"local_ref":null,"name":"Martin Luther King Junior Drive at Virginia Avenue","network":"NJ Transit","network:short":null,"network:wikidata":null,"network:wikipedia":null,"note":null,"operator":"NJ Transit Bus Operations","passenger_information_display":null,"public_transport":"platform","ref":"30323","route_ref":null,"shelter":null,"tactile_paving":null,"wheelchair":null,"asset_type":"Bus Stop","addr:city":null,"addr:housenumber":null,"addr:postcode":null,"addr:state":null,"addr:street":null,"addr:street:corner":null,"alt_name":null,"boundary":null,"ele":null,"gnis:feature_id":null,"leisure":null,"name:es":null,"opening_hours":null,"protect_class":null,"protection_title":null,"source":null,"type":null,"website":null,"wikidata":null,"wikipedia":null,"access":null,"barrier":null,"playground":null,"playground:theme":null,"survey:date":null,"place":null,"start_date":null,"surface":null,"amenity":null,"area":null,"denomination":null,"fax":null,"fence_type":null,"grades":null,"mascot":null,"name:en":null,"name:etymology:wikidata":null,"phone":null,"religion":null,"layer":"Bus Stops_points","path":"C:/Users/PMLS/Downloads/Hackathon work/Bus Stops_points.gpkg"},"geometry":{"type":"Point","coordinates":[-74.0781457,40.7118485]}},
{"type":"Feature","properties":{"fid":209,"id":"node/6173156770","@id":"node/6173156770","bench":null,"bin":null,"bus":"yes","construction":null,"covered":null,"description":null,"fixme":null,"gtfs:stop_id":null,"gtfs_stop_code":null,"highway":"bus_stop","level":null,"lit":null,"local_ref":null,"name":"Martin Luther King Junior Drive at Forrest Street","network":"NJ Transit","network:short":null,"network:wikidata":null,"network:wikipedia":null,"note":null,"operator":"NJ Transit Bus Operations","passenger_information_display":null,"public_transport":"platform","ref":"20692","route_ref":null,"shelter":null,"tactile_paving":null,"wheelchair":null,"asset_type":"Bus Stop","addr:city":null,"addr:housenumber":null,"addr:postcode":null,"addr:state":null,"addr:street":null,"addr:street:corner":null,"alt_name":null,"boundary":null,"ele":null,"gnis:feature_id":null,"leisure":null,"name:es":null,"opening_hours":null,"protect_class":null,"protection_title":null,"source":null,"type":null,"website":null,"wikidata":null,"wikipedia":null,"access":null,"barrier":null,"playground":null,"playground:theme":null,"survey:date":null,"place":null,"start_date":null,"surface":null,"amenity":null,"area":null,"denomination":null,"fax":null,"fence_type":null,"grades":null,"mascot":null,"name:en":null,"name:etymology:wikidata":null,"phone":null,"religion":null,"layer":"Bus Stops_points","path":"C:/Users/PMLS/Downloads/Hackathon work/Bus Stops_points.gpkg"},"geometry":{"type":"Point","coordinates":[-74.0773104,40.712736]}},
{"type":"Feature","properties":{"fid":210,"id":"node/6173156771","@id":"node/6173156771","bench":null,"bin":null,"bus":"yes","construction":null,"covered":null,"description":null,"fixme":null,"gtfs:stop_id":null,"gtfs_stop_code":null,"highway":"bus_stop","level":null,"lit":null,"local_ref":null,"name":"Martin Luther King Junior Drive at Forest Street","network":"NJ Transit","network:short":null,"network:wikidata":null,"network:wikipedia":null,"note":null,"operator":"NJ Transit Bus Operations","passenger_information_display":null,"public_transport":"platform","ref":"20687","route_ref":null,"shelter":null,"tactile_paving":null,"wheelchair":null,"asset_type":"Bus Stop","addr:city":null,"addr:housenumber":null,"addr:postcode":null,"addr:state":null,"addr:street":null,"addr:street:corner":null,"alt_name":null,"boundary":null,"ele":null,"gnis:feature_id":null,"leisure":null,"name:es":null,"opening_hours":null,"protect_class":null,"protection_title":null,"source":null,"type":null,"website":null,"wikidata":null,"wikipedia":null,"access":null,"barrier":null,"playground":null,"playground:theme":null,"survey:date":null,"place":null,"start_date":null,"surface":null,"amenity":null,"area":null,"denomination":null,"fax":null,"fence_type":null,"grades":null,"mascot":null,"name:en":null,"name:etymology:wikidata":null,"phone":null,"religion":null,"layer":"Bus Stops_points","path":"C:/Users/PMLS/Downloads/Hackathon work/Bus Stops_points.gpkg"},"geometry":{"type":"Point","coordinates":[-74.0768672,40.7130348]}},
{"type":"Feature","properties":{"fid":211,"id":"node/6173156772","@id":"node/6173156772","bench":null,"bin":null,"bus":"yes","construction":null,"covered":null,"description":null,"fixme":null,"gtfs:stop_id":null,"gtfs_stop_code":null,"highway":"bus_stop","level":null,"lit":null,"local_ref":null,"name":"Martin Luther King Junior Drive at Union Street","network":"NJ Transit","network:short":null,"network:wikidata":null,"network:wikipedia":null,"note":null,"operator":"NJ Transit Bus Operations","passenger_information_display":null,"public_transport":"platform","ref":"20691","route_ref":null,"shelter":null,"tactile_paving":null,"wheelchair":null,"asset_type":"Bus Stop","addr:city":null,"addr:housenumber":null,"addr:postcode":null,"addr:state":null,"addr:street":null,"addr:street:corner":null,"alt_name":null,"boundary":null,"ele":null,"gnis:feature_id":null,"leisure":null,"name:es":null,"opening_hours":null,"protect_class":null,"protection_title":null,"source":null,"type":null,"website":null,"wikidata":null,"wikipedia":null,"access":null,"barrier":null,"playground":null,"playground:theme":null,"survey:date":null,"place":null,"start_date":null,"surface":null,"amenity":null,"area":null,"denomination":null,"fax":null,"fence_type":null,"grades":null,"mascot":null,"name:en":null,"name:etymology:wikidata":null,"phone":null,"religion":null,"layer":"Bus Stops_points","path":"C:/Users/PMLS/Downloads/Hackathon work/Bus Stops_points.gpkg"},"geometry":{"type":"Point","coordinates":[-74.0757064,40.7143091]}},
{"type":"Feature","properties":{"fid":212,"id":"node/6173156773","@id":"node/6173156773","bench":null,"bin":null,"bus":"yes","construction":null,"covered":null,"description":null,"fixme":null,"gtfs:stop_id":null,"gtfs_stop_code":null,"highway":"bus_stop","level":null,"lit":null,"local_ref":null,"name":"Martin Luther King Junior Drive at Union Street","network":"NJ Transit","network:short":null,"network:wikidata":null,"network:wikipedia":null,"note":null,"operator":"NJ Transit Bus Operations","passenger_information_display":null,"public_transport":"platform","ref":"20688","route_ref":null,"shelter":null,"tactile_paving":null,"wheelchair":null,"asset_type":"Bus Stop","addr:city":null,"addr:housenumber":null,"addr:postcode":null,"addr:state":null,"addr:street":null,"addr:street:corner":null,"alt_name":null,"boundary":null,"ele":null,"gnis:feature_id":null,"leisure":null,"name:es":null,"opening_hours":null,"protect_class":null,"protection_title":null,"source":null,"type":null,"website":null,"wikidata":null,"wikipedia":null,"access":null,"barrier":null,"playground":null,"playground:theme":null,"survey:date":null,"place":null,"start_date":null,"surface":null,"amenity":null,"area":null,"denomination":null,"fax":null,"fence_type":null,"grades":null,"mascot":null,"name:en":null,"name:etymology:wikidata":null,"phone":null,"religion":null,"layer":"Bus Stops_points","path":"C:/Users/PMLS/Downloads/Hackathon work/Bus Stops_points.gpkg"},"geometry":{"type":"Point","coordinates":[-74.0759082,40.7142762]}},
{"type":"Feature","properties":{"fid":213,"id":"node/6173156774","@id":"node/6173156774","bench":"yes","bin":null,"bus":"yes","construction":null,"covered":null,"description":null,"fixme":null,"gtfs:stop_id":null,"gtfs_stop_code":null,"highway":"bus_stop","level":null,"lit":"yes","local_ref":null,"name":"Martin Luther King Junior Drive at Bramhall Avenue","network":"NJ Transit","network:short":null,"network:wikidata":null,"network:wikipedia":null,"note":null,"operator":"NJ Transit Bus Operations","passenger_information_display":"no","public_transport":"platform","ref":"20690","route_ref":null,"shelter":"yes","tactile_paving":null,"wheelchair":null,"asset_type":"Bus Stop","addr:city":null,"addr:housenumber":null,"addr:postcode":null,"addr:state":null,"addr:street":null,"addr:street:corner":null,"alt_name":null,"boundary":null,"ele":null,"gnis:feature_id":null,"leisure":null,"name:es":null,"opening_hours":null,"protect_class":null,"protection_title":null,"source":null,"type":null,"website":null,"wikidata":null,"wikipedia":null,"access":null,"barrier":null,"playground":null,"playground:theme":null,"survey:date":null,"place":null,"start_date":null,"surface":null,"amenity":null,"area":null,"denomination":null,"fax":null,"fence_type":null,"grades":null,"mascot":null,"name:en":null,"name:etymology:wikidata":null,"phone":null,"religion":null,"layer":"Bus Stops_points","path":"C:/Users/PMLS/Downloads/Hackathon work/Bus Stops_points.gpkg"},"geometry":{"type":"Point","coordinates":[-74.0746936,40.7154778]}},
{"type":"Feature","properties":{"fid":214,"id":"node/6173156775","@id":"node/6173156775","bench":null,"bin":null,"bus":"yes","construction":null,"covered":null,"description":null,"fixme":null,"gtfs:stop_id":null,"gtfs_stop_code":null,"highway":"bus_stop","level":null,"lit":null,"local_ref":null,"name":"Martin Luther King Junior Drive at Bramhall Avenue","network":"NJ Transit","network:short":null,"network:wikidata":null,"network:wikipedia":null,"note":null,"operator":"NJ Transit Bus Operations","passenger_information_display":null,"public_transport":"platform","ref":"20689","route_ref":null,"shelter":null,"tactile_paving":null,"wheelchair":null,"asset_type":"Bus Stop","addr:city":null,"addr:housenumber":null,"addr:postcode":null,"addr:state":null,"addr:street":null,"addr:street:corner":null,"alt_name":null,"boundary":null,"ele":null,"gnis:feature_id":null,"leisure":null,"name:es":null,"opening_hours":null,"protect_class":null,"protection_title":null,"source":null,"type":null,"website":null,"wikidata":null,"wikipedia":null,"access":null,"barrier":null,"playground":null,"playground:theme":null,"survey:date":null,"place":null,"start_date":null,"surface":null,"amenity":null,"area":null,"denomination":null,"fax":null,"fence_type":null,"grades":null,"mascot":null,"name:en":null,"name:etymology:wikidata":null,"phone":null,"religion":null,"layer":"Bus Stops_points","path":"C:/Users/PMLS/Downloads/Hackathon work/Bus Stops_points.gpkg"},"geometry":{"type":"Point","coordinates":[-74.0751742,40.7150942]}},
{"type":"Feature","properties":{"fid":215,"id":"node/6173504982","@id":"node/6173504982","bench":null,"bin":null,"bus":"yes","construction":null,"covered":null,"description":null,"fixme":null,"gtfs:stop_id":null,"gtfs_stop_code":null,"highway":"bus_stop","level":null,"lit":null,"local_ref":null,"name":"Summit Ave At Belmont Ave","network":"NJ Transit","network:short":"NJT","network:wikidata":"Q498553","network:wikipedia":null,"note":null,"operator":"NJ Transit","passenger_information_display":null,"public_transport":"platform","ref":"21127","route_ref":null,"shelter":null,"tactile_paving":null,"wheelchair":null,"asset_type":"Bus Stop","addr:city":null,"addr:housenumber":null,"addr:postcode":null,"addr:state":null,"addr:street":null,"addr:street:corner":null,"alt_name":null,"boundary":null,"ele":null,"gnis:feature_id":null,"leisure":null,"name:es":null,"opening_hours":null,"protect_class":null,"protection_title":null,"source":null,"type":null,"website":null,"wikidata":null,"wikipedia":null,"access":null,"barrier":null,"playground":null,"playground:theme":null,"survey:date":null,"place":null,"start_date":null,"surface":null,"amenity":null,"area":null,"denomination":null,"fax":null,"fence_type":null,"grades":null,"mascot":null,"name:en":null,"name:etymology:wikidata":null,"phone":null,"religion":null,"layer":"Bus Stops_points","path":"C:/Users/PMLS/Downloads/Hackathon work/Bus Stops_points.gpkg"},"geometry":{"type":"Point","coordinates":[-74.0675317,40.7187434]}},
{"type":"Feature","properties":{"fid":216,"id":"node/6173504983","@id":"node/6173504983","bench":null,"bin":null,"bus":"yes","construction":null,"covered":null,"description":null,"fixme":null,"gtfs:stop_id":null,"gtfs_stop_code":null,"highway":"bus_stop","level":null,"lit":null,"local_ref":null,"name":"Summit Ave At Clifton Pl","network":"NJ Transit","network:short":"NJT","network:wikidata":"Q498553","network:wikipedia":null,"note":null,"operator":"NJ Transit","passenger_information_display":null,"public_transport":"platform","ref":"21098","route_ref":null,"shelter":null,"tactile_paving":null,"wheelchair":null,"asset_type":"Bus Stop","addr:city":null,"addr:housenumber":null,"addr:postcode":null,"addr:state":null,"addr:street":null,"addr:street:corner":null,"alt_name":null,"boundary":null,"ele":null,"gnis:feature_id":null,"leisure":null,"name:es":null,"opening_hours":null,"protect_class":null,"protection_title":null,"source":null,"type":null,"website":null,"wikidata":null,"wikipedia":null,"access":null,"barrier":null,"playground":null,"playground:theme":null,"survey:date":null,"place":null,"start_date":null,"surface":null,"amenity":null,"area":null,"denomination":null,"fax":null,"fence_type":null,"grades":null,"mascot":null,"name:en":null,"name:etymology:wikidata":null,"phone":null,"religion":null,"layer":"Bus Stops_points","path":"C:/Users/PMLS/Downloads/Hackathon work/Bus Stops_points.gpkg"},"geometry":{"type":"Point","coordinates":[-74.0674422,40.7186473]}},
{"type":"Feature","properties":{"fid":217,"id":"node/6173504984","@id":"node/6173504984","bench":null,"bin":null,"bus":"yes","construction":null,"covered":null,"description":null,"fixme":null,"gtfs:stop_id":null,"gtfs_stop_code":null,"highway":"bus_stop","level":null,"lit":null,"local_ref":null,"name":"Summit Ave At Fairmount Ave","network":"NJ Transit","network:short":"NJT","network:wikidata":"Q498553","network:wikipedia":null,"note":null,"operator":"NJ Transit","passenger_information_display":null,"public_transport":"platform","ref":"21126","route_ref":null,"shelter":null,"tactile_paving":null,"wheelchair":null,"asset_type":"Bus Stop","addr:city":null,"addr:housenumber":null,"addr:postcode":null,"addr:state":null,"addr:street":null,"addr:street:corner":null,"alt_name":null,"boundary":null,"ele":null,"gnis:feature_id":null,"leisure":null,"name:es":null,"opening_hours":null,"protect_class":null,"protection_title":null,"source":null,"type":null,"website":null,"wikidata":null,"wikipedia":null,"access":null,"barrier":null,"playground":null,"playground:theme":null,"survey:date":null,"place":null,"start_date":null,"surface":null,"amenity":null,"area":null,"denomination":null,"fax":null,"fence_type":null,"grades":null,"mascot":null,"name:en":null,"name:etymology:wikidata":null,"phone":null,"religion":null,"layer":"Bus Stops_points","path":"C:/Users/PMLS/Downloads/Hackathon work/Bus Stops_points.gpkg"},"geometry":{"type":"Point","coordinates":[-74.066699,40.7203325]}},
{"type":"Feature","properties":{"fid":218,"id":"node/6173519385","@id":"node/6173519385","bench":null,"bin":null,"bus":"yes","construction":null,"covered":null,"description":null,"fixme":null,"gtfs:stop_id":null,"gtfs_stop_code":null,"highway":"bus_stop","level":null,"lit":null,"local_ref":null,"name":"Baldwin Ave At Clifton Pl","network":"NJ Transit","network:short":"NJT","network:wikidata":"Q498553","network:wikipedia":null,"note":null,"operator":"NJ Transit","passenger_information_display":null,"public_transport":"platform","ref":"20534","route_ref":null,"shelter":null,"tactile_paving":null,"wheelchair":null,"asset_type":"Bus Stop","addr:city":null,"addr:housenumber":null,"addr:postcode":null,"addr:state":null,"addr:street":null,"addr:street:corner":null,"alt_name":null,"boundary":null,"ele":null,"gnis:feature_id":null,"leisure":null,"name:es":null,"opening_hours":null,"protect_class":null,"protection_title":null,"source":null,"type":null,"website":null,"wikidata":null,"wikipedia":null,"access":null,"barrier":null,"playground":null,"playground:theme":null,"survey:date":null,"place":null,"start_date":null,"surface":null,"amenity":null,"area":null,"denomination":null,"fax":null,"fence_type":null,"grades":null,"mascot":null,"name:en":null,"name:etymology:wikidata":null,"phone":null,"religion":null,"layer":"Bus Stops_points","path":"C:/Users/PMLS/Downloads/Hackathon work/Bus Stops_points.gpkg"},"geometry":{"type":"Point","coordinates":[-74.0654887,40.7219634]}},
{"type":"Feature","properties":{"fid":219,"id":"node/6173519386","@id":"node/6173519386","bench":null,"bin":null,"bus":"yes","construction":null,"covered":null,"description":null,"fixme":null,"gtfs:stop_id":null,"gtfs_stop_code":null,"highway":"bus_stop","level":null,"lit":null,"local_ref":null,"name":"Baldwin Ave At Clifton Pl","network":"NJ Transit","network:short":"NJT","network:wikidata":"Q498553","network:wikipedia":null,"note":null,"operator":"NJ Transit","passenger_information_display":null,"public_transport":"platform","ref":"20551","route_ref":null,"shelter":null,"tactile_paving":null,"wheelchair":null,"asset_type":"Bus Stop","addr:city":null,"addr:housenumber":null,"addr:postcode":null,"addr:state":null,"addr:street":null,"addr:street:corner":null,"alt_name":null,"boundary":null,"ele":null,"gnis:feature_id":null,"leisure":null,"name:es":null,"opening_hours":null,"protect_class":null,"protection_title":null,"source":null,"type":null,"website":null,"wikidata":null,"wikipedia":null,"access":null,"barrier":null,"playground":null,"playground:theme":null,"survey:date":null,"place":null,"start_date":null,"surface":null,"amenity":null,"area":null,"denomination":null,"fax":null,"fence_type":null,"grades":null,"mascot":null,"name:en":null,"name:etymology:wikidata":null,"phone":null,"religion":null,"layer":"Bus Stops_points","path":"C:/Users/PMLS/Downloads/Hackathon work/Bus Stops_points.gpkg"},"geometry":{"type":"Point","coordinates":[-74.0654729,40.7221711]}},
{"type":"Feature","properties":{"fid":220,"id":"node/6173519387","@id":"node/6173519387","bench":null,"bin":null,"bus":"yes","construction":null,"covered":null,"description":null,"fixme":null,"gtfs:stop_id":null,"gtfs_stop_code":null,"highway":"bus_stop","level":null,"lit":null,"local_ref":null,"name":"Baldwin Ave At Montgomery St","network":"NJ Transit","network:short":"NJT","network:wikidata":"Q498553","network:wikipedia":null,"note":null,"operator":"NJ Transit","passenger_information_display":null,"public_transport":"platform","ref":"30118","route_ref":null,"shelter":null,"tactile_paving":null,"wheelchair":null,"asset_type":"Bus Stop","addr:city":null,"addr:housenumber":null,"addr:postcode":null,"addr:state":null,"addr:street":null,"addr:street:corner":null,"alt_name":null,"boundary":null,"ele":null,"gnis:feature_id":null,"leisure":null,"name:es":null,"opening_hours":null,"protect_class":null,"protection_title":null,"source":null,"type":null,"website":null,"wikidata":null,"wikipedia":null,"access":null,"barrier":null,"playground":null,"playground:theme":null,"survey:date":null,"place":null,"start_date":null,"surface":null,"amenity":null,"area":null,"denomination":null,"fax":null,"fence_type":null,"grades":null,"mascot":null,"name:en":null,"name:etymology:wikidata":null,"phone":null,"religion":null,"layer":"Bus Stops_points","path":"C:/Users/PMLS/Downloads/Hackathon work/Bus Stops_points.gpkg"},"geometry":{"type":"Point","coordinates":[-74.0644772,40.723499]}},
{"type":"Feature","properties":{"fid":221,"id":"node/6173519388","@id":"node/6173519388","bench":null,"bin":null,"bus":"yes","construction":null,"covered":null,"description":null,"fixme":null,"gtfs:stop_id":null,"gtfs_stop_code":null,"highway":"bus_stop","level":null,"lit":null,"local_ref":null,"name":"Baldwin Ave At Montgomery St","network":"NJ Transit","network:short":"NJT","network:wikidata":"Q498553","network:wikipedia":null,"note":null,"operator":"NJ Transit","passenger_information_display":null,"public_transport":"platform","ref":"30117","route_ref":null,"shelter":null,"tactile_paving":null,"wheelchair":null,"asset_type":"Bus Stop","addr:city":null,"addr:housenumber":null,"addr:postcode":null,"addr:state":null,"addr:street":null,"addr:street:corner":null,"alt_name":null,"boundary":null,"ele":null,"gnis:feature_id":null,"leisure":null,"name:es":null,"opening_hours":null,"protect_class":null,"protection_title":null,"source":null,"type":null,"website":null,"wikidata":null,"wikipedia":null,"access":null,"barrier":null,"playground":null,"playground:theme":null,"survey:date":null,"place":null,"start_date":null,"surface":null,"amenity":null,"area":null,"denomination":null,"fax":null,"fence_type":null,"grades":null,"mascot":null,"name:en":null,"name:etymology:wikidata":null,"phone":null,"religion":null,"layer":"Bus Stops_points","path":"C:/Users/PMLS/Downloads/Hackathon work/Bus Stops_points.gpkg"},"geometry":{"type":"Point","coordinates":[-74.0642131,40.7236334]}},
{"type":"Feature","properties":{"fid":222,"id":"node/6173519389","@id":"node/6173519389","bench":null,"bin":null,"bus":"yes","construction":null,"covered":null,"description":null,"fixme":null,"gtfs:stop_id":null,"gtfs_stop_code":null,"highway":"bus_stop","level":null,"lit":null,"local_ref":null,"name":"Communipaw Ave At Crescent Ave","network":"NJ Transit","network:short":"NJT","network:wikidata":"Q498553","network:wikipedia":null,"note":null,"operator":null,"passenger_information_display":null,"public_transport":"platform","ref":"20658","route_ref":null,"shelter":"no","tactile_paving":null,"wheelchair":null,"asset_type":"Bus Stop","addr:city":null,"addr:housenumber":null,"addr:postcode":null,"addr:state":null,"addr:street":null,"addr:street:corner":null,"alt_name":null,"boundary":null,"ele":null,"gnis:feature_id":null,"leisure":null,"name:es":null,"opening_hours":null,"protect_class":null,"protection_title":null,"source":null,"type":null,"website":null,"wikidata":null,"wikipedia":null,"access":null,"barrier":null,"playground":null,"playground:theme":null,"survey:date":null,"place":null,"start_date":null,"surface":null,"amenity":null,"area":null,"denomination":null,"fax":null,"fence_type":null,"grades":null,"mascot":null,"name:en":null,"name:etymology:wikidata":null,"phone":null,"religion":null,"layer":"Bus Stops_points","path":"C:/Users/PMLS/Downloads/Hackathon work/Bus Stops_points.gpkg"},"geometry":{"type":"Point","coordinates":[-74.070876,40.716648]}},
{"type":"Feature","properties":{"fid":223,"id":"node/6173519390","@id":"node/6173519390","bench":null,"bin":null,"bus":"yes","construction":null,"covered":null,"description":null,"fixme":null,"gtfs:stop_id":null,"gtfs_stop_code":null,"highway":"bus_stop","level":null,"lit":null,"local_ref":null,"name":"Communipaw Ave At Crescent Ave","network":"NJ Transit","network:short":"NJT","network:wikidata":"Q498553","network:wikipedia":null,"note":null,"operator":null,"passenger_information_display":null,"public_transport":"platform","ref":"20654","route_ref":null,"shelter":"no","tactile_paving":null,"wheelchair":null,"asset_type":"Bus Stop","addr:city":null,"addr:housenumber":null,"addr:postcode":null,"addr:state":null,"addr:street":null,"addr:street:corner":null,"alt_name":null,"boundary":null,"ele":null,"gnis:feature_id":null,"leisure":null,"name:es":null,"opening_hours":null,"protect_class":null,"protection_title":null,"source":null,"type":null,"website":null,"wikidata":null,"wikipedia":null,"access":null,"barrier":null,"playground":null,"playground:theme":null,"survey:date":null,"place":null,"start_date":null,"surface":null,"amenity":null,"area":null,"denomination":null,"fax":null,"fence_type":null,"grades":null,"mascot":null,"name:en":null,"name:etymology:wikidata":null,"phone":null,"religion":null,"layer":"Bus Stops_points","path":"C:/Users/PMLS/Downloads/Hackathon work/Bus Stops_points.gpkg"},"geometry":{"type":"Point","coordinates":[-74.0711499,40.7166111]}},
{"type":"Feature","properties":{"fid":224,"id":"node/6173519391","@id":"node/6173519391","bench":null,"bin":null,"bus":"yes","construction":null,"covered":null,"description":null,"fixme":null,"gtfs:stop_id":null,"gtfs_stop_code":null,"highway":"bus_stop","level":null,"lit":null,"local_ref":null,"name":"Communipaw Ave At Martin Luther King Dr","network":"NJ Transit","network:short":"NJT","network:wikidata":"Q498553","network:wikipedia":null,"note":null,"operator":null,"passenger_information_display":null,"public_transport":"platform","ref":"20653","route_ref":null,"shelter":"no","tactile_paving":null,"wheelchair":null,"asset_type":"Bus Stop","addr:city":null,"addr:housenumber":null,"addr:postcode":null,"addr:state":null,"addr:street":null,"addr:street:corner":null,"alt_name":null,"boundary":null,"ele":null,"gnis:feature_id":null,"leisure":null,"name:es":null,"opening_hours":null,"protect_class":null,"protection_title":null,"source":null,"type":null,"website":null,"wikidata":null,"wikipedia":null,"access":null,"barrier":null,"playground":null,"playground:theme":null,"survey:date":null,"place":null,"start_date":null,"surface":null,"amenity":null,"area":null,"denomination":null,"fax":null,"fence_type":null,"grades":null,"mascot":null,"name:en":null,"name:etymology:wikidata":null,"phone":null,"religion":null,"layer":"Bus Stops_points","path":"C:/Users/PMLS/Downloads/Hackathon work/Bus Stops_points.gpkg"},"geometry":{"type":"Point","coordinates":[-74.0721831,40.7170387]}},
{"type":"Feature","properties":{"fid":225,"id":"node/6173519392","@id":"node/6173519392","bench":null,"bin":null,"bus":"yes","construction":null,"covered":null,"description":null,"fixme":null,"gtfs:stop_id":null,"gtfs_stop_code":null,"highway":"bus_stop","level":null,"lit":null,"local_ref":null,"name":"Communipaw Ave At Monticello Ave","network":"NJ Transit","network:short":"NJT","network:wikidata":"Q498553","network:wikipedia":null,"note":null,"operator":null,"passenger_information_display":null,"public_transport":"platform","ref":"20659","route_ref":null,"shelter":"no","tactile_paving":null,"wheelchair":null,"asset_type":"Bus Stop","addr:city":null,"addr:housenumber":null,"addr:postcode":null,"addr:state":null,"addr:street":null,"addr:street:corner":null,"alt_name":null,"boundary":null,"ele":null,"gnis:feature_id":null,"leisure":null,"name:es":null,"opening_hours":null,"protect_class":null,"protection_title":null,"source":null,"type":null,"website":null,"wikidata":null,"wikipedia":null,"access":null,"barrier":null,"playground":null,"playground:theme":null,"survey:date":null,"place":null,"start_date":null,"surface":null,"amenity":null,"area":null,"denomination":null,"fax":null,"fence_type":null,"grades":null,"mascot":null,"name:en":null,"name:etymology:wikidata":null,"phone":null,"religion":null,"layer":"Bus Stops_points","path":"C:/Users/PMLS/Downloads/Hackathon work/Bus Stops_points.gpkg"},"geometry":{"type":"Point","coordinates":[-74.0728522,40.7174779]}},
{"type":"Feature","properties":{"fid":226,"id":"node/6173519393","@id":"node/6173519393","bench":null,"bin":null,"bus":"yes","construction":null,"covered":null,"description":null,"fixme":null,"gtfs:stop_id":null,"gtfs_stop_code":null,"highway":"bus_stop","level":null,"lit":null,"local_ref":null,"name":"Monticello Avenue at Harrison Avenue","network":"NJ Transit","network:short":null,"network:wikidata":null,"network:wikipedia":null,"note":null,"operator":"NJ Transit Bus Operations","passenger_information_display":null,"public_transport":"platform","ref":"20944","route_ref":null,"shelter":null,"tactile_paving":null,"wheelchair":null,"asset_type":"Bus Stop","addr:city":null,"addr:housenumber":null,"addr:postcode":null,"addr:state":null,"addr:street":null,"addr:street:corner":null,"alt_name":null,"boundary":null,"ele":null,"gnis:feature_id":null,"leisure":null,"name:es":null,"opening_hours":null,"protect_class":null,"protection_title":null,"source":null,"type":null,"website":null,"wikidata":null,"wikipedia":null,"access":null,"barrier":null,"playground":null,"playground:theme":null,"survey:date":null,"place":null,"start_date":null,"surface":null,"amenity":null,"area":null,"denomination":null,"fax":null,"fence_type":null,"grades":null,"mascot":null,"name:en":null,"name:etymology:wikidata":null,"phone":null,"religion":null,"layer":"Bus Stops_points","path":"C:/Users/PMLS/Downloads/Hackathon work/Bus Stops_points.gpkg"},"geometry":{"type":"Point","coordinates":[-74.0725068,40.7174101]}},
{"type":"Feature","properties":{"fid":227,"id":"node/6173519394","@id":"node/6173519394","bench":null,"bin":null,"bus":"yes","construction":null,"covered":null,"description":null,"fixme":null,"gtfs:stop_id":null,"gtfs_stop_code":null,"highway":"bus_stop","level":null,"lit":null,"local_ref":null,"name":"Monticello Avenue at Communipaw Avenue","network":"NJ Transit","network:short":null,"network:wikidata":null,"network:wikipedia":null,"note":null,"operator":"NJ Transit Bus Operations","passenger_information_display":null,"public_transport":"platform","ref":"20931","route_ref":null,"shelter":null,"tactile_paving":null,"wheelchair":null,"asset_type":"Bus Stop","addr:city":null,"addr:housenumber":null,"addr:postcode":null,"addr:state":null,"addr:street":null,"addr:street:corner":null,"alt_name":null,"boundary":null,"ele":null,"gnis:feature_id":null,"leisure":null,"name:es":null,"opening_hours":null,"protect_class":null,"protection_title":null,"source":null,"type":null,"website":null,"wikidata":null,"wikipedia":null,"access":null,"barrier":null,"playground":null,"playground:theme":null,"survey:date":null,"place":null,"start_date":null,"surface":null,"amenity":null,"area":null,"denomination":null,"fax":null,"fence_type":null,"grades":null,"mascot":null,"name:en":null,"name:etymology:wikidata":null,"phone":null,"religion":null,"layer":"Bus Stops_points","path":"C:/Users/PMLS/Downloads/Hackathon work/Bus Stops_points.gpkg"},"geometry":{"type":"Point","coordinates":[-74.0722896,40.7175037]}},
{"type":"Feature","properties":{"fid":228,"id":"node/6173519395","@id":"node/6173519395","bench":null,"bin":null,"bus":"yes","construction":null,"covered":null,"description":null,"fixme":null,"gtfs:stop_id":null,"gtfs_stop_code":null,"highway":"bus_stop","level":null,"lit":null,"local_ref":null,"name":"Monticello Avenue at Brinkerhoff Street","network":"NJ Transit","network:short":null,"network:wikidata":null,"network:wikipedia":null,"note":null,"operator":"NJ Transit Bus Operations","passenger_information_display":null,"public_transport":"platform","ref":"20943","route_ref":null,"shelter":null,"tactile_paving":null,"wheelchair":null,"asset_type":"Bus Stop","addr:city":null,"addr:housenumber":null,"addr:postcode":null,"addr:state":null,"addr:street":null,"addr:street:corner":null,"alt_name":null,"boundary":null,"ele":null,"gnis:feature_id":null,"leisure":null,"name:es":null,"opening_hours":null,"protect_class":null,"protection_title":null,"source":null,"type":null,"website":null,"wikidata":null,"wikipedia":null,"access":null,"barrier":null,"playground":null,"playground:theme":null,"survey:date":null,"place":null,"start_date":null,"surface":null,"amenity":null,"area":null,"denomination":null,"fax":null,"fence_type":null,"grades":null,"mascot":null,"name:en":null,"name:etymology:wikidata":null,"phone":null,"religion":null,"layer":"Bus Stops_points","path":"C:/Users/PMLS/Downloads/Hackathon work/Bus Stops_points.gpkg"},"geometry":{"type":"Point","coordinates":[-74.0720949,40.7181146]}},
{"type":"Feature","properties":{"fid":229,"id":"node/6173519396","@id":"node/6173519396","bench":null,"bin":null,"bus":"yes","construction":null,"covered":null,"description":null,"fixme":null,"gtfs:stop_id":null,"gtfs_stop_code":null,"highway":"bus_stop","level":null,"lit":null,"local_ref":null,"name":"Monticello Avenue at Astor Place","network":"NJ Transit","network:short":null,"network:wikidata":null,"network:wikipedia":null,"note":null,"operator":"NJ Transit Bus Operations","passenger_information_display":null,"public_transport":"platform","ref":"20933","route_ref":null,"shelter":null,"tactile_paving":null,"wheelchair":null,"asset_type":"Bus Stop","addr:city":null,"addr:housenumber":null,"addr:postcode":null,"addr:state":null,"addr:street":null,"addr:street:corner":null,"alt_name":null,"boundary":null,"ele":null,"gnis:feature_id":null,"leisure":null,"name:es":null,"opening_hours":null,"protect_class":null,"protection_title":null,"source":null,"type":null,"website":null,"wikidata":null,"wikipedia":null,"access":null,"barrier":null,"playground":null,"playground:theme":null,"survey:date":null,"place":null,"start_date":null,"surface":null,"amenity":null,"area":null,"denomination":null,"fax":null,"fence_type":null,"grades":null,"mascot":null,"name:en":null,"name:etymology:wikidata":null,"phone":null,"religion":null,"layer":"Bus Stops_points","path":"C:/Users/PMLS/Downloads/Hackathon work/Bus Stops_points.gpkg"},"geometry":{"type":"Point","coordinates":[-74.0710258,40.7196995]}},
{"type":"Feature","properties":{"fid":230,"id":"node/6173519397","@id":"node/6173519397","bench":null,"bin":null,"bus":"yes","construction":null,"covered":null,"description":null,"fixme":null,"gtfs:stop_id":null,"gtfs_stop_code":null,"highway":"bus_stop","level":null,"lit":null,"local_ref":null,"name":"Monticello Avenue at Belmont Avenue","network":"NJ Transit","network:short":null,"network:wikidata":null,"network:wikipedia":null,"note":null,"operator":"NJ Transit Bus Operations","passenger_information_display":null,"public_transport":"platform","ref":"20934","route_ref":null,"shelter":null,"tactile_paving":null,"wheelchair":null,"asset_type":"Bus Stop","addr:city":null,"addr:housenumber":null,"addr:postcode":null,"addr:state":null,"addr:street":null,"addr:street:corner":null,"alt_name":null,"boundary":null,"ele":null,"gnis:feature_id":null,"leisure":null,"name:es":null,"opening_hours":null,"protect_class":null,"protection_title":null,"source":null,"type":null,"website":null,"wikidata":null,"wikipedia":null,"access":null,"barrier":null,"playground":null,"playground:theme":null,"survey:date":null,"place":null,"start_date":null,"surface":null,"amenity":null,"area":null,"denomination":null,"fax":null,"fence_type":null,"grades":null,"mascot":null,"name:en":null,"name:etymology:wikidata":null,"phone":null,"religion":null,"layer":"Bus Stops_points","path":"C:/Users/PMLS/Downloads/Hackathon work/Bus Stops_points.gpkg"},"geometry":{"type":"Point","coordinates":[-74.0707126,40.7201594]}},
{"type":"Feature","properties":{"fid":231,"id":"node/6173519398","@id":"node/6173519398","bench":null,"bin":null,"bus":"yes","construction":null,"covered":null,"description":null,"fixme":null,"gtfs:stop_id":null,"gtfs_stop_code":null,"highway":"bus_stop","level":null,"lit":null,"local_ref":null,"name":"Monticello Avenue at Jewett Avenue","network":"NJ Transit","network:short":null,"network:wikidata":null,"network:wikipedia":null,"note":null,"operator":"NJ Transit Bus Operations","passenger_information_display":null,"public_transport":"platform","ref":"20940","route_ref":null,"shelter":null,"tactile_paving":null,"wheelchair":null,"asset_type":"Bus Stop","addr:city":null,"addr:housenumber":null,"addr:postcode":null,"addr:state":null,"addr:street":null,"addr:street:corner":null,"alt_name":null,"boundary":null,"ele":null,"gnis:feature_id":null,"leisure":null,"name:es":null,"opening_hours":null,"protect_class":null,"protection_title":null,"source":null,"type":null,"website":null,"wikidata":null,"wikipedia":null,"access":null,"barrier":null,"playground":null,"playground:theme":null,"survey:date":null,"place":null,"start_date":null,"surface":null,"amenity":null,"area":null,"denomination":null,"fax":null,"fence_type":null,"grades":null,"mascot":null,"name:en":null,"name:etymology:wikidata":null,"phone":null,"religion":null,"layer":"Bus Stops_points","path":"C:/Users/PMLS/Downloads/Hackathon work/Bus Stops_points.gpkg"},"geometry":{"type":"Point","coordinates":[-74.0702276,40.7212388]}},
{"type":"Feature","properties":{"fid":232,"id":"node/6173519399","@id":"node/6173519399","bench":null,"bin":null,"bus":"yes","construction":null,"covered":null,"description":null,"fixme":null,"gtfs:stop_id":null,"gtfs_stop_code":null,"highway":"bus_stop","level":null,"lit":null,"local_ref":null,"name":"Monticello Avenue at Jewett Avenue","network":"NJ Transit","network:short":null,"network:wikidata":null,"network:wikipedia":null,"note":null,"operator":"NJ Transit Bus Operations","passenger_information_display":null,"public_transport":"platform","ref":"20935","route_ref":null,"shelter":null,"tactile_paving":null,"wheelchair":null,"asset_type":"Bus Stop","addr:city":null,"addr:housenumber":null,"addr:postcode":null,"addr:state":null,"addr:street":null,"addr:street:corner":null,"alt_name":null,"boundary":null,"ele":null,"gnis:feature_id":null,"leisure":null,"name:es":null,"opening_hours":null,"protect_class":null,"protection_title":null,"source":null,"type":null,"website":null,"wikidata":null,"wikipedia":null,"access":null,"barrier":null,"playground":null,"playground:theme":null,"survey:date":null,"place":null,"start_date":null,"surface":null,"amenity":null,"area":null,"denomination":null,"fax":null,"fence_type":null,"grades":null,"mascot":null,"name:en":null,"name:etymology:wikidata":null,"phone":null,"religion":null,"layer":"Bus Stops_points","path":"C:/Users/PMLS/Downloads/Hackathon work/Bus Stops_points.gpkg"},"geometry":{"type":"Point","coordinates":[-74.069863,40.7215802]}},
{"type":"Feature","properties":{"fid":233,"id":"node/6173519400","@id":"node/6173519400","bench":null,"bin":null,"bus":"yes","construction":null,"covered":null,"description":null,"fixme":null,"gtfs:stop_id":null,"gtfs_stop_code":null,"highway":"bus_stop","level":null,"lit":null,"local_ref":null,"name":"Monticello Avenue at Fairview Avenue","network":"NJ Transit","network:short":null,"network:wikidata":null,"network:wikipedia":null,"note":null,"operator":"NJ Transit Bus Operations","passenger_information_display":null,"public_transport":"platform","ref":"20939","route_ref":null,"shelter":null,"tactile_paving":null,"wheelchair":null,"asset_type":"Bus Stop","addr:city":null,"addr:housenumber":null,"addr:postcode":null,"addr:state":null,"addr:street":null,"addr:street:corner":null,"alt_name":null,"boundary":null,"ele":null,"gnis:feature_id":null,"leisure":null,"name:es":null,"opening_hours":null,"protect_class":null,"protection_title":null,"source":null,"type":null,"website":null,"wikidata":null,"wikipedia":null,"access":null,"barrier":null,"playground":null,"playground:theme":null,"survey:date":null,"place":null,"start_date":null,"surface":null,"amenity":null,"area":null,"denomination":null,"fax":null,"fence_type":null,"grades":null,"mascot":null,"name:en":null,"name:etymology:wikidata":null,"phone":null,"religion":null,"layer":"Bus Stops_points","path":"C:/Users/PMLS/Downloads/Hackathon work/Bus Stops_points.gpkg"},"geometry":{"type":"Point","coordinates":[-74.0697619,40.7220145]}},
{"type":"Feature","properties":{"fid":234,"id":"node/6173519401","@id":"node/6173519401","bench":null,"bin":null,"bus":"yes","construction":null,"covered":null,"description":null,"fixme":null,"gtfs:stop_id":null,"gtfs_stop_code":null,"highway":"bus_stop","level":null,"lit":null,"local_ref":null,"name":"Monticello Avenue at Fairmont Avenue","network":"NJ Transit","network:short":null,"network:wikidata":null,"network:wikipedia":null,"note":null,"operator":"NJ Transit Bus Operations","passenger_information_display":null,"public_transport":"platform","ref":"20938","route_ref":null,"shelter":null,"tactile_paving":null,"wheelchair":null,"asset_type":"Bus Stop","addr:city":null,"addr:housenumber":null,"addr:postcode":null,"addr:state":null,"addr:street":null,"addr:street:corner":null,"alt_name":null,"boundary":null,"ele":null,"gnis:feature_id":null,"leisure":null,"name:es":null,"opening_hours":null,"protect_class":null,"protection_title":null,"source":null,"type":null,"website":null,"wikidata":null,"wikipedia":null,"access":null,"barrier":null,"playground":null,"playground:theme":null,"survey:date":null,"place":null,"start_date":null,"surface":null,"amenity":null,"area":null,"denomination":null,"fax":null,"fence_type":null,"grades":null,"mascot":null,"name:en":null,"name:etymology:wikidata":null,"phone":null,"religion":null,"layer":"Bus Stops_points","path":"C:/Users/PMLS/Downloads/Hackathon work/Bus Stops_points.gpkg"},"geometry":{"type":"Point","coordinates":[-74.0690961,40.7228872]}},
{"type":"Feature","properties":{"fid":235,"id":"node/6173519402","@id":"node/6173519402","bench":null,"bin":null,"bus":"yes","construction":null,"covered":null,"description":null,"fixme":null,"gtfs:stop_id":null,"gtfs_stop_code":null,"highway":"bus_stop","level":null,"lit":null,"local_ref":null,"name":"Fairmount Avenue at Monticello Avenue","network":"NJ Transit","network:short":null,"network:wikidata":null,"network:wikipedia":null,"note":null,"operator":"NJ Transit Bus Operations","passenger_information_display":null,"public_transport":"platform","ref":"20710","route_ref":null,"shelter":null,"tactile_paving":null,"wheelchair":null,"asset_type":"Bus Stop","addr:city":null,"addr:housenumber":null,"addr:postcode":null,"addr:state":null,"addr:street":null,"addr:street:corner":null,"alt_name":null,"boundary":null,"ele":null,"gnis:feature_id":null,"leisure":null,"name:es":null,"opening_hours":null,"protect_class":null,"protection_title":null,"source":null,"type":null,"website":null,"wikidata":null,"wikipedia":null,"access":null,"barrier":null,"playground":null,"playground:theme":null,"survey:date":null,"place":null,"start_date":null,"surface":null,"amenity":null,"area":null,"denomination":null,"fax":null,"fence_type":null,"grades":null,"mascot":null,"name:en":null,"name:etymology:wikidata":null,"phone":null,"religion":null,"layer":"Bus Stops_points","path":"C:/Users/PMLS/Downloads/Hackathon work/Bus Stops_points.gpkg"},"geometry":{"type":"Point","coordinates":[-74.0690986,40.7232312]}},
{"type":"Feature","properties":{"fid":236,"id":"node/6173519403","@id":"node/6173519403","bench":null,"bin":null,"bus":"yes","construction":null,"covered":null,"description":null,"fixme":null,"gtfs:stop_id":null,"gtfs_stop_code":null,"highway":"bus_stop","level":null,"lit":null,"local_ref":null,"name":"Fairmount Avenue at Bergen Avenue","network":"NJ Transit","network:short":null,"network:wikidata":null,"network:wikipedia":null,"note":null,"operator":"NJ Transit Bus Operations","passenger_information_display":null,"public_transport":"platform","ref":"20709","route_ref":null,"shelter":null,"tactile_paving":null,"wheelchair":null,"asset_type":"Bus Stop","addr:city":null,"addr:housenumber":null,"addr:postcode":null,"addr:state":null,"addr:street":null,"addr:street:corner":null,"alt_name":null,"boundary":null,"ele":null,"gnis:feature_id":null,"leisure":null,"name:es":null,"opening_hours":null,"protect_class":null,"protection_title":null,"source":null,"type":null,"website":null,"wikidata":null,"wikipedia":null,"access":null,"barrier":null,"playground":null,"playground:theme":null,"survey:date":null,"place":null,"start_date":null,"surface":null,"amenity":null,"area":null,"denomination":null,"fax":null,"fence_type":null,"grades":null,"mascot":null,"name:en":null,"name:etymology:wikidata":null,"phone":null,"religion":null,"layer":"Bus Stops_points","path":"C:/Users/PMLS/Downloads/Hackathon work/Bus Stops_points.gpkg"},"geometry":{"type":"Point","coordinates":[-74.0694074,40.7242251]}},
{"type":"Feature","properties":{"fid":237,"id":"node/6173519404","@id":"node/6173519404","bench":null,"bin":null,"bus":"yes","construction":null,"covered":null,"description":null,"fixme":null,"gtfs:stop_id":null,"gtfs_stop_code":null,"highway":"bus_stop","level":null,"lit":null,"local_ref":null,"name":"Fairmount Avenue at Bergen Avenue","network":"NJ Transit","network:short":null,"network:wikidata":null,"network:wikipedia":null,"note":null,"operator":"NJ Transit Bus Operations","passenger_information_display":null,"public_transport":"platform","ref":"20711","route_ref":null,"shelter":null,"tactile_paving":null,"wheelchair":null,"asset_type":"Bus Stop","addr:city":null,"addr:housenumber":null,"addr:postcode":null,"addr:state":null,"addr:street":null,"addr:street:corner":null,"alt_name":null,"boundary":null,"ele":null,"gnis:feature_id":null,"leisure":null,"name:es":null,"opening_hours":null,"protect_class":null,"protection_title":null,"source":null,"type":null,"website":null,"wikidata":null,"wikipedia":null,"access":null,"barrier":null,"playground":null,"playground:theme":null,"survey:date":null,"place":null,"start_date":null,"surface":null,"amenity":null,"area":null,"denomination":null,"fax":null,"fence_type":null,"grades":null,"mascot":null,"name:en":null,"name:etymology:wikidata":null,"phone":null,"religion":null,"layer":"Bus Stops_points","path":"C:/Users/PMLS/Downloads/Hackathon work/Bus Stops_points.gpkg"},"geometry":{"type":"Point","coordinates":[-74.0693759,40.7245054]}},
{"type":"Feature","properties":{"fid":238,"id":"node/6173519405","@id":"node/6173519405","bench":null,"bin":null,"bus":"yes","construction":null,"covered":null,"description":null,"fixme":null,"gtfs:stop_id":null,"gtfs_stop_code":null,"highway":"bus_stop","level":null,"lit":null,"local_ref":null,"name":"Communipaw Ave At Bergen Ave","network":"NJ Transit","network:short":"NJT","network:wikidata":"Q498553","network:wikipedia":null,"note":null,"operator":null,"passenger_information_display":null,"public_transport":"platform","ref":"20660","route_ref":null,"shelter":"no","tactile_paving":null,"wheelchair":null,"asset_type":"Bus Stop","addr:city":null,"addr:housenumber":null,"addr:postcode":null,"addr:state":null,"addr:street":null,"addr:street:corner":null,"alt_name":null,"boundary":null,"ele":null,"gnis:feature_id":null,"leisure":null,"name:es":null,"opening_hours":null,"protect_class":null,"protection_title":null,"source":null,"type":null,"website":null,"wikidata":null,"wikipedia":null,"access":null,"barrier":null,"playground":null,"playground:theme":null,"survey:date":null,"place":null,"start_date":null,"surface":null,"amenity":null,"area":null,"denomination":null,"fax":null,"fence_type":null,"grades":null,"mascot":null,"name:en":null,"name:etymology:wikidata":null,"phone":null,"religion":null,"layer":"Bus Stops_points","path":"C:/Users/PMLS/Downloads/Hackathon work/Bus Stops_points.gpkg"},"geometry":{"type":"Point","coordinates":[-74.0751694,40.7184474]}},
{"type":"Feature","properties":{"fid":239,"id":"node/6173519406","@id":"node/6173519406","bench":null,"bin":null,"bus":"yes","construction":null,"covered":null,"description":null,"fixme":null,"gtfs:stop_id":null,"gtfs_stop_code":null,"highway":"bus_stop","level":null,"lit":null,"local_ref":null,"name":"Communipaw Ave At Bergen Ave","network":"NJ Transit","network:short":"NJT","network:wikidata":"Q498553","network:wikipedia":null,"note":null,"operator":null,"passenger_information_display":null,"public_transport":"platform","ref":"20652","route_ref":null,"shelter":"no","tactile_paving":null,"wheelchair":null,"asset_type":"Bus Stop","addr:city":null,"addr:housenumber":null,"addr:postcode":null,"addr:state":null,"addr:street":null,"addr:street:corner":null,"alt_name":null,"boundary":null,"ele":null,"gnis:feature_id":null,"leisure":null,"name:es":null,"opening_hours":null,"protect_class":null,"protection_title":null,"source":null,"type":null,"website":null,"wikidata":null,"wikipedia":null,"access":null,"barrier":null,"playground":null,"playground:theme":null,"survey:date":null,"place":null,"start_date":null,"surface":null,"amenity":null,"area":null,"denomination":null,"fax":null,"fence_type":null,"grades":null,"mascot":null,"name:en":null,"name:etymology:wikidata":null,"phone":null,"religion":null,"layer":"Bus Stops_points","path":"C:/Users/PMLS/Downloads/Hackathon work/Bus Stops_points.gpkg"},"geometry":{"type":"Point","coordinates":[-74.0751025,40.7182538]}},
{"type":"Feature","properties":{"fid":240,"id":"node/6173519407","@id":"node/6173519407","bench":null,"bin":null,"bus":"yes","construction":null,"covered":null,"description":null,"fixme":null,"gtfs:stop_id":null,"gtfs_stop_code":null,"highway":"bus_stop","level":null,"lit":null,"local_ref":null,"name":"Jfk Blvd At Ege Ave","network":"NJ Transit","network:short":"NJT","network:wikidata":"Q498553","network:wikipedia":null,"note":null,"operator":null,"passenger_information_display":null,"public_transport":"platform","ref":"20805","route_ref":null,"shelter":"no","tactile_paving":null,"wheelchair":null,"asset_type":"Bus Stop","addr:city":null,"addr:housenumber":null,"addr:postcode":null,"addr:state":null,"addr:street":null,"addr:street:corner":null,"alt_name":null,"boundary":null,"ele":null,"gnis:feature_id":null,"leisure":null,"name:es":null,"opening_hours":null,"protect_class":null,"protection_title":null,"source":null,"type":null,"website":null,"wikidata":null,"wikipedia":null,"access":null,"barrier":null,"playground":null,"playground:theme":null,"survey:date":null,"place":null,"start_date":null,"surface":null,"amenity":null,"area":null,"denomination":null,"fax":null,"fence_type":null,"grades":null,"mascot":null,"name:en":null,"name:etymology:wikidata":null,"phone":null,"religion":null,"layer":"Bus Stops_points","path":"C:/Users/PMLS/Downloads/Hackathon work/Bus Stops_points.gpkg"},"geometry":{"type":"Point","coordinates":[-74.0826633,40.7144415]}},
{"type":"Feature","properties":{"fid":241,"id":"node/6173519408","@id":"node/6173519408","bench":null,"bin":null,"bus":"yes","construction":null,"covered":null,"description":null,"fixme":null,"gtfs:stop_id":null,"gtfs_stop_code":null,"highway":"bus_stop","level":null,"lit":null,"local_ref":null,"name":"Jfk Blvd At Ege Ave","network":"NJ Transit","network:short":"NJT","network:wikidata":"Q498553","network:wikipedia":null,"note":null,"operator":null,"passenger_information_display":null,"public_transport":"platform","ref":"20865","route_ref":null,"shelter":"yes","tactile_paving":null,"wheelchair":null,"asset_type":"Bus Stop","addr:city":null,"addr:housenumber":null,"addr:postcode":null,"addr:state":null,"addr:street":null,"addr:street:corner":null,"alt_name":null,"boundary":null,"ele":null,"gnis:feature_id":null,"leisure":null,"name:es":null,"opening_hours":null,"protect_class":null,"protection_title":null,"source":null,"type":null,"website":null,"wikidata":null,"wikipedia":null,"access":null,"barrier":null,"playground":null,"playground:theme":null,"survey:date":null,"place":null,"start_date":null,"surface":null,"amenity":null,"area":null,"denomination":null,"fax":null,"fence_type":null,"grades":null,"mascot":null,"name:en":null,"name:etymology:wikidata":null,"phone":null,"religion":null,"layer":"Bus Stops_points","path":"C:/Users/PMLS/Downloads/Hackathon work/Bus Stops_points.gpkg"},"geometry":{"type":"Point","coordinates":[-74.0829453,40.7144148]}},
{"type":"Feature","properties":{"fid":242,"id":"node/6173519409","@id":"node/6173519409","bench":null,"bin":null,"bus":"yes","construction":null,"covered":null,"description":null,"fixme":null,"gtfs:stop_id":null,"gtfs_stop_code":null,"highway":"bus_stop","level":null,"lit":null,"local_ref":null,"name":"Jfk Blvd At Boyd Ave","network":"NJ Transit","network:short":"NJT","network:wikidata":"Q498553","network:wikipedia":null,"note":null,"operator":null,"passenger_information_display":null,"public_transport":"platform","ref":"20806","route_ref":null,"shelter":"no","tactile_paving":null,"wheelchair":null,"asset_type":"Bus Stop","addr:city":null,"addr:housenumber":null,"addr:postcode":null,"addr:state":null,"addr:street":null,"addr:street:corner":null,"alt_name":null,"boundary":null,"ele":null,"gnis:feature_id":null,"leisure":null,"name:es":null,"opening_hours":null,"protect_class":null,"protection_title":null,"source":null,"type":null,"website":null,"wikidata":null,"wikipedia":null,"access":null,"barrier":null,"playground":null,"playground:theme":null,"survey:date":null,"place":null,"start_date":null,"surface":null,"amenity":null,"area":null,"denomination":null,"fax":null,"fence_type":null,"grades":null,"mascot":null,"name:en":null,"name:etymology:wikidata":null,"phone":null,"religion":null,"layer":"Bus Stops_points","path":"C:/Users/PMLS/Downloads/Hackathon work/Bus Stops_points.gpkg"},"geometry":{"type":"Point","coordinates":[-74.0814634,40.7161058]}},
{"type":"Feature","properties":{"fid":243,"id":"node/6173519410","@id":"node/6173519410","bench":null,"bin":null,"bus":"yes","construction":null,"covered":null,"description":null,"fixme":null,"gtfs:stop_id":null,"gtfs_stop_code":null,"highway":"bus_stop","level":null,"lit":null,"local_ref":null,"name":"Jfk Blvd At Boyd Ave","network":"NJ Transit","network:short":"NJT","network:wikidata":"Q498553","network:wikipedia":null,"note":null,"operator":null,"passenger_information_display":null,"public_transport":"platform","ref":"20864","route_ref":null,"shelter":"no","tactile_paving":null,"wheelchair":null,"asset_type":"Bus Stop","addr:city":null,"addr:housenumber":null,"addr:postcode":null,"addr:state":null,"addr:street":null,"addr:street:corner":null,"alt_name":null,"boundary":null,"ele":null,"gnis:feature_id":null,"leisure":null,"name:es":null,"opening_hours":null,"protect_class":null,"protection_title":null,"source":null,"type":null,"website":null,"wikidata":null,"wikipedia":null,"access":null,"barrier":null,"playground":null,"playground:theme":null,"survey:date":null,"place":null,"start_date":null,"surface":null,"amenity":null,"area":null,"denomination":null,"fax":null,"fence_type":null,"grades":null,"mascot":null,"name:en":null,"name:etymology:wikidata":null,"phone":null,"religion":null,"layer":"Bus Stops_points","path":"C:/Users/PMLS/Downloads/Hackathon work/Bus Stops_points.gpkg"},"geometry":{"type":"Point","coordinates":[-74.0820961,40.7157665]}},
{"type":"Feature","properties":{"fid":244,"id":"node/6173519411","@id":"node/6173519411","bench":null,"bin":null,"bus":"yes","construction":null,"covered":null,"description":null,"fixme":null,"gtfs:stop_id":null,"gtfs_stop_code":null,"highway":"bus_stop","level":null,"lit":null,"local_ref":null,"name":"Jfk Blvd At Clendenny Ave","network":"NJ Transit","network:short":"NJT","network:wikidata":"Q498553","network:wikipedia":null,"note":null,"operator":null,"passenger_information_display":null,"public_transport":"platform","ref":"20807","route_ref":null,"shelter":"no","tactile_paving":null,"wheelchair":null,"asset_type":"Bus Stop","addr:city":null,"addr:housenumber":null,"addr:postcode":null,"addr:state":null,"addr:street":null,"addr:street:corner":null,"alt_name":null,"boundary":null,"ele":null,"gnis:feature_id":null,"leisure":null,"name:es":null,"opening_hours":null,"protect_class":null,"protection_title":null,"source":null,"type":null,"website":null,"wikidata":null,"wikipedia":null,"access":null,"barrier":null,"playground":null,"playground:theme":null,"survey:date":null,"place":null,"start_date":null,"surface":null,"amenity":null,"area":null,"denomination":null,"fax":null,"fence_type":null,"grades":null,"mascot":null,"name:en":null,"name:etymology:wikidata":null,"phone":null,"religion":null,"layer":"Bus Stops_points","path":"C:/Users/PMLS/Downloads/Hackathon work/Bus Stops_points.gpkg"},"geometry":{"type":"Point","coordinates":[-74.0795934,40.7176738]}},
{"type":"Feature","properties":{"fid":245,"id":"node/6173519412","@id":"node/6173519412","bench":null,"bin":null,"bus":"yes","construction":null,"covered":null,"description":null,"fixme":null,"gtfs:stop_id":null,"gtfs_stop_code":null,"highway":"bus_stop","level":null,"lit":null,"local_ref":null,"name":"Jfk Blvd At Clendenny Ave","network":"NJ Transit","network:short":"NJT","network:wikidata":"Q498553","network:wikipedia":null,"note":null,"operator":null,"passenger_information_display":null,"public_transport":"platform","ref":"20863","route_ref":null,"shelter":"no","tactile_paving":null,"wheelchair":null,"asset_type":"Bus Stop","addr:city":null,"addr:housenumber":null,"addr:postcode":null,"addr:state":null,"addr:street":null,"addr:street:corner":null,"alt_name":null,"boundary":null,"ele":null,"gnis:feature_id":null,"leisure":null,"name:es":null,"opening_hours":null,"protect_class":null,"protection_title":null,"source":null,"type":null,"website":null,"wikidata":null,"wikipedia":null,"access":null,"barrier":null,"playground":null,"playground:theme":null,"survey:date":null,"place":null,"start_date":null,"surface":null,"amenity":null,"area":null,"denomination":null,"fax":null,"fence_type":null,"grades":null,"mascot":null,"name:en":null,"name:etymology:wikidata":null,"phone":null,"religion":null,"layer":"Bus Stops_points","path":"C:/Users/PMLS/Downloads/Hackathon work/Bus Stops_points.gpkg"},"geometry":{"type":"Point","coordinates":[-74.0803268,40.717527]}},
{"type":"Feature","properties":{"fid":246,"id":"node/6173519413","@id":"node/6173519413","bench":null,"bin":null,"bus":"yes","construction":null,"covered":null,"description":null,"fixme":null,"gtfs:stop_id":null,"gtfs_stop_code":null,"highway":"bus_stop","level":null,"lit":null,"local_ref":null,"name":"Jfk Blvd At Oxford Ave","network":"NJ Transit","network:short":"NJT","network:wikidata":"Q498553","network:wikipedia":null,"note":null,"operator":null,"passenger_information_display":null,"public_transport":"platform","ref":"20862","route_ref":null,"shelter":"no","tactile_paving":null,"wheelchair":null,"asset_type":"Bus Stop","addr:city":null,"addr:housenumber":null,"addr:postcode":null,"addr:state":null,"addr:street":null,"addr:street:corner":null,"alt_name":null,"boundary":null,"ele":null,"gnis:feature_id":null,"leisure":null,"name:es":null,"opening_hours":null,"protect_class":null,"protection_title":null,"source":null,"type":null,"website":null,"wikidata":null,"wikipedia":null,"access":null,"barrier":null,"playground":null,"playground:theme":null,"survey:date":null,"place":null,"start_date":null,"surface":null,"amenity":null,"area":null,"denomination":null,"fax":null,"fence_type":null,"grades":null,"mascot":null,"name:en":null,"name:etymology:wikidata":null,"phone":null,"religion":null,"layer":"Bus Stops_points","path":"C:/Users/PMLS/Downloads/Hackathon work/Bus Stops_points.gpkg"},"geometry":{"type":"Point","coordinates":[-74.0791424,40.7184824]}},
{"type":"Feature","properties":{"fid":247,"id":"node/6173519414","@id":"node/6173519414","bench":null,"bin":null,"bus":"yes","construction":null,"covered":null,"description":null,"fixme":null,"gtfs:stop_id":null,"gtfs_stop_code":null,"highway":"bus_stop","level":null,"lit":null,"local_ref":null,"name":"Jfk Blvd At Clinton Ave","network":"NJ Transit","network:short":"NJT","network:wikidata":"Q498553","network:wikipedia":null,"note":null,"operator":null,"passenger_information_display":null,"public_transport":"platform","ref":"20808","route_ref":null,"shelter":"no","tactile_paving":null,"wheelchair":null,"asset_type":"Bus Stop","addr:city":null,"addr:housenumber":null,"addr:postcode":null,"addr:state":null,"addr:street":null,"addr:street:corner":null,"alt_name":null,"boundary":null,"ele":null,"gnis:feature_id":null,"leisure":null,"name:es":null,"opening_hours":null,"protect_class":null,"protection_title":null,"source":null,"type":null,"website":null,"wikidata":null,"wikipedia":null,"access":null,"barrier":null,"playground":null,"playground:theme":null,"survey:date":null,"place":null,"start_date":null,"surface":null,"amenity":null,"area":null,"denomination":null,"fax":null,"fence_type":null,"grades":null,"mascot":null,"name:en":null,"name:etymology:wikidata":null,"phone":null,"religion":null,"layer":"Bus Stops_points","path":"C:/Users/PMLS/Downloads/Hackathon work/Bus Stops_points.gpkg"},"geometry":{"type":"Point","coordinates":[-74.0783166,40.7188881]}},
{"type":"Feature","properties":{"fid":248,"id":"node/6173519415","@id":"node/6173519415","bench":null,"bin":null,"bus":"yes","construction":null,"covered":null,"description":null,"fixme":null,"gtfs:stop_id":null,"gtfs_stop_code":null,"highway":"bus_stop","level":null,"lit":null,"local_ref":null,"name":"Communipaw Ave At J.f. Kennedy Blvd","network":"NJ Transit","network:short":"NJT","network:wikidata":"Q498553","network:wikipedia":null,"note":null,"operator":null,"passenger_information_display":null,"public_transport":"platform","ref":"20651","route_ref":null,"shelter":"no","tactile_paving":null,"wheelchair":null,"asset_type":"Bus Stop","addr:city":null,"addr:housenumber":null,"addr:postcode":null,"addr:state":null,"addr:street":null,"addr:street:corner":null,"alt_name":null,"boundary":null,"ele":null,"gnis:feature_id":null,"leisure":null,"name:es":null,"opening_hours":null,"protect_class":null,"protection_title":null,"source":null,"type":null,"website":null,"wikidata":null,"wikipedia":null,"access":null,"barrier":null,"playground":null,"playground:theme":null,"survey:date":null,"place":null,"start_date":null,"surface":null,"amenity":null,"area":null,"denomination":null,"fax":null,"fence_type":null,"grades":null,"mascot":null,"name:en":null,"name:etymology:wikidata":null,"phone":null,"religion":null,"layer":"Bus Stops_points","path":"C:/Users/PMLS/Downloads/Hackathon work/Bus Stops_points.gpkg"},"geometry":{"type":"Point","coordinates":[-74.0774435,40.719216]}},
{"type":"Feature","properties":{"fid":249,"id":"node/6173519417","@id":"node/6173519417","bench":null,"bin":null,"bus":"yes","construction":null,"covered":null,"description":null,"fixme":null,"gtfs:stop_id":null,"gtfs_stop_code":null,"highway":"bus_stop","level":null,"lit":null,"local_ref":null,"name":"Communipaw Ave At J.f. Kennedy Blvd","network":"NJ Transit","network:short":"NJT","network:wikidata":"Q498553","network:wikipedia":null,"note":null,"operator":null,"passenger_information_display":null,"public_transport":"platform","ref":"20661","route_ref":null,"shelter":"no","tactile_paving":null,"wheelchair":null,"asset_type":"Bus Stop","addr:city":null,"addr:housenumber":null,"addr:postcode":null,"addr:state":null,"addr:street":null,"addr:street:corner":null,"alt_name":null,"boundary":null,"ele":null,"gnis:feature_id":null,"leisure":null,"name:es":null,"opening_hours":null,"protect_class":null,"protection_title":null,"source":null,"type":null,"website":null,"wikidata":null,"wikipedia":null,"access":null,"barrier":null,"playground":null,"playground:theme":null,"survey:date":null,"place":null,"start_date":null,"surface":null,"amenity":null,"area":null,"denomination":null,"fax":null,"fence_type":null,"grades":null,"mascot":null,"name:en":null,"name:etymology:wikidata":null,"phone":null,"religion":null,"layer":"Bus Stops_points","path":"C:/Users/PMLS/Downloads/Hackathon work/Bus Stops_points.gpkg"},"geometry":{"type":"Point","coordinates":[-74.078348,40.7197425]}},
{"type":"Feature","properties":{"fid":250,"id":"node/6173519418","@id":"node/6173519418","bench":null,"bin":null,"bus":"yes","construction":null,"covered":null,"description":null,"fixme":null,"gtfs:stop_id":null,"gtfs_stop_code":null,"highway":"bus_stop","level":null,"lit":null,"local_ref":null,"name":"Jfk Blvd At Bentley Ave","network":"NJ Transit","network:short":"NJT","network:wikidata":"Q498553","network:wikipedia":null,"note":null,"operator":null,"passenger_information_display":null,"public_transport":"platform","ref":"20810","route_ref":null,"shelter":"no","tactile_paving":null,"wheelchair":null,"asset_type":"Bus Stop","addr:city":null,"addr:housenumber":null,"addr:postcode":null,"addr:state":null,"addr:street":null,"addr:street:corner":null,"alt_name":null,"boundary":null,"ele":null,"gnis:feature_id":null,"leisure":null,"name:es":null,"opening_hours":null,"protect_class":null,"protection_title":null,"source":null,"type":null,"website":null,"wikidata":null,"wikipedia":null,"access":null,"barrier":null,"playground":null,"playground:theme":null,"survey:date":null,"place":null,"start_date":null,"surface":null,"amenity":null,"area":null,"denomination":null,"fax":null,"fence_type":null,"grades":null,"mascot":null,"name:en":null,"name:etymology:wikidata":null,"phone":null,"religion":null,"layer":"Bus Stops_points","path":"C:/Users/PMLS/Downloads/Hackathon work/Bus Stops_points.gpkg"},"geometry":{"type":"Point","coordinates":[-74.0763956,40.720927]}},
{"type":"Feature","properties":{"fid":251,"id":"node/6173519419","@id":"node/6173519419","bench":null,"bin":null,"bus":"yes","construction":null,"covered":null,"description":null,"fixme":null,"gtfs:stop_id":null,"gtfs_stop_code":null,"highway":"bus_stop","level":null,"lit":null,"local_ref":null,"name":"Jfk Blvd At Bentley Ave","network":"NJ Transit","network:short":"NJT","network:wikidata":"Q498553","network:wikipedia":null,"note":null,"operator":null,"passenger_information_display":null,"public_transport":"platform","ref":"20860","route_ref":null,"shelter":"no","tactile_paving":null,"wheelchair":null,"asset_type":"Bus Stop","addr:city":null,"addr:housenumber":null,"addr:postcode":null,"addr:state":null,"addr:street":null,"addr:street:corner":null,"alt_name":null,"boundary":null,"ele":null,"gnis:feature_id":null,"leisure":null,"name:es":null,"opening_hours":null,"protect_class":null,"protection_title":null,"source":null,"type":null,"website":null,"wikidata":null,"wikipedia":null,"access":null,"barrier":null,"playground":null,"playground:theme":null,"survey:date":null,"place":null,"start_date":null,"surface":null,"amenity":null,"area":null,"denomination":null,"fax":null,"fence_type":null,"grades":null,"mascot":null,"name:en":null,"name:etymology:wikidata":null,"phone":null,"religion":null,"layer":"Bus Stops_points","path":"C:/Users/PMLS/Downloads/Hackathon work/Bus Stops_points.gpkg"},"geometry":{"type":"Point","coordinates":[-74.0766567,40.7209143]}},
{"type":"Feature","properties":{"fid":252,"id":"node/6173519420","@id":"node/6173519420","bench":null,"bin":null,"bus":"yes","construction":null,"covered":null,"description":null,"fixme":null,"gtfs:stop_id":null,"gtfs_stop_code":null,"highway":"bus_stop","level":null,"lit":null,"local_ref":null,"name":"Jfk Blvd At Belmont Avenue","network":"NJ Transit","network:short":"NJT","network:wikidata":"Q498553","network:wikipedia":null,"note":null,"operator":null,"passenger_information_display":null,"public_transport":"platform","ref":"20859","route_ref":null,"shelter":"no","tactile_paving":null,"wheelchair":null,"asset_type":"Bus Stop","addr:city":null,"addr:housenumber":null,"addr:postcode":null,"addr:state":null,"addr:street":null,"addr:street:corner":null,"alt_name":null,"boundary":null,"ele":null,"gnis:feature_id":null,"leisure":null,"name:es":null,"opening_hours":null,"protect_class":null,"protection_title":null,"source":null,"type":null,"website":null,"wikidata":null,"wikipedia":null,"access":null,"barrier":null,"playground":null,"playground:theme":null,"survey:date":null,"place":null,"start_date":null,"surface":null,"amenity":null,"area":null,"denomination":null,"fax":null,"fence_type":null,"grades":null,"mascot":null,"name:en":null,"name:etymology:wikidata":null,"phone":null,"religion":null,"layer":"Bus Stops_points","path":"C:/Users/PMLS/Downloads/Hackathon work/Bus Stops_points.gpkg"},"geometry":{"type":"Point","coordinates":[-74.0757556,40.7222328]}},
{"type":"Feature","properties":{"fid":253,"id":"node/6173519421","@id":"node/6173519421","bench":null,"bin":null,"bus":"yes","construction":null,"covered":null,"description":null,"fixme":null,"gtfs:stop_id":null,"gtfs_stop_code":null,"highway":"bus_stop","level":null,"lit":null,"local_ref":null,"name":"Jfk Blvd At Kensington Ave","network":"NJ Transit","network:short":"NJT","network:wikidata":"Q498553","network:wikipedia":null,"note":null,"operator":null,"passenger_information_display":null,"public_transport":"platform","ref":"20811","route_ref":null,"shelter":"no","tactile_paving":null,"wheelchair":null,"asset_type":"Bus Stop","addr:city":null,"addr:housenumber":null,"addr:postcode":null,"addr:state":null,"addr:street":null,"addr:street:corner":null,"alt_name":null,"boundary":null,"ele":null,"gnis:feature_id":null,"leisure":null,"name:es":null,"opening_hours":null,"protect_class":null,"protection_title":null,"source":null,"type":null,"website":null,"wikidata":null,"wikipedia":null,"access":null,"barrier":null,"playground":null,"playground:theme":null,"survey:date":null,"place":null,"start_date":null,"surface":null,"amenity":null,"area":null,"denomination":null,"fax":null,"fence_type":null,"grades":null,"mascot":null,"name:en":null,"name:etymology:wikidata":null,"phone":null,"religion":null,"layer":"Bus Stops_points","path":"C:/Users/PMLS/Downloads/Hackathon work/Bus Stops_points.gpkg"},"geometry":{"type":"Point","coordinates":[-74.0750796,40.7228097]}},
{"type":"Feature","properties":{"fid":254,"id":"node/6173519422","@id":"node/6173519422","bench":null,"bin":null,"bus":"yes","construction":null,"covered":null,"description":null,"fixme":null,"gtfs:stop_id":null,"gtfs_stop_code":null,"highway":"bus_stop","level":null,"lit":null,"local_ref":null,"name":"Jfk Blvd At Kensington Ave","network":"NJ Transit","network:short":"NJT","network:wikidata":"Q498553","network:wikipedia":null,"note":null,"operator":null,"passenger_information_display":null,"public_transport":"platform","ref":"20858","route_ref":null,"shelter":"no","tactile_paving":null,"wheelchair":null,"asset_type":"Bus Stop","addr:city":null,"addr:housenumber":null,"addr:postcode":null,"addr:state":null,"addr:street":null,"addr:street:corner":null,"alt_name":null,"boundary":null,"ele":null,"gnis:feature_id":null,"leisure":null,"name:es":null,"opening_hours":null,"protect_class":null,"protection_title":null,"source":null,"type":null,"website":null,"wikidata":null,"wikipedia":null,"access":null,"barrier":null,"playground":null,"playground:theme":null,"survey:date":null,"place":null,"start_date":null,"surface":null,"amenity":null,"area":null,"denomination":null,"fax":null,"fence_type":null,"grades":null,"mascot":null,"name:en":null,"name:etymology:wikidata":null,"phone":null,"religion":null,"layer":"Bus Stops_points","path":"C:/Users/PMLS/Downloads/Hackathon work/Bus Stops_points.gpkg"},"geometry":{"type":"Point","coordinates":[-74.0751067,40.7231516]}},
{"type":"Feature","properties":{"fid":255,"id":"node/6173519423","@id":"node/6173519423","bench":null,"bin":null,"bus":"yes","construction":null,"covered":null,"description":null,"fixme":null,"gtfs:stop_id":null,"gtfs_stop_code":null,"highway":"bus_stop","level":null,"lit":null,"local_ref":null,"name":"Jfk Blvd At Jewett Ave","network":"NJ Transit","network:short":"NJT","network:wikidata":"Q498553","network:wikipedia":null,"note":null,"operator":null,"passenger_information_display":null,"public_transport":"platform","ref":"20812","route_ref":null,"shelter":"no","tactile_paving":null,"wheelchair":null,"asset_type":"Bus Stop","addr:city":null,"addr:housenumber":null,"addr:postcode":null,"addr:state":null,"addr:street":null,"addr:street:corner":null,"alt_name":null,"boundary":null,"ele":null,"gnis:feature_id":null,"leisure":null,"name:es":null,"opening_hours":null,"protect_class":null,"protection_title":null,"source":null,"type":null,"website":null,"wikidata":null,"wikipedia":null,"access":null,"barrier":null,"playground":null,"playground:theme":null,"survey:date":null,"place":null,"start_date":null,"surface":null,"amenity":null,"area":null,"denomination":null,"fax":null,"fence_type":null,"grades":null,"mascot":null,"name:en":null,"name:etymology:wikidata":null,"phone":null,"religion":null,"layer":"Bus Stops_points","path":"C:/Users/PMLS/Downloads/Hackathon work/Bus Stops_points.gpkg"},"geometry":{"type":"Point","coordinates":[-74.0743956,40.7237534]}},
{"type":"Feature","properties":{"fid":256,"id":"node/6173519424","@id":"node/6173519424","bench":"yes","bin":null,"bus":"yes","construction":null,"covered":null,"description":null,"fixme":null,"gtfs:stop_id":null,"gtfs_stop_code":null,"highway":"bus_stop","level":null,"lit":"yes","local_ref":null,"name":"Jfk Blvd At Duncan Ave","network":"NJ Transit","network:short":"NJT","network:wikidata":"Q498553","network:wikipedia":null,"note":null,"operator":null,"passenger_information_display":"no","public_transport":"platform","ref":"20813","route_ref":null,"shelter":"yes","tactile_paving":null,"wheelchair":null,"asset_type":"Bus Stop","addr:city":null,"addr:housenumber":null,"addr:postcode":null,"addr:state":null,"addr:street":null,"addr:street:corner":null,"alt_name":null,"boundary":null,"ele":null,"gnis:feature_id":null,"leisure":null,"name:es":null,"opening_hours":null,"protect_class":null,"protection_title":null,"source":null,"type":null,"website":null,"wikidata":null,"wikipedia":null,"access":null,"barrier":null,"playground":null,"playground:theme":null,"survey:date":null,"place":null,"start_date":null,"surface":null,"amenity":null,"area":null,"denomination":null,"fax":null,"fence_type":null,"grades":null,"mascot":null,"name:en":null,"name:etymology:wikidata":null,"phone":null,"religion":null,"layer":"Bus Stops_points","path":"C:/Users/PMLS/Downloads/Hackathon work/Bus Stops_points.gpkg"},"geometry":{"type":"Point","coordinates":[-74.0733833,40.7250684]}},
{"type":"Feature","properties":{"fid":257,"id":"node/6173519425","@id":"node/6173519425","bench":null,"bin":null,"bus":"yes","construction":null,"covered":null,"description":null,"fixme":null,"gtfs:stop_id":null,"gtfs_stop_code":null,"highway":"bus_stop","level":null,"lit":null,"local_ref":null,"name":"Jfk Blvd At Duncan Ave","network":"NJ Transit","network:short":"NJT","network:wikidata":"Q498553","network:wikipedia":null,"note":null,"operator":null,"passenger_information_display":null,"public_transport":"platform","ref":"20856","route_ref":null,"shelter":"yes","tactile_paving":null,"wheelchair":null,"asset_type":"Bus Stop","addr:city":null,"addr:housenumber":null,"addr:postcode":null,"addr:state":null,"addr:street":null,"addr:street:corner":null,"alt_name":null,"boundary":null,"ele":null,"gnis:feature_id":null,"leisure":null,"name:es":null,"opening_hours":null,"protect_class":null,"protection_title":null,"source":null,"type":null,"website":null,"wikidata":null,"wikipedia":null,"access":null,"barrier":null,"playground":null,"playground:theme":null,"survey:date":null,"place":null,"start_date":null,"surface":null,"amenity":null,"area":null,"denomination":null,"fax":null,"fence_type":null,"grades":null,"mascot":null,"name:en":null,"name:etymology:wikidata":null,"phone":null,"religion":null,"layer":"Bus Stops_points","path":"C:/Users/PMLS/Downloads/Hackathon work/Bus Stops_points.gpkg"},"geometry":{"type":"Point","coordinates":[-74.0736855,40.7250696]}},
{"type":"Feature","properties":{"fid":258,"id":"node/6173519426","@id":"node/6173519426","bench":null,"bin":null,"bus":"yes","construction":null,"covered":null,"description":null,"fixme":null,"gtfs:stop_id":null,"gtfs_stop_code":null,"highway":"bus_stop","level":null,"lit":null,"local_ref":null,"name":"Jfk Blvd At Montgomery St","network":"NJ Transit","network:short":"NJT","network:wikidata":"Q498553","network:wikipedia":null,"note":null,"operator":null,"passenger_information_display":null,"public_transport":"platform","ref":"20814","route_ref":null,"shelter":"no","tactile_paving":null,"wheelchair":null,"asset_type":"Bus Stop","addr:city":null,"addr:housenumber":null,"addr:postcode":null,"addr:state":null,"addr:street":null,"addr:street:corner":null,"alt_name":null,"boundary":null,"ele":null,"gnis:feature_id":null,"leisure":null,"name:es":null,"opening_hours":null,"protect_class":null,"protection_title":null,"source":null,"type":null,"website":null,"wikidata":null,"wikipedia":null,"access":null,"barrier":null,"playground":null,"playground:theme":null,"survey:date":null,"place":null,"start_date":null,"surface":null,"amenity":null,"area":null,"denomination":null,"fax":null,"fence_type":null,"grades":null,"mascot":null,"name:en":null,"name:etymology:wikidata":null,"phone":null,"religion":null,"layer":"Bus Stops_points","path":"C:/Users/PMLS/Downloads/Hackathon work/Bus Stops_points.gpkg"},"geometry":{"type":"Point","coordinates":[-74.0712981,40.7264345]}},
{"type":"Feature","properties":{"fid":259,"id":"node/6173519427","@id":"node/6173519427","bench":null,"bin":null,"bus":"yes","construction":null,"covered":null,"description":null,"fixme":null,"gtfs:stop_id":null,"gtfs_stop_code":null,"highway":"bus_stop","level":null,"lit":null,"local_ref":null,"name":"Jfk Blvd At Montgomery St","network":"NJ Transit","network:short":"NJT","network:wikidata":"Q498553","network:wikipedia":null,"note":null,"operator":null,"passenger_information_display":null,"public_transport":"platform","ref":"20855","route_ref":null,"shelter":"no","tactile_paving":null,"wheelchair":null,"asset_type":"Bus Stop","addr:city":null,"addr:housenumber":null,"addr:postcode":null,"addr:state":null,"addr:street":null,"addr:street:corner":null,"alt_name":null,"boundary":null,"ele":null,"gnis:feature_id":null,"leisure":null,"name:es":null,"opening_hours":null,"protect_class":null,"protection_title":null,"source":null,"type":null,"website":null,"wikidata":null,"wikipedia":null,"access":null,"barrier":null,"playground":null,"playground:theme":null,"survey:date":null,"place":null,"start_date":null,"surface":null,"amenity":null,"area":null,"denomination":null,"fax":null,"fence_type":null,"grades":null,"mascot":null,"name:en":null,"name:etymology:wikidata":null,"phone":null,"religion":null,"layer":"Bus Stops_points","path":"C:/Users/PMLS/Downloads/Hackathon work/Bus Stops_points.gpkg"},"geometry":{"type":"Point","coordinates":[-74.071375,40.7267887]}},
{"type":"Feature","properties":{"fid":260,"id":"node/6173538496","@id":"node/6173538496","bench":null,"bin":null,"bus":"yes","construction":null,"covered":null,"description":null,"fixme":null,"gtfs:stop_id":null,"gtfs_stop_code":null,"highway":"bus_stop","level":null,"lit":null,"local_ref":null,"name":"West Side Ave At Clarke Ave","network":"NJ Transit","network:short":"NJT","network:wikidata":"Q498553","network:wikipedia":null,"note":null,"operator":"NJ Transit","passenger_information_display":null,"public_transport":"platform","ref":"21173","route_ref":null,"shelter":"no","tactile_paving":null,"wheelchair":null,"asset_type":"Bus Stop","addr:city":null,"addr:housenumber":null,"addr:postcode":null,"addr:state":null,"addr:street":null,"addr:street:corner":null,"alt_name":null,"boundary":null,"ele":null,"gnis:feature_id":null,"leisure":null,"name:es":null,"opening_hours":null,"protect_class":null,"protection_title":null,"source":null,"type":null,"website":null,"wikidata":null,"wikipedia":null,"access":null,"barrier":null,"playground":null,"playground:theme":null,"survey:date":null,"place":null,"start_date":null,"surface":null,"amenity":null,"area":null,"denomination":null,"fax":null,"fence_type":null,"grades":null,"mascot":null,"name:en":null,"name:etymology:wikidata":null,"phone":null,"religion":null,"layer":"Bus Stops_points","path":"C:/Users/PMLS/Downloads/Hackathon work/Bus Stops_points.gpkg"},"geometry":{"type":"Point","coordinates":[-74.0866341,40.715858]}},
{"type":"Feature","properties":{"fid":261,"id":"node/6173538497","@id":"node/6173538497","bench":null,"bin":null,"bus":"yes","construction":null,"covered":null,"description":null,"fixme":null,"gtfs:stop_id":null,"gtfs_stop_code":null,"highway":"bus_stop","level":null,"lit":null,"local_ref":null,"name":"West Side Ave At Ege Ave","network":"NJ Transit","network:short":"NJT","network:wikidata":"Q498553","network:wikipedia":null,"note":null,"operator":"NJ Transit","passenger_information_display":null,"public_transport":"platform","ref":"21148","route_ref":null,"shelter":null,"tactile_paving":null,"wheelchair":null,"asset_type":"Bus Stop","addr:city":null,"addr:housenumber":null,"addr:postcode":null,"addr:state":null,"addr:street":null,"addr:street:corner":null,"alt_name":null,"boundary":null,"ele":null,"gnis:feature_id":null,"leisure":null,"name:es":null,"opening_hours":null,"protect_class":null,"protection_title":null,"source":null,"type":null,"website":null,"wikidata":null,"wikipedia":null,"access":null,"barrier":null,"playground":null,"playground:theme":null,"survey:date":null,"place":null,"start_date":null,"surface":null,"amenity":null,"area":null,"denomination":null,"fax":null,"fence_type":null,"grades":null,"mascot":null,"name:en":null,"name:etymology:wikidata":null,"phone":null,"religion":null,"layer":"Bus Stops_points","path":"C:/Users/PMLS/Downloads/Hackathon work/Bus Stops_points.gpkg"},"geometry":{"type":"Point","coordinates":[-74.0863462,40.7158963]}},
{"type":"Feature","properties":{"fid":262,"id":"node/6173538498","@id":"node/6173538498","bench":null,"bin":null,"bus":"yes","construction":null,"covered":null,"description":null,"fixme":null,"gtfs:stop_id":null,"gtfs_stop_code":null,"highway":"bus_stop","level":null,"lit":null,"local_ref":null,"name":"West Side Ave At Virginia Ave","network":"NJ Transit","network:short":"NJT","network:wikidata":"Q498553","network:wikipedia":null,"note":null,"operator":"NJ Transit","passenger_information_display":null,"public_transport":"platform","ref":"21149","route_ref":null,"shelter":"no","tactile_paving":null,"wheelchair":null,"asset_type":"Bus Stop","addr:city":null,"addr:housenumber":null,"addr:postcode":null,"addr:state":null,"addr:street":null,"addr:street:corner":null,"alt_name":null,"boundary":null,"ele":null,"gnis:feature_id":null,"leisure":null,"name:es":null,"opening_hours":null,"protect_class":null,"protection_title":null,"source":null,"type":null,"website":null,"wikidata":null,"wikipedia":null,"access":null,"barrier":null,"playground":null,"playground:theme":null,"survey:date":null,"place":null,"start_date":null,"surface":null,"amenity":null,"area":null,"denomination":null,"fax":null,"fence_type":null,"grades":null,"mascot":null,"name:en":null,"name:etymology:wikidata":null,"phone":null,"religion":null,"layer":"Bus Stops_points","path":"C:/Users/PMLS/Downloads/Hackathon work/Bus Stops_points.gpkg"},"geometry":{"type":"Point","coordinates":[-74.0855459,40.7165106]}},
{"type":"Feature","properties":{"fid":263,"id":"node/6173538499","@id":"node/6173538499","bench":null,"bin":null,"bus":"yes","construction":null,"covered":null,"description":null,"fixme":null,"gtfs:stop_id":null,"gtfs_stop_code":null,"highway":"bus_stop","level":null,"lit":null,"local_ref":null,"name":"West Side Ave At Boyd Ave","network":"NJ Transit","network:short":"NJT","network:wikidata":"Q498553","network:wikipedia":null,"note":null,"operator":"NJ Transit","passenger_information_display":null,"public_transport":"platform","ref":"21150","route_ref":null,"shelter":"no","tactile_paving":null,"wheelchair":null,"asset_type":"Bus Stop","addr:city":null,"addr:housenumber":null,"addr:postcode":null,"addr:state":null,"addr:street":null,"addr:street:corner":null,"alt_name":null,"boundary":null,"ele":null,"gnis:feature_id":null,"leisure":null,"name:es":null,"opening_hours":null,"protect_class":null,"protection_title":null,"source":null,"type":null,"website":null,"wikidata":null,"wikipedia":null,"access":null,"barrier":null,"playground":null,"playground:theme":null,"survey:date":null,"place":null,"start_date":null,"surface":null,"amenity":null,"area":null,"denomination":null,"fax":null,"fence_type":null,"grades":null,"mascot":null,"name:en":null,"name:etymology:wikidata":null,"phone":null,"religion":null,"layer":"Bus Stops_points","path":"C:/Users/PMLS/Downloads/Hackathon work/Bus Stops_points.gpkg"},"geometry":{"type":"Point","coordinates":[-74.0846999,40.7172517]}},
{"type":"Feature","properties":{"fid":264,"id":"node/6173538500","@id":"node/6173538500","bench":null,"bin":null,"bus":"yes","construction":null,"covered":null,"description":null,"fixme":null,"gtfs:stop_id":null,"gtfs_stop_code":null,"highway":"bus_stop","level":null,"lit":null,"local_ref":null,"name":"West Side Ave At Boyd Ave","network":"NJ Transit","network:short":"NJT","network:wikidata":"Q498553","network:wikipedia":null,"note":null,"operator":"NJ Transit","passenger_information_display":null,"public_transport":"platform","ref":"21172","route_ref":null,"shelter":"no","tactile_paving":null,"wheelchair":null,"asset_type":"Bus Stop","addr:city":null,"addr:housenumber":null,"addr:postcode":null,"addr:state":null,"addr:street":null,"addr:street:corner":null,"alt_name":null,"boundary":null,"ele":null,"gnis:feature_id":null,"leisure":null,"name:es":null,"opening_hours":null,"protect_class":null,"protection_title":null,"source":null,"type":null,"website":null,"wikidata":null,"wikipedia":null,"access":null,"barrier":null,"playground":null,"playground:theme":null,"survey:date":null,"place":null,"start_date":null,"surface":null,"amenity":null,"area":null,"denomination":null,"fax":null,"fence_type":null,"grades":null,"mascot":null,"name:en":null,"name:etymology:wikidata":null,"phone":null,"religion":null,"layer":"Bus Stops_points","path":"C:/Users/PMLS/Downloads/Hackathon work/Bus Stops_points.gpkg"},"geometry":{"type":"Point","coordinates":[-74.0847045,40.7174504]}},
{"type":"Feature","properties":{"fid":265,"id":"node/6173538501","@id":"node/6173538501","bench":null,"bin":null,"bus":"yes","construction":null,"covered":null,"description":null,"fixme":null,"gtfs:stop_id":null,"gtfs_stop_code":null,"highway":"bus_stop","level":null,"lit":null,"local_ref":null,"name":"West Side Ave At Union St","network":"NJ Transit","network:short":"NJT","network:wikidata":"Q498553","network:wikipedia":null,"note":null,"operator":"NJ Transit","passenger_information_display":null,"public_transport":"platform","ref":"21171","route_ref":null,"shelter":null,"tactile_paving":null,"wheelchair":null,"asset_type":"Bus Stop","addr:city":null,"addr:housenumber":null,"addr:postcode":null,"addr:state":null,"addr:street":null,"addr:street:corner":null,"alt_name":null,"boundary":null,"ele":null,"gnis:feature_id":null,"leisure":null,"name:es":null,"opening_hours":null,"protect_class":null,"protection_title":null,"source":null,"type":null,"website":null,"wikidata":null,"wikipedia":null,"access":null,"barrier":null,"playground":null,"playground:theme":null,"survey:date":null,"place":null,"start_date":null,"surface":null,"amenity":null,"area":null,"denomination":null,"fax":null,"fence_type":null,"grades":null,"mascot":null,"name:en":null,"name:etymology:wikidata":null,"phone":null,"religion":null,"layer":"Bus Stops_points","path":"C:/Users/PMLS/Downloads/Hackathon work/Bus Stops_points.gpkg"},"geometry":{"type":"Point","coordinates":[-74.0840948,40.7180712]}},
{"type":"Feature","properties":{"fid":266,"id":"node/6173538503","@id":"node/6173538503","bench":null,"bin":null,"bus":"yes","construction":null,"covered":null,"description":null,"fixme":null,"gtfs:stop_id":null,"gtfs_stop_code":null,"highway":"bus_stop","level":null,"lit":null,"local_ref":null,"name":"West Side Ave At Union St","network":"NJ Transit","network:short":"NJT","network:wikidata":"Q498553","network:wikipedia":null,"note":null,"operator":"NJ Transit","passenger_information_display":null,"public_transport":"platform","ref":"21151","route_ref":null,"shelter":"no","tactile_paving":null,"wheelchair":null,"asset_type":"Bus Stop","addr:city":null,"addr:housenumber":null,"addr:postcode":null,"addr:state":null,"addr:street":null,"addr:street:corner":null,"alt_name":null,"boundary":null,"ele":null,"gnis:feature_id":null,"leisure":null,"name:es":null,"opening_hours":null,"protect_class":null,"protection_title":null,"source":null,"type":null,"website":null,"wikidata":null,"wikipedia":null,"access":null,"barrier":null,"playground":null,"playground:theme":null,"survey:date":null,"place":null,"start_date":null,"surface":null,"amenity":null,"area":null,"denomination":null,"fax":null,"fence_type":null,"grades":null,"mascot":null,"name:en":null,"name:etymology:wikidata":null,"phone":null,"religion":null,"layer":"Bus Stops_points","path":"C:/Users/PMLS/Downloads/Hackathon work/Bus Stops_points.gpkg"},"geometry":{"type":"Point","coordinates":[-74.0837341,40.7182213]}},
{"type":"Feature","properties":{"fid":267,"id":"node/6173538504","@id":"node/6173538504","bench":null,"bin":null,"bus":"yes","construction":null,"covered":null,"description":null,"fixme":null,"gtfs:stop_id":null,"gtfs_stop_code":null,"highway":"bus_stop","level":null,"lit":null,"local_ref":null,"name":"West Side Ave At Clendenny Ave","network":"NJ Transit","network:short":"NJT","network:wikidata":"Q498553","network:wikipedia":null,"note":null,"operator":"NJ Transit","passenger_information_display":null,"public_transport":"platform","ref":"21170","route_ref":null,"shelter":null,"tactile_paving":null,"wheelchair":null,"asset_type":"Bus Stop","addr:city":null,"addr:housenumber":null,"addr:postcode":null,"addr:state":null,"addr:street":null,"addr:street:corner":null,"alt_name":null,"boundary":null,"ele":null,"gnis:feature_id":null,"leisure":null,"name:es":null,"opening_hours":null,"protect_class":null,"protection_title":null,"source":null,"type":null,"website":null,"wikidata":null,"wikipedia":null,"access":null,"barrier":null,"playground":null,"playground:theme":null,"survey:date":null,"place":null,"start_date":null,"surface":null,"amenity":null,"area":null,"denomination":null,"fax":null,"fence_type":null,"grades":null,"mascot":null,"name:en":null,"name:etymology:wikidata":null,"phone":null,"religion":null,"layer":"Bus Stops_points","path":"C:/Users/PMLS/Downloads/Hackathon work/Bus Stops_points.gpkg"},"geometry":{"type":"Point","coordinates":[-74.0829563,40.7191287]}},
{"type":"Feature","properties":{"fid":268,"id":"node/6173538505","@id":"node/6173538505","bench":null,"bin":null,"bus":"yes","construction":null,"covered":null,"description":null,"fixme":null,"gtfs:stop_id":null,"gtfs_stop_code":null,"highway":"bus_stop","level":null,"lit":null,"local_ref":null,"name":"West Side Ave At Lexington Ave","network":"NJ Transit","network:short":"NJT","network:wikidata":"Q498553","network:wikipedia":null,"note":null,"operator":"NJ Transit","passenger_information_display":null,"public_transport":"platform","ref":"21152","route_ref":null,"shelter":"no","tactile_paving":null,"wheelchair":null,"asset_type":"Bus Stop","addr:city":null,"addr:housenumber":null,"addr:postcode":null,"addr:state":null,"addr:street":null,"addr:street:corner":null,"alt_name":null,"boundary":null,"ele":null,"gnis:feature_id":null,"leisure":null,"name:es":null,"opening_hours":null,"protect_class":null,"protection_title":null,"source":null,"type":null,"website":null,"wikidata":null,"wikipedia":null,"access":null,"barrier":null,"playground":null,"playground:theme":null,"survey:date":null,"place":null,"start_date":null,"surface":null,"amenity":null,"area":null,"denomination":null,"fax":null,"fence_type":null,"grades":null,"mascot":null,"name:en":null,"name:etymology:wikidata":null,"phone":null,"religion":null,"layer":"Bus Stops_points","path":"C:/Users/PMLS/Downloads/Hackathon work/Bus Stops_points.gpkg"},"geometry":{"type":"Point","coordinates":[-74.0821785,40.7197897]}},
{"type":"Feature","properties":{"fid":269,"id":"node/6173538506","@id":"node/6173538506","bench":null,"bin":null,"bus":"yes","construction":null,"covered":null,"description":null,"fixme":null,"gtfs:stop_id":null,"gtfs_stop_code":null,"highway":"bus_stop","level":null,"lit":null,"local_ref":null,"name":"West Side Ave At Communipaw Ave","network":"NJ Transit","network:short":"NJT","network:wikidata":"Q498553","network:wikipedia":null,"note":null,"operator":"NJ Transi","passenger_information_display":null,"public_transport":"platform","ref":"21169","route_ref":null,"shelter":"no","tactile_paving":null,"wheelchair":null,"asset_type":"Bus Stop","addr:city":null,"addr:housenumber":null,"addr:postcode":null,"addr:state":null,"addr:street":null,"addr:street:corner":null,"alt_name":null,"boundary":null,"ele":null,"gnis:feature_id":null,"leisure":null,"name:es":null,"opening_hours":null,"protect_class":null,"protection_title":null,"source":null,"type":null,"website":null,"wikidata":null,"wikipedia":null,"access":null,"barrier":null,"playground":null,"playground:theme":null,"survey:date":null,"place":null,"start_date":null,"surface":null,"amenity":null,"area":null,"denomination":null,"fax":null,"fence_type":null,"grades":null,"mascot":null,"name:en":null,"name:etymology:wikidata":null,"phone":null,"religion":null,"layer":"Bus Stops_points","path":"C:/Users/PMLS/Downloads/Hackathon work/Bus Stops_points.gpkg"},"geometry":{"type":"Point","coordinates":[-74.0816187,40.7206781]}},
{"type":"Feature","properties":{"fid":270,"id":"node/6173538507","@id":"node/6173538507","bench":null,"bin":null,"bus":"yes","construction":null,"covered":null,"description":null,"fixme":null,"gtfs:stop_id":null,"gtfs_stop_code":null,"highway":"bus_stop","level":null,"lit":null,"local_ref":null,"name":"West Side Ave At Communipaw Ave","network":"NJ Transit","network:short":"NJT","network:wikidata":"Q498553","network:wikipedia":null,"note":null,"operator":null,"passenger_information_display":null,"public_transport":"platform","ref":"21153","route_ref":null,"shelter":"no","tactile_paving":null,"wheelchair":null,"asset_type":"Bus Stop","addr:city":null,"addr:housenumber":null,"addr:postcode":null,"addr:state":null,"addr:street":null,"addr:street:corner":null,"alt_name":null,"boundary":null,"ele":null,"gnis:feature_id":null,"leisure":null,"name:es":null,"opening_hours":null,"protect_class":null,"protection_title":null,"source":null,"type":null,"website":null,"wikidata":null,"wikipedia":null,"access":null,"barrier":null,"playground":null,"playground:theme":null,"survey:date":null,"place":null,"start_date":null,"surface":null,"amenity":null,"area":null,"denomination":null,"fax":null,"fence_type":null,"grades":null,"mascot":null,"name:en":null,"name:etymology:wikidata":null,"phone":null,"religion":null,"layer":"Bus Stops_points","path":"C:/Users/PMLS/Downloads/Hackathon work/Bus Stops_points.gpkg"},"geometry":{"type":"Point","coordinates":[-74.08104,40.7211924]}},
{"type":"Feature","properties":{"fid":271,"id":"node/6173538508","@id":"node/6173538508","bench":null,"bin":null,"bus":"yes","construction":null,"covered":null,"description":null,"fixme":null,"gtfs:stop_id":null,"gtfs_stop_code":null,"highway":"bus_stop","level":null,"lit":null,"local_ref":null,"name":"West Side Ave At Harrison Ave","network":"NJ Transit","network:short":"NJT","network:wikidata":"Q498553","network:wikipedia":null,"note":null,"operator":null,"passenger_information_display":null,"public_transport":"platform","ref":"21168","route_ref":null,"shelter":"no","tactile_paving":null,"wheelchair":null,"asset_type":"Bus Stop","addr:city":null,"addr:housenumber":null,"addr:postcode":null,"addr:state":null,"addr:street":null,"addr:street:corner":null,"alt_name":null,"boundary":null,"ele":null,"gnis:feature_id":null,"leisure":null,"name:es":null,"opening_hours":null,"protect_class":null,"protection_title":null,"source":null,"type":null,"website":null,"wikidata":null,"wikipedia":null,"access":null,"barrier":null,"playground":null,"playground:theme":null,"survey:date":null,"place":null,"start_date":null,"surface":null,"amenity":null,"area":null,"denomination":null,"fax":null,"fence_type":null,"grades":null,"mascot":null,"name:en":null,"name:etymology:wikidata":null,"phone":null,"religion":null,"layer":"Bus Stops_points","path":"C:/Users/PMLS/Downloads/Hackathon work/Bus Stops_points.gpkg"},"geometry":{"type":"Point","coordinates":[-74.0806673,40.7219007]}},
{"type":"Feature","properties":{"fid":272,"id":"node/6173538509","@id":"node/6173538509","bench":null,"bin":null,"bus":"yes","construction":null,"covered":null,"description":null,"fixme":null,"gtfs:stop_id":null,"gtfs_stop_code":null,"highway":"bus_stop","level":null,"lit":null,"local_ref":null,"name":"West Side Ave At Harrison Ave","network":"NJ Transit","network:short":"NJT","network:wikidata":"Q498553","network:wikipedia":null,"note":null,"operator":null,"passenger_information_display":null,"public_transport":"platform","ref":"21154","route_ref":null,"shelter":"no","tactile_paving":null,"wheelchair":null,"asset_type":"Bus Stop","addr:city":null,"addr:housenumber":null,"addr:postcode":null,"addr:state":null,"addr:street":null,"addr:street:corner":null,"alt_name":null,"boundary":null,"ele":null,"gnis:feature_id":null,"leisure":null,"name:es":null,"opening_hours":null,"protect_class":null,"protection_title":null,"source":null,"type":null,"website":null,"wikidata":null,"wikipedia":null,"access":null,"barrier":null,"playground":null,"playground:theme":null,"survey:date":null,"place":null,"start_date":null,"surface":null,"amenity":null,"area":null,"denomination":null,"fax":null,"fence_type":null,"grades":null,"mascot":null,"name:en":null,"name:etymology:wikidata":null,"phone":null,"religion":null,"layer":"Bus Stops_points","path":"C:/Users/PMLS/Downloads/Hackathon work/Bus Stops_points.gpkg"},"geometry":{"type":"Point","coordinates":[-74.0804147,40.7219675]}},
{"type":"Feature","properties":{"fid":273,"id":"node/6173538510","@id":"node/6173538510","bench":null,"bin":null,"bus":"yes","construction":null,"covered":null,"description":null,"fixme":null,"gtfs:stop_id":null,"gtfs_stop_code":null,"highway":"bus_stop","level":null,"lit":null,"local_ref":null,"name":"West Side Ave At Gifford Ave","network":"NJ Transit","network:short":"NJT","network:wikidata":"Q498553","network:wikipedia":null,"note":null,"operator":null,"passenger_information_display":null,"public_transport":"platform","ref":"21167","route_ref":null,"shelter":"no","tactile_paving":null,"wheelchair":null,"asset_type":"Bus Stop","addr:city":null,"addr:housenumber":null,"addr:postcode":null,"addr:state":null,"addr:street":null,"addr:street:corner":null,"alt_name":null,"boundary":null,"ele":null,"gnis:feature_id":null,"leisure":null,"name:es":null,"opening_hours":null,"protect_class":null,"protection_title":null,"source":null,"type":null,"website":null,"wikidata":null,"wikipedia":null,"access":null,"barrier":null,"playground":null,"playground:theme":null,"survey:date":null,"place":null,"start_date":null,"surface":null,"amenity":null,"area":null,"denomination":null,"fax":null,"fence_type":null,"grades":null,"mascot":null,"name:en":null,"name:etymology:wikidata":null,"phone":null,"religion":null,"layer":"Bus Stops_points","path":"C:/Users/PMLS/Downloads/Hackathon work/Bus Stops_points.gpkg"},"geometry":{"type":"Point","coordinates":[-74.0794321,40.7232639]}},
{"type":"Feature","properties":{"fid":274,"id":"node/6173538511","@id":"node/6173538511","bench":null,"bin":null,"bus":"yes","construction":null,"covered":null,"description":null,"fixme":null,"gtfs:stop_id":null,"gtfs_stop_code":null,"highway":"bus_stop","level":null,"lit":null,"local_ref":null,"name":"West Side Ave At Gifford Ave","network":"NJ Transit","network:short":"NJT","network:wikidata":"Q498553","network:wikipedia":null,"note":null,"operator":null,"passenger_information_display":null,"public_transport":"platform","ref":"21155","route_ref":null,"shelter":"no","tactile_paving":null,"wheelchair":null,"asset_type":"Bus Stop","addr:city":null,"addr:housenumber":null,"addr:postcode":null,"addr:state":null,"addr:street":null,"addr:street:corner":null,"alt_name":null,"boundary":null,"ele":null,"gnis:feature_id":null,"leisure":null,"name:es":null,"opening_hours":null,"protect_class":null,"protection_title":null,"source":null,"type":null,"website":null,"wikidata":null,"wikipedia":null,"access":null,"barrier":null,"playground":null,"playground:theme":null,"survey:date":null,"place":null,"start_date":null,"surface":null,"amenity":null,"area":null,"denomination":null,"fax":null,"fence_type":null,"grades":null,"mascot":null,"name:en":null,"name:etymology:wikidata":null,"phone":null,"religion":null,"layer":"Bus Stops_points","path":"C:/Users/PMLS/Downloads/Hackathon work/Bus Stops_points.gpkg"},"geometry":{"type":"Point","coordinates":[-74.079133,40.7233665]}},
{"type":"Feature","properties":{"fid":275,"id":"node/6173538512","@id":"node/6173538512","bench":null,"bin":null,"bus":"yes","construction":null,"covered":null,"description":null,"fixme":null,"gtfs:stop_id":null,"gtfs_stop_code":null,"highway":"bus_stop","level":null,"lit":null,"local_ref":null,"name":"West Side Ave At Kensington Ave","network":"NJ Transit","network:short":"NJT","network:wikidata":"Q498553","network:wikipedia":null,"note":null,"operator":null,"passenger_information_display":null,"public_transport":"platform","ref":"21166","route_ref":null,"shelter":"no","tactile_paving":null,"wheelchair":null,"asset_type":"Bus Stop","addr:city":null,"addr:housenumber":null,"addr:postcode":null,"addr:state":null,"addr:street":null,"addr:street:corner":null,"alt_name":null,"boundary":null,"ele":null,"gnis:feature_id":null,"leisure":null,"name:es":null,"opening_hours":null,"protect_class":null,"protection_title":null,"source":null,"type":null,"website":null,"wikidata":null,"wikipedia":null,"access":null,"barrier":null,"playground":null,"playground:theme":null,"survey:date":null,"place":null,"start_date":null,"surface":null,"amenity":null,"area":null,"denomination":null,"fax":null,"fence_type":null,"grades":null,"mascot":null,"name:en":null,"name:etymology:wikidata":null,"phone":null,"religion":null,"layer":"Bus Stops_points","path":"C:/Users/PMLS/Downloads/Hackathon work/Bus Stops_points.gpkg"},"geometry":{"type":"Point","coordinates":[-74.0785616,40.7242691]}},
{"type":"Feature","properties":{"fid":276,"id":"node/6173538513","@id":"node/6173538513","bench":null,"bin":null,"bus":"yes","construction":null,"covered":null,"description":null,"fixme":null,"gtfs:stop_id":null,"gtfs_stop_code":null,"highway":"bus_stop","level":null,"lit":null,"local_ref":null,"name":"West Side Ave At Kensington Ave","network":"NJ Transit","network:short":"NJT","network:wikidata":"Q498553","network:wikipedia":null,"note":null,"operator":null,"passenger_information_display":null,"public_transport":"platform","ref":"21156","route_ref":null,"shelter":"no","tactile_paving":null,"wheelchair":null,"asset_type":"Bus Stop","addr:city":null,"addr:housenumber":null,"addr:postcode":null,"addr:state":null,"addr:street":null,"addr:street:corner":null,"alt_name":null,"boundary":null,"ele":null,"gnis:feature_id":null,"leisure":null,"name:es":null,"opening_hours":null,"protect_class":null,"protection_title":null,"source":null,"type":null,"website":null,"wikidata":null,"wikipedia":null,"access":null,"barrier":null,"playground":null,"playground:theme":null,"survey:date":null,"place":null,"start_date":null,"surface":null,"amenity":null,"area":null,"denomination":null,"fax":null,"fence_type":null,"grades":null,"mascot":null,"name:en":null,"name:etymology:wikidata":null,"phone":null,"religion":null,"layer":"Bus Stops_points","path":"C:/Users/PMLS/Downloads/Hackathon work/Bus Stops_points.gpkg"},"geometry":{"type":"Point","coordinates":[-74.0782456,40.7243966]}},
{"type":"Feature","properties":{"fid":277,"id":"node/6173538514","@id":"node/6173538514","bench":null,"bin":null,"bus":"yes","construction":null,"covered":null,"description":null,"fixme":null,"gtfs:stop_id":null,"gtfs_stop_code":null,"highway":"bus_stop","level":null,"lit":null,"local_ref":null,"name":"West Side Ave At Gautier Ave","network":"NJ Transit","network:short":"NJT","network:wikidata":"Q498553","network:wikipedia":null,"note":null,"operator":null,"passenger_information_display":null,"public_transport":"platform","ref":"21165","route_ref":null,"shelter":"no","tactile_paving":null,"wheelchair":null,"asset_type":"Bus Stop","addr:city":null,"addr:housenumber":null,"addr:postcode":null,"addr:state":null,"addr:street":null,"addr:street:corner":null,"alt_name":null,"boundary":null,"ele":null,"gnis:feature_id":null,"leisure":null,"name:es":null,"opening_hours":null,"protect_class":null,"protection_title":null,"source":null,"type":null,"website":null,"wikidata":null,"wikipedia":null,"access":null,"barrier":null,"playground":null,"playground:theme":null,"survey:date":null,"place":null,"start_date":null,"surface":null,"amenity":null,"area":null,"denomination":null,"fax":null,"fence_type":null,"grades":null,"mascot":null,"name:en":null,"name:etymology:wikidata":null,"phone":null,"religion":null,"layer":"Bus Stops_points","path":"C:/Users/PMLS/Downloads/Hackathon work/Bus Stops_points.gpkg"},"geometry":{"type":"Point","coordinates":[-74.077854,40.7250903]}},
{"type":"Feature","properties":{"fid":278,"id":"node/6173538515","@id":"node/6173538515","bench":null,"bin":null,"bus":"yes","construction":null,"covered":null,"description":null,"fixme":null,"gtfs:stop_id":null,"gtfs_stop_code":null,"highway":"bus_stop","level":null,"lit":null,"local_ref":null,"name":"West Side Ave At Fairview Ave","network":"NJ Transit","network:short":"NJT","network:wikidata":"Q498553","network:wikipedia":null,"note":null,"operator":null,"passenger_information_display":null,"public_transport":"platform","ref":"21157","route_ref":null,"shelter":"no","tactile_paving":null,"wheelchair":null,"asset_type":"Bus Stop","addr:city":null,"addr:housenumber":null,"addr:postcode":null,"addr:state":null,"addr:street":null,"addr:street:corner":null,"alt_name":null,"boundary":null,"ele":null,"gnis:feature_id":null,"leisure":null,"name:es":null,"opening_hours":null,"protect_class":null,"protection_title":null,"source":null,"type":null,"website":null,"wikidata":null,"wikipedia":null,"access":null,"barrier":null,"playground":null,"playground:theme":null,"survey:date":null,"place":null,"start_date":null,"surface":null,"amenity":null,"area":null,"denomination":null,"fax":null,"fence_type":null,"grades":null,"mascot":null,"name:en":null,"name:etymology:wikidata":null,"phone":null,"religion":null,"layer":"Bus Stops_points","path":"C:/Users/PMLS/Downloads/Hackathon work/Bus Stops_points.gpkg"},"geometry":{"type":"Point","coordinates":[-74.0772912,40.7256052]}},
{"type":"Feature","properties":{"fid":279,"id":"node/6173538516","@id":"node/6173538516","bench":null,"bin":null,"bus":"yes","construction":null,"covered":null,"description":null,"fixme":null,"gtfs:stop_id":null,"gtfs_stop_code":null,"highway":"bus_stop","level":null,"lit":null,"local_ref":null,"name":"West Side Ave At Fairmount Ave","network":"NJ Transit","network:short":"NJT","network:wikidata":"Q498553","network:wikipedia":null,"note":null,"operator":null,"passenger_information_display":null,"public_transport":"platform","ref":"21164","route_ref":null,"shelter":"no","tactile_paving":null,"wheelchair":null,"asset_type":"Bus Stop","addr:city":null,"addr:housenumber":null,"addr:postcode":null,"addr:state":null,"addr:street":null,"addr:street:corner":null,"alt_name":null,"boundary":null,"ele":null,"gnis:feature_id":null,"leisure":null,"name:es":null,"opening_hours":null,"protect_class":null,"protection_title":null,"source":null,"type":null,"website":null,"wikidata":null,"wikipedia":null,"access":null,"barrier":null,"playground":null,"playground:theme":null,"survey:date":null,"place":null,"start_date":null,"surface":null,"amenity":null,"area":null,"denomination":null,"fax":null,"fence_type":null,"grades":null,"mascot":null,"name:en":null,"name:etymology:wikidata":null,"phone":null,"religion":null,"layer":"Bus Stops_points","path":"C:/Users/PMLS/Downloads/Hackathon work/Bus Stops_points.gpkg"},"geometry":{"type":"Point","coordinates":[-74.0762067,40.7274009]}},
{"type":"Feature","properties":{"fid":280,"id":"node/6173538517","@id":"node/6173538517","bench":null,"bin":null,"bus":"yes","construction":null,"covered":null,"description":null,"fixme":null,"gtfs:stop_id":null,"gtfs_stop_code":null,"highway":"bus_stop","level":null,"lit":null,"local_ref":null,"name":"West Side Ave At Fairmount Ave","network":"NJ Transit","network:short":"NJT","network:wikidata":"Q498553","network:wikipedia":null,"note":null,"operator":null,"passenger_information_display":null,"public_transport":"platform","ref":"21158","route_ref":null,"shelter":"no","tactile_paving":null,"wheelchair":null,"asset_type":"Bus Stop","addr:city":null,"addr:housenumber":null,"addr:postcode":null,"addr:state":null,"addr:street":null,"addr:street:corner":null,"alt_name":null,"boundary":null,"ele":null,"gnis:feature_id":null,"leisure":null,"name:es":null,"opening_hours":null,"protect_class":null,"protection_title":null,"source":null,"type":null,"website":null,"wikidata":null,"wikipedia":null,"access":null,"barrier":null,"playground":null,"playground:theme":null,"survey:date":null,"place":null,"start_date":null,"surface":null,"amenity":null,"area":null,"denomination":null,"fax":null,"fence_type":null,"grades":null,"mascot":null,"name:en":null,"name:etymology:wikidata":null,"phone":null,"religion":null,"layer":"Bus Stops_points","path":"C:/Users/PMLS/Downloads/Hackathon work/Bus Stops_points.gpkg"},"geometry":{"type":"Point","coordinates":[-74.0760364,40.7274239]}},
{"type":"Feature","properties":{"fid":281,"id":"node/6174037122","@id":"node/6174037122","bench":null,"bin":null,"bus":"yes","construction":null,"covered":null,"description":null,"fixme":null,"gtfs:stop_id":null,"gtfs_stop_code":null,"highway":"bus_stop","level":null,"lit":null,"local_ref":null,"name":"Communipaw Ave At West Side Ave","network":"NJ Transit","network:short":"NJT","network:wikidata":"Q498553","network:wikipedia":null,"note":null,"operator":null,"passenger_information_display":null,"public_transport":"platform","ref":"20662","route_ref":null,"shelter":"no","tactile_paving":null,"wheelchair":null,"asset_type":"Bus Stop","addr:city":null,"addr:housenumber":null,"addr:postcode":null,"addr:state":null,"addr:street":null,"addr:street:corner":null,"alt_name":null,"boundary":null,"ele":null,"gnis:feature_id":null,"leisure":null,"name:es":null,"opening_hours":null,"protect_class":null,"protection_title":null,"source":null,"type":null,"website":null,"wikidata":null,"wikipedia":null,"access":null,"barrier":null,"playground":null,"playground:theme":null,"survey:date":null,"place":null,"start_date":null,"surface":null,"amenity":null,"area":null,"denomination":null,"fax":null,"fence_type":null,"grades":null,"mascot":null,"name:en":null,"name:etymology:wikidata":null,"phone":null,"religion":null,"layer":"Bus Stops_points","path":"C:/Users/PMLS/Downloads/Hackathon work/Bus Stops_points.gpkg"},"geometry":{"type":"Point","coordinates":[-74.081751,40.7211447]}},
{"type":"Feature","properties":{"fid":282,"id":"node/6174037123","@id":"node/6174037123","bench":null,"bin":null,"bus":"yes","construction":null,"covered":null,"description":null,"fixme":null,"gtfs:stop_id":null,"gtfs_stop_code":null,"highway":"bus_stop","level":null,"lit":null,"local_ref":null,"name":"Communipaw Ave At West Side Ave","network":"NJ Transit","network:short":"NJT","network:wikidata":"Q498553","network:wikipedia":null,"note":null,"operator":null,"passenger_information_display":null,"public_transport":"platform","ref":"20650","route_ref":null,"shelter":"no","tactile_paving":null,"wheelchair":null,"asset_type":"Bus Stop","addr:city":null,"addr:housenumber":null,"addr:postcode":null,"addr:state":null,"addr:street":null,"addr:street:corner":null,"alt_name":null,"boundary":null,"ele":null,"gnis:feature_id":null,"leisure":null,"name:es":null,"opening_hours":null,"protect_class":null,"protection_title":null,"source":null,"type":null,"website":null,"wikidata":null,"wikipedia":null,"access":null,"barrier":null,"playground":null,"playground:theme":null,"survey:date":null,"place":null,"start_date":null,"surface":null,"amenity":null,"area":null,"denomination":null,"fax":null,"fence_type":null,"grades":null,"mascot":null,"name:en":null,"name:etymology:wikidata":null,"phone":null,"religion":null,"layer":"Bus Stops_points","path":"C:/Users/PMLS/Downloads/Hackathon work/Bus Stops_points.gpkg"},"geometry":{"type":"Point","coordinates":[-74.0810072,40.7206854]}},
{"type":"Feature","properties":{"fid":283,"id":"node/6174037124","@id":"node/6174037124","bench":null,"bin":null,"bus":"yes","construction":null,"covered":null,"description":null,"fixme":null,"gtfs:stop_id":null,"gtfs_stop_code":null,"highway":"bus_stop","level":null,"lit":null,"local_ref":null,"name":"Communipaw Ave At Mallory Ave","network":"NJ Transit","network:short":"NJT","network:wikidata":"Q498553","network:wikipedia":null,"note":null,"operator":null,"passenger_information_display":null,"public_transport":"platform","ref":"20649","route_ref":null,"shelter":"no","tactile_paving":null,"wheelchair":null,"asset_type":"Bus Stop","addr:city":null,"addr:housenumber":null,"addr:postcode":null,"addr:state":null,"addr:street":null,"addr:street:corner":null,"alt_name":null,"boundary":null,"ele":null,"gnis:feature_id":null,"leisure":null,"name:es":null,"opening_hours":null,"protect_class":null,"protection_title":null,"source":null,"type":null,"website":null,"wikidata":null,"wikipedia":null,"access":null,"barrier":null,"playground":null,"playground:theme":null,"survey:date":null,"place":null,"start_date":null,"surface":null,"amenity":null,"area":null,"denomination":null,"fax":null,"fence_type":null,"grades":null,"mascot":null,"name:en":null,"name:etymology:wikidata":null,"phone":null,"religion":null,"layer":"Bus Stops_points","path":"C:/Users/PMLS/Downloads/Hackathon work/Bus Stops_points.gpkg"},"geometry":{"type":"Point","coordinates":[-74.085067,40.7223288]}},
{"type":"Feature","properties":{"fid":284,"id":"node/6174037125","@id":"node/6174037125","bench":null,"bin":null,"bus":"yes","construction":null,"covered":null,"description":null,"fixme":null,"gtfs:stop_id":null,"gtfs_stop_code":null,"highway":"bus_stop","level":null,"lit":null,"local_ref":null,"name":"Communipaw Ave At Marcy Ave","network":"NJ Transit","network:short":"NJT","network:wikidata":"Q498553","network:wikipedia":null,"note":null,"operator":null,"passenger_information_display":null,"public_transport":"platform","ref":"20664","route_ref":null,"shelter":"no","tactile_paving":null,"wheelchair":null,"asset_type":"Bus Stop","addr:city":null,"addr:housenumber":null,"addr:postcode":null,"addr:state":null,"addr:street":null,"addr:street:corner":null,"alt_name":null,"boundary":null,"ele":null,"gnis:feature_id":null,"leisure":null,"name:es":null,"opening_hours":null,"protect_class":null,"protection_title":null,"source":null,"type":null,"website":null,"wikidata":null,"wikipedia":null,"access":null,"barrier":null,"playground":null,"playground:theme":null,"survey:date":null,"place":null,"start_date":null,"surface":null,"amenity":null,"area":null,"denomination":null,"fax":null,"fence_type":null,"grades":null,"mascot":null,"name:en":null,"name:etymology:wikidata":null,"phone":null,"religion":null,"layer":"Bus Stops_points","path":"C:/Users/PMLS/Downloads/Hackathon work/Bus Stops_points.gpkg"},"geometry":{"type":"Point","coordinates":[-74.0886199,40.723677]}},
{"type":"Feature","properties":{"fid":285,"id":"node/6174037126","@id":"node/6174037126","bench":null,"bin":null,"bus":"yes","construction":null,"covered":null,"description":null,"fixme":null,"gtfs:stop_id":null,"gtfs_stop_code":null,"highway":"bus_stop","level":null,"lit":null,"local_ref":null,"name":"Communipaw Ave At Marcy Ave","network":"NJ Transit","network:short":"NJT","network:wikidata":"Q498553","network:wikipedia":null,"note":null,"operator":null,"passenger_information_display":null,"public_transport":"platform","ref":"20648","route_ref":null,"shelter":"no","tactile_paving":null,"wheelchair":null,"asset_type":"Bus Stop","addr:city":null,"addr:housenumber":null,"addr:postcode":null,"addr:state":null,"addr:street":null,"addr:street:corner":null,"alt_name":null,"boundary":null,"ele":null,"gnis:feature_id":null,"leisure":null,"name:es":null,"opening_hours":null,"protect_class":null,"protection_title":null,"source":null,"type":null,"website":null,"wikidata":null,"wikipedia":null,"access":null,"barrier":null,"playground":null,"playground:theme":null,"survey:date":null,"place":null,"start_date":null,"surface":null,"amenity":null,"area":null,"denomination":null,"fax":null,"fence_type":null,"grades":null,"mascot":null,"name:en":null,"name:etymology:wikidata":null,"phone":null,"religion":null,"layer":"Bus Stops_points","path":"C:/Users/PMLS/Downloads/Hackathon work/Bus Stops_points.gpkg"},"geometry":{"type":"Point","coordinates":[-74.0894672,40.7237286]}},
{"type":"Feature","properties":{"fid":286,"id":"node/6174037127","@id":"node/6174037127","bench":null,"bin":null,"bus":"yes","construction":null,"covered":null,"description":null,"fixme":"confirm location","gtfs:stop_id":null,"gtfs_stop_code":null,"highway":"bus_stop","level":null,"lit":null,"local_ref":null,"name":"Communipaw Ave At Rt-440 #","network":"NJ Transit","network:short":"NJT","network:wikidata":"Q498553","network:wikipedia":null,"note":null,"operator":null,"passenger_information_display":null,"public_transport":"platform","ref":"21226","route_ref":null,"shelter":null,"tactile_paving":null,"wheelchair":null,"asset_type":"Bus Stop","addr:city":null,"addr:housenumber":null,"addr:postcode":null,"addr:state":null,"addr:street":null,"addr:street:corner":null,"alt_name":null,"boundary":null,"ele":null,"gnis:feature_id":null,"leisure":null,"name:es":null,"opening_hours":null,"protect_class":null,"protection_title":null,"source":null,"type":null,"website":null,"wikidata":null,"wikipedia":null,"access":null,"barrier":null,"playground":null,"playground:theme":null,"survey:date":null,"place":null,"start_date":null,"surface":null,"amenity":null,"area":null,"denomination":null,"fax":null,"fence_type":null,"grades":null,"mascot":null,"name:en":null,"name:etymology:wikidata":null,"phone":null,"religion":null,"layer":"Bus Stops_points","path":"C:/Users/PMLS/Downloads/Hackathon work/Bus Stops_points.gpkg"},"geometry":{"type":"Point","coordinates":[-74.0894989,40.7240029]}},
{"type":"Feature","properties":{"fid":287,"id":"node/6175672169","@id":"node/6175672169","bench":null,"bin":null,"bus":"yes","construction":null,"covered":null,"description":null,"fixme":null,"gtfs:stop_id":null,"gtfs_stop_code":null,"highway":"bus_stop","level":null,"lit":null,"local_ref":null,"name":"Palisade Avenue at Saint Paul's Avenue","network":"NJ Transit","network:short":null,"network:wikidata":null,"network:wikipedia":null,"note":null,"operator":"NJ Transit Bus Operations","passenger_information_display":null,"public_transport":"platform","ref":"21076","route_ref":null,"shelter":"no","tactile_paving":"no","wheelchair":null,"asset_type":"Bus Stop","addr:city":null,"addr:housenumber":null,"addr:postcode":null,"addr:state":null,"addr:street":null,"addr:street:corner":null,"alt_name":null,"boundary":null,"ele":null,"gnis:feature_id":null,"leisure":null,"name:es":null,"opening_hours":null,"protect_class":null,"protection_title":null,"source":null,"type":null,"website":null,"wikidata":null,"wikipedia":null,"access":null,"barrier":null,"playground":null,"playground:theme":null,"survey:date":null,"place":null,"start_date":null,"surface":null,"amenity":null,"area":null,"denomination":null,"fax":null,"fence_type":null,"grades":null,"mascot":null,"name:en":null,"name:etymology:wikidata":null,"phone":null,"religion":null,"layer":"Bus Stops_points","path":"C:/Users/PMLS/Downloads/Hackathon work/Bus Stops_points.gpkg"},"geometry":{"type":"Point","coordinates":[-74.0510727,40.7335799]}},
{"type":"Feature","properties":{"fid":288,"id":"node/6175672170","@id":"node/6175672170","bench":null,"bin":null,"bus":"yes","construction":null,"covered":null,"description":null,"fixme":null,"gtfs:stop_id":null,"gtfs_stop_code":null,"highway":"bus_stop","level":null,"lit":null,"local_ref":null,"name":"Palisade Avenue at Saint Paul's Avenue","network":"NJ Transit","network:short":null,"network:wikidata":null,"network:wikipedia":null,"note":null,"operator":"NJ Transit Bus Operations","passenger_information_display":null,"public_transport":"platform","ref":"21051","route_ref":null,"shelter":"no","tactile_paving":"no","wheelchair":null,"asset_type":"Bus Stop","addr:city":null,"addr:housenumber":null,"addr:postcode":null,"addr:state":null,"addr:street":null,"addr:street:corner":null,"alt_name":null,"boundary":null,"ele":null,"gnis:feature_id":null,"leisure":null,"name:es":null,"opening_hours":null,"protect_class":null,"protection_title":null,"source":null,"type":null,"website":null,"wikidata":null,"wikipedia":null,"access":null,"barrier":null,"playground":null,"playground:theme":null,"survey:date":null,"place":null,"start_date":null,"surface":null,"amenity":null,"area":null,"denomination":null,"fax":null,"fence_type":null,"grades":null,"mascot":null,"name:en":null,"name:etymology:wikidata":null,"phone":null,"religion":null,"layer":"Bus Stops_points","path":"C:/Users/PMLS/Downloads/Hackathon work/Bus Stops_points.gpkg"},"geometry":{"type":"Point","coordinates":[-74.0510459,40.733368]}},
{"type":"Feature","properties":{"fid":289,"id":"node/6175672171","@id":"node/6175672171","bench":null,"bin":null,"bus":"yes","construction":null,"covered":null,"description":null,"fixme":null,"gtfs:stop_id":null,"gtfs_stop_code":null,"highway":"bus_stop","level":null,"lit":null,"local_ref":null,"name":"Palisade Avenue at Fleet Street","network":"NJ Transit","network:short":null,"network:wikidata":null,"network:wikipedia":null,"note":null,"operator":"NJ Transit Bus Operations","passenger_information_display":null,"public_transport":"platform","ref":"21192","route_ref":null,"shelter":null,"tactile_paving":null,"wheelchair":null,"asset_type":"Bus Stop","addr:city":null,"addr:housenumber":null,"addr:postcode":null,"addr:state":null,"addr:street":null,"addr:street:corner":null,"alt_name":null,"boundary":null,"ele":null,"gnis:feature_id":null,"leisure":null,"name:es":null,"opening_hours":null,"protect_class":null,"protection_title":null,"source":null,"type":null,"website":null,"wikidata":null,"wikipedia":null,"access":null,"barrier":null,"playground":null,"playground:theme":null,"survey:date":null,"place":null,"start_date":null,"surface":null,"amenity":null,"area":null,"denomination":null,"fax":null,"fence_type":null,"grades":null,"mascot":null,"name:en":null,"name:etymology:wikidata":null,"phone":null,"religion":null,"layer":"Bus Stops_points","path":"C:/Users/PMLS/Downloads/Hackathon work/Bus Stops_points.gpkg"},"geometry":{"type":"Point","coordinates":[-74.0514915,40.7329301]}},
{"type":"Feature","properties":{"fid":290,"id":"node/6175672172","@id":"node/6175672172","bench":null,"bin":null,"bus":"yes","construction":null,"covered":null,"description":null,"fixme":null,"gtfs:stop_id":null,"gtfs_stop_code":null,"highway":"bus_stop","level":null,"lit":null,"local_ref":null,"name":"New York Avenue at Pavonia Avenue","network":"NJ Transit","network:short":null,"network:wikidata":null,"network:wikipedia":null,"note":null,"operator":"NJ Transit Bus Operations","passenger_information_display":null,"public_transport":"platform","ref":"32741","route_ref":null,"shelter":"no","tactile_paving":"no","wheelchair":"yes","asset_type":"Bus Stop","addr:city":null,"addr:housenumber":null,"addr:postcode":null,"addr:state":null,"addr:street":null,"addr:street:corner":null,"alt_name":null,"boundary":null,"ele":null,"gnis:feature_id":null,"leisure":null,"name:es":null,"opening_hours":null,"protect_class":null,"protection_title":null,"source":null,"type":null,"website":null,"wikidata":null,"wikipedia":null,"access":null,"barrier":null,"playground":null,"playground:theme":null,"survey:date":null,"place":null,"start_date":null,"surface":null,"amenity":null,"area":null,"denomination":null,"fax":null,"fence_type":null,"grades":null,"mascot":null,"name:en":null,"name:etymology:wikidata":null,"phone":null,"religion":null,"layer":"Bus Stops_points","path":"C:/Users/PMLS/Downloads/Hackathon work/Bus Stops_points.gpkg"},"geometry":{"type":"Point","coordinates":[-74.0550872,40.7292861]}},
{"type":"Feature","properties":{"fid":291,"id":"node/6175672173","@id":"node/6175672173","bench":null,"bin":null,"bus":"yes","construction":null,"covered":null,"description":null,"fixme":null,"gtfs:stop_id":null,"gtfs_stop_code":null,"highway":"bus_stop","level":null,"lit":null,"local_ref":null,"name":"Palisade Avenue at Newark Avenue","network":"NJ Transit","network:short":null,"network:wikidata":null,"network:wikipedia":null,"note":null,"operator":"NJ Transit Bus Operations","passenger_information_display":null,"public_transport":"platform","ref":"21077","route_ref":null,"shelter":null,"tactile_paving":null,"wheelchair":null,"asset_type":"Bus Stop","addr:city":null,"addr:housenumber":null,"addr:postcode":null,"addr:state":null,"addr:street":null,"addr:street:corner":null,"alt_name":null,"boundary":null,"ele":null,"gnis:feature_id":null,"leisure":null,"name:es":null,"opening_hours":null,"protect_class":null,"protection_title":null,"source":null,"type":null,"website":null,"wikidata":null,"wikipedia":null,"access":null,"barrier":null,"playground":null,"playground:theme":null,"survey:date":null,"place":null,"start_date":null,"surface":null,"amenity":null,"area":null,"denomination":null,"fax":null,"fence_type":null,"grades":null,"mascot":null,"name:en":null,"name:etymology:wikidata":null,"phone":null,"religion":null,"layer":"Bus Stops_points","path":"C:/Users/PMLS/Downloads/Hackathon work/Bus Stops_points.gpkg"},"geometry":{"type":"Point","coordinates":[-74.0536074,40.7312725]}},
{"type":"Feature","properties":{"fid":292,"id":"node/6175672174","@id":"node/6175672174","bench":null,"bin":null,"bus":"yes","construction":null,"covered":null,"description":null,"fixme":null,"gtfs:stop_id":null,"gtfs_stop_code":null,"highway":"bus_stop","level":null,"lit":null,"local_ref":null,"name":"Palisade Avenue at Newark Avenue","network":"NJ Transit","network:short":null,"network:wikidata":null,"network:wikipedia":null,"note":null,"operator":"NJ Transit Bus Operations","passenger_information_display":null,"public_transport":"platform","ref":"21078","route_ref":null,"shelter":"no","tactile_paving":"no","wheelchair":null,"asset_type":"Bus Stop","addr:city":null,"addr:housenumber":null,"addr:postcode":null,"addr:state":null,"addr:street":null,"addr:street:corner":null,"alt_name":null,"boundary":null,"ele":null,"gnis:feature_id":null,"leisure":null,"name:es":null,"opening_hours":null,"protect_class":null,"protection_title":null,"source":null,"type":null,"website":null,"wikidata":null,"wikipedia":null,"access":null,"barrier":null,"playground":null,"playground:theme":null,"survey:date":null,"place":null,"start_date":null,"surface":null,"amenity":null,"area":null,"denomination":null,"fax":null,"fence_type":null,"grades":null,"mascot":null,"name:en":null,"name:etymology:wikidata":null,"phone":null,"religion":null,"layer":"Bus Stops_points","path":"C:/Users/PMLS/Downloads/Hackathon work/Bus Stops_points.gpkg"},"geometry":{"type":"Point","coordinates":[-74.0550361,40.7301875]}},
{"type":"Feature","properties":{"fid":293,"id":"node/6175734830","@id":"node/6175734830","bench":null,"bin":null,"bus":"yes","construction":null,"covered":null,"description":null,"fixme":null,"gtfs:stop_id":null,"gtfs_stop_code":null,"highway":"bus_stop","level":null,"lit":null,"local_ref":null,"name":"Newark Avenue at McPhearson Place","network":"NJ Transit","network:short":"NJT","network:wikidata":"Q498553","network:wikipedia":"en:NJ Transit","note":null,"operator":"NJ Transit Bus Operations","passenger_information_display":null,"public_transport":"platform","ref":"304474","route_ref":null,"shelter":"no","tactile_paving":"no","wheelchair":null,"asset_type":"Bus Stop","addr:city":null,"addr:housenumber":null,"addr:postcode":null,"addr:state":null,"addr:street":null,"addr:street:corner":null,"alt_name":null,"boundary":null,"ele":null,"gnis:feature_id":null,"leisure":null,"name:es":null,"opening_hours":null,"protect_class":null,"protection_title":null,"source":null,"type":null,"website":null,"wikidata":null,"wikipedia":null,"access":null,"barrier":null,"playground":null,"playground:theme":null,"survey:date":null,"place":null,"start_date":null,"surface":null,"amenity":null,"area":null,"denomination":null,"fax":null,"fence_type":null,"grades":null,"mascot":null,"name:en":null,"name:etymology:wikidata":null,"phone":null,"religion":null,"layer":"Bus Stops_points","path":"C:/Users/PMLS/Downloads/Hackathon work/Bus Stops_points.gpkg"},"geometry":{"type":"Point","coordinates":[-74.0556121,40.7305208]}},
{"type":"Feature","properties":{"fid":294,"id":"node/6175734831","@id":"node/6175734831","bench":null,"bin":null,"bus":"yes","construction":null,"covered":null,"description":null,"fixme":null,"gtfs:stop_id":null,"gtfs_stop_code":null,"highway":"bus_stop","level":null,"lit":null,"local_ref":null,"name":"Palisade Avenue at Newark Avenue","network":"NJ Transit","network:short":null,"network:wikidata":null,"network:wikipedia":null,"note":null,"operator":"NJ Transit Bus Operations","passenger_information_display":null,"public_transport":"platform","ref":"21052","route_ref":null,"shelter":"yes","tactile_paving":"no","wheelchair":null,"asset_type":"Bus Stop","addr:city":null,"addr:housenumber":null,"addr:postcode":null,"addr:state":null,"addr:street":null,"addr:street:corner":null,"alt_name":null,"boundary":null,"ele":null,"gnis:feature_id":null,"leisure":null,"name:es":null,"opening_hours":null,"protect_class":null,"protection_title":null,"source":null,"type":null,"website":null,"wikidata":null,"wikipedia":null,"access":null,"barrier":null,"playground":null,"playground:theme":null,"survey:date":null,"place":null,"start_date":null,"surface":null,"amenity":null,"area":null,"denomination":null,"fax":null,"fence_type":null,"grades":null,"mascot":null,"name:en":null,"name:etymology:wikidata":null,"phone":null,"religion":null,"layer":"Bus Stops_points","path":"C:/Users/PMLS/Downloads/Hackathon work/Bus Stops_points.gpkg"},"geometry":{"type":"Point","coordinates":[-74.0546722,40.7302769]}},
{"type":"Feature","properties":{"fid":295,"id":"node/6175734832","@id":"node/6175734832","bench":null,"bin":null,"bus":"yes","construction":null,"covered":null,"description":null,"fixme":null,"gtfs:stop_id":null,"gtfs_stop_code":null,"highway":"bus_stop","level":null,"lit":null,"local_ref":null,"name":"Newark Avenue 350ft East of Palisade Avenue","network":"NJ Transit","network:short":null,"network:wikidata":null,"network:wikipedia":null,"note":null,"operator":"NJ Transit Bus Operations","passenger_information_display":null,"public_transport":"platform","ref":"20971","route_ref":null,"shelter":"no","tactile_paving":null,"wheelchair":"yes","asset_type":"Bus Stop","addr:city":null,"addr:housenumber":null,"addr:postcode":null,"addr:state":null,"addr:street":null,"addr:street:corner":null,"alt_name":null,"boundary":null,"ele":null,"gnis:feature_id":null,"leisure":null,"name:es":null,"opening_hours":null,"protect_class":null,"protection_title":null,"source":null,"type":null,"website":null,"wikidata":null,"wikipedia":null,"access":null,"barrier":null,"playground":null,"playground:theme":null,"survey:date":null,"place":null,"start_date":null,"surface":null,"amenity":null,"area":null,"denomination":null,"fax":null,"fence_type":null,"grades":null,"mascot":null,"name:en":null,"name:etymology:wikidata":null,"phone":null,"religion":null,"layer":"Bus Stops_points","path":"C:/Users/PMLS/Downloads/Hackathon work/Bus Stops_points.gpkg"},"geometry":{"type":"Point","coordinates":[-74.0548754,40.7291729]}},
{"type":"Feature","properties":{"fid":296,"id":"node/6175734833","@id":"node/6175734833","bench":null,"bin":null,"bus":"yes","construction":null,"covered":null,"description":null,"fixme":null,"gtfs:stop_id":null,"gtfs_stop_code":null,"highway":"bus_stop","level":null,"lit":null,"local_ref":null,"name":"Newark Avenue at Baldwin Avenue","network":"NJ Transit","network:short":null,"network:wikidata":null,"network:wikipedia":null,"note":null,"operator":"NJ Transit Bus Operations","passenger_information_display":null,"public_transport":"platform","ref":"20972","route_ref":null,"shelter":null,"tactile_paving":null,"wheelchair":null,"asset_type":"Bus Stop","addr:city":null,"addr:housenumber":null,"addr:postcode":null,"addr:state":null,"addr:street":null,"addr:street:corner":null,"alt_name":null,"boundary":null,"ele":null,"gnis:feature_id":null,"leisure":null,"name:es":null,"opening_hours":null,"protect_class":null,"protection_title":null,"source":null,"type":null,"website":null,"wikidata":null,"wikipedia":null,"access":null,"barrier":null,"playground":null,"playground:theme":null,"survey:date":null,"place":null,"start_date":null,"surface":null,"amenity":null,"area":null,"denomination":null,"fax":null,"fence_type":null,"grades":null,"mascot":null,"name:en":null,"name:etymology:wikidata":null,"phone":null,"religion":null,"layer":"Bus Stops_points","path":"C:/Users/PMLS/Downloads/Hackathon work/Bus Stops_points.gpkg"},"geometry":{"type":"Point","coordinates":[-74.0568084,40.7319394]}},
{"type":"Feature","properties":{"fid":297,"id":"node/6175734834","@id":"node/6175734834","bench":null,"bin":null,"bus":"yes","construction":null,"covered":null,"description":null,"fixme":null,"gtfs:stop_id":null,"gtfs_stop_code":null,"highway":"bus_stop","level":null,"lit":null,"local_ref":null,"name":"Summit Avenue at Pvonia Avenue","network":"NJ Transit","network:short":"NJT","network:wikidata":"Q498553","network:wikipedia":null,"note":null,"operator":"NJ Transit Bus Operations","passenger_information_display":null,"public_transport":"platform","ref":"21124","route_ref":null,"shelter":"no","tactile_paving":"no","wheelchair":"limited","asset_type":"Bus Stop","addr:city":null,"addr:housenumber":null,"addr:postcode":null,"addr:state":null,"addr:street":null,"addr:street:corner":null,"alt_name":null,"boundary":null,"ele":null,"gnis:feature_id":null,"leisure":null,"name:es":null,"opening_hours":null,"protect_class":null,"protection_title":null,"source":null,"type":null,"website":null,"wikidata":null,"wikipedia":null,"access":null,"barrier":null,"playground":null,"playground:theme":null,"survey:date":null,"place":null,"start_date":null,"surface":null,"amenity":null,"area":null,"denomination":null,"fax":null,"fence_type":null,"grades":null,"mascot":null,"name:en":null,"name:etymology:wikidata":null,"phone":null,"religion":null,"layer":"Bus Stops_points","path":"C:/Users/PMLS/Downloads/Hackathon work/Bus Stops_points.gpkg"},"geometry":{"type":"Point","coordinates":[-74.0596357,40.7327881]}},
{"type":"Feature","properties":{"fid":298,"id":"node/6175734835","@id":"node/6175734835","bench":"yes","bin":"yes","bus":"yes","construction":null,"covered":null,"description":null,"fixme":null,"gtfs:stop_id":null,"gtfs_stop_code":null,"highway":"bus_stop","level":null,"lit":"yes","local_ref":null,"name":"Central Avenue at Pavonia Avenue","network":"NJ Transit","network:short":"NJT","network:wikidata":"Q498553","network:wikipedia":null,"note":null,"operator":"NJ Transit Bus Operations","passenger_information_display":null,"public_transport":"platform","ref":"30441","route_ref":null,"shelter":"no","tactile_paving":"no","wheelchair":"limited","asset_type":"Bus Stop","addr:city":null,"addr:housenumber":null,"addr:postcode":null,"addr:state":null,"addr:street":null,"addr:street:corner":null,"alt_name":null,"boundary":null,"ele":null,"gnis:feature_id":null,"leisure":null,"name:es":null,"opening_hours":null,"protect_class":null,"protection_title":null,"source":null,"type":null,"website":null,"wikidata":null,"wikipedia":null,"access":null,"barrier":null,"playground":null,"playground:theme":null,"survey:date":null,"place":null,"start_date":null,"surface":null,"amenity":null,"area":null,"denomination":null,"fax":null,"fence_type":null,"grades":null,"mascot":null,"name:en":null,"name:etymology:wikidata":null,"phone":null,"religion":null,"layer":"Bus Stops_points","path":"C:/Users/PMLS/Downloads/Hackathon work/Bus Stops_points.gpkg"},"geometry":{"type":"Point","coordinates":[-74.0592628,40.7326732]}},
{"type":"Feature","properties":{"fid":299,"id":"node/6175734836","@id":"node/6175734836","bench":null,"bin":null,"bus":"yes","construction":"yes","covered":null,"description":"Plotforms C3","fixme":null,"gtfs:stop_id":"2916","gtfs_stop_code":"20883","highway":"bus_stop","level":"0","lit":null,"local_ref":"C3","name":"Journal Square Transportation Center","network":"NJ Transit","network:short":"NJT","network:wikidata":"Q498553","network:wikipedia":null,"note":null,"operator":"Port Authority of New York and New Jersey","passenger_information_display":null,"public_transport":"platform","ref":"20883","route_ref":"1;2;6;64;67;80;83;84;88;125;319;AC30","shelter":null,"tactile_paving":null,"wheelchair":null,"asset_type":"Bus Stop","addr:city":null,"addr:housenumber":null,"addr:postcode":null,"addr:state":null,"addr:street":null,"addr:street:corner":null,"alt_name":null,"boundary":null,"ele":null,"gnis:feature_id":null,"leisure":null,"name:es":null,"opening_hours":null,"protect_class":null,"protection_title":null,"source":null,"type":null,"website":null,"wikidata":null,"wikipedia":null,"access":null,"barrier":null,"playground":null,"playground:theme":null,"survey:date":null,"place":null,"start_date":null,"surface":null,"amenity":null,"area":null,"denomination":null,"fax":null,"fence_type":null,"grades":null,"mascot":null,"name:en":null,"name:etymology:wikidata":null,"phone":null,"religion":null,"layer":"Bus Stops_points","path":"C:/Users/PMLS/Downloads/Hackathon work/Bus Stops_points.gpkg"},"geometry":{"type":"Point","coordinates":[-74.0620594,40.7318651]}},
{"type":"Feature","properties":{"fid":300,"id":"node/6175818520","@id":"node/6175818520","bench":null,"bin":null,"bus":"yes","construction":null,"covered":null,"description":null,"fixme":null,"gtfs:stop_id":null,"gtfs_stop_code":null,"highway":"bus_stop","level":null,"lit":null,"local_ref":null,"name":"Florence St 97' E Of Cornelison Ave","network":"NJ Transit","network:short":"NJT","network:wikidata":"Q498553","network:wikipedia":null,"note":null,"operator":"NJ Transit","passenger_information_display":null,"public_transport":"platform","ref":"30121","route_ref":null,"shelter":null,"tactile_paving":null,"wheelchair":null,"asset_type":"Bus Stop","addr:city":null,"addr:housenumber":null,"addr:postcode":null,"addr:state":null,"addr:street":null,"addr:street:corner":null,"alt_name":null,"boundary":null,"ele":null,"gnis:feature_id":null,"leisure":null,"name:es":null,"opening_hours":null,"protect_class":null,"protection_title":null,"source":null,"type":null,"website":null,"wikidata":null,"wikipedia":null,"access":null,"barrier":null,"playground":null,"playground:theme":null,"survey:date":null,"place":null,"start_date":null,"surface":null,"amenity":null,"area":null,"denomination":null,"fax":null,"fence_type":null,"grades":null,"mascot":null,"name:en":null,"name:etymology:wikidata":null,"phone":null,"religion":null,"layer":"Bus Stops_points","path":"C:/Users/PMLS/Downloads/Hackathon work/Bus Stops_points.gpkg"},"geometry":{"type":"Point","coordinates":[-74.0604846,40.7231903]}},
{"type":"Feature","properties":{"fid":301,"id":"node/6175818521","@id":"node/6175818521","bench":null,"bin":null,"bus":"yes","construction":null,"covered":null,"description":null,"fixme":null,"gtfs:stop_id":null,"gtfs_stop_code":null,"highway":"bus_stop","level":null,"lit":null,"local_ref":null,"name":"Florence St 242' E Of Cornelison Ave","network":"NJ Transit","network:short":"NJT","network:wikidata":"Q498553","network:wikipedia":null,"note":null,"operator":"NJ Transit","passenger_information_display":null,"public_transport":"platform","ref":"30120","route_ref":null,"shelter":null,"tactile_paving":null,"wheelchair":null,"asset_type":"Bus Stop","addr:city":null,"addr:housenumber":null,"addr:postcode":null,"addr:state":null,"addr:street":null,"addr:street:corner":null,"alt_name":null,"boundary":null,"ele":null,"gnis:feature_id":null,"leisure":null,"name:es":null,"opening_hours":null,"protect_class":null,"protection_title":null,"source":null,"type":null,"website":null,"wikidata":null,"wikipedia":null,"access":null,"barrier":null,"playground":null,"playground:theme":null,"survey:date":null,"place":null,"start_date":null,"surface":null,"amenity":null,"area":null,"denomination":null,"fax":null,"fence_type":null,"grades":null,"mascot":null,"name:en":null,"name:etymology:wikidata":null,"phone":null,"religion":null,"layer":"Bus Stops_points","path":"C:/Users/PMLS/Downloads/Hackathon work/Bus Stops_points.gpkg"},"geometry":{"type":"Point","coordinates":[-74.0601356,40.7231558]}},
{"type":"Feature","properties":{"fid":302,"id":"node/6175818522","@id":"node/6175818522","bench":null,"bin":null,"bus":"yes","construction":null,"covered":null,"description":null,"fixme":null,"gtfs:stop_id":null,"gtfs_stop_code":null,"highway":"bus_stop","level":null,"lit":null,"local_ref":null,"name":"Cornelison Ave At Wayne St","network":"NJ Transit","network:short":"NJT","network:wikidata":"Q498553","network:wikipedia":null,"note":null,"operator":"NJ Transit","passenger_information_display":null,"public_transport":"platform","ref":"30123","route_ref":null,"shelter":null,"tactile_paving":null,"wheelchair":null,"asset_type":"Bus Stop","addr:city":null,"addr:housenumber":null,"addr:postcode":null,"addr:state":null,"addr:street":null,"addr:street:corner":null,"alt_name":null,"boundary":null,"ele":null,"gnis:feature_id":null,"leisure":null,"name:es":null,"opening_hours":null,"protect_class":null,"protection_title":null,"source":null,"type":null,"website":null,"wikidata":null,"wikipedia":null,"access":null,"barrier":null,"playground":null,"playground:theme":null,"survey:date":null,"place":null,"start_date":null,"surface":null,"amenity":null,"area":null,"denomination":null,"fax":null,"fence_type":null,"grades":null,"mascot":null,"name:en":null,"name:etymology:wikidata":null,"phone":null,"religion":null,"layer":"Bus Stops_points","path":"C:/Users/PMLS/Downloads/Hackathon work/Bus Stops_points.gpkg"},"geometry":{"type":"Point","coordinates":[-74.0609435,40.7238123]}},
{"type":"Feature","properties":{"fid":303,"id":"node/6175818523","@id":"node/6175818523","bench":null,"bin":null,"bus":"yes","construction":null,"covered":null,"description":null,"fixme":null,"gtfs:stop_id":null,"gtfs_stop_code":null,"highway":"bus_stop","level":null,"lit":null,"local_ref":null,"name":"Cornelison Ave At Wayne St","network":"NJ Transit","network:short":"NJT","network:wikidata":"Q498553","network:wikipedia":null,"note":null,"operator":"NJ Transit","passenger_information_display":null,"public_transport":"platform","ref":"30122","route_ref":null,"shelter":null,"tactile_paving":null,"wheelchair":null,"asset_type":"Bus Stop","addr:city":null,"addr:housenumber":null,"addr:postcode":null,"addr:state":null,"addr:street":null,"addr:street:corner":null,"alt_name":null,"boundary":null,"ele":null,"gnis:feature_id":null,"leisure":null,"name:es":null,"opening_hours":null,"protect_class":null,"protection_title":null,"source":null,"type":null,"website":null,"wikidata":null,"wikipedia":null,"access":null,"barrier":null,"playground":null,"playground:theme":null,"survey:date":null,"place":null,"start_date":null,"surface":null,"amenity":null,"area":null,"denomination":null,"fax":null,"fence_type":null,"grades":null,"mascot":null,"name:en":null,"name:etymology:wikidata":null,"phone":null,"religion":null,"layer":"Bus Stops_points","path":"C:/Users/PMLS/Downloads/Hackathon work/Bus Stops_points.gpkg"},"geometry":{"type":"Point","coordinates":[-74.0605378,40.7239962]}},
{"type":"Feature","properties":{"fid":304,"id":"node/6175818524","@id":"node/6175818524","bench":null,"bin":null,"bus":"yes","construction":null,"covered":null,"description":null,"fixme":null,"gtfs:stop_id":null,"gtfs_stop_code":null,"highway":"bus_stop","level":null,"lit":null,"local_ref":null,"name":"Montgomery St At Mill Rd","network":"NJ Transit","network:short":"NJT","network:wikidata":"Q498553","network:wikipedia":null,"note":null,"operator":"NJ Transit","passenger_information_display":null,"public_transport":"platform","ref":"20900","route_ref":null,"shelter":"yes","tactile_paving":null,"wheelchair":null,"asset_type":"Bus Stop","addr:city":null,"addr:housenumber":null,"addr:postcode":null,"addr:state":null,"addr:street":null,"addr:street:corner":null,"alt_name":null,"boundary":null,"ele":null,"gnis:feature_id":null,"leisure":null,"name:es":null,"opening_hours":null,"protect_class":null,"protection_title":null,"source":null,"type":null,"website":null,"wikidata":null,"wikipedia":null,"access":null,"barrier":null,"playground":null,"playground:theme":null,"survey:date":null,"place":null,"start_date":null,"surface":null,"amenity":null,"area":null,"denomination":null,"fax":null,"fence_type":null,"grades":null,"mascot":null,"name:en":null,"name:etymology:wikidata":null,"phone":null,"religion":null,"layer":"Bus Stops_points","path":"C:/Users/PMLS/Downloads/Hackathon work/Bus Stops_points.gpkg"},"geometry":{"type":"Point","coordinates":[-74.0624258,40.7231245]}},
{"type":"Feature","properties":{"fid":305,"id":"node/6175818525","@id":"node/6175818525","bench":null,"bin":null,"bus":"yes","construction":null,"covered":null,"description":null,"fixme":null,"gtfs:stop_id":null,"gtfs_stop_code":null,"highway":"bus_stop","level":null,"lit":null,"local_ref":null,"name":"Montgomery St At Mill Rd","network":"NJ Transit","network:short":"NJT","network:wikidata":"Q498553","network:wikipedia":null,"note":null,"operator":"NJ Transit","passenger_information_display":null,"public_transport":"platform","ref":"20926","route_ref":null,"shelter":null,"tactile_paving":null,"wheelchair":null,"asset_type":"Bus Stop","addr:city":null,"addr:housenumber":null,"addr:postcode":null,"addr:state":null,"addr:street":null,"addr:street:corner":null,"alt_name":null,"boundary":null,"ele":null,"gnis:feature_id":null,"leisure":null,"name:es":null,"opening_hours":null,"protect_class":null,"protection_title":null,"source":null,"type":null,"website":null,"wikidata":null,"wikipedia":null,"access":null,"barrier":null,"playground":null,"playground:theme":null,"survey:date":null,"place":null,"start_date":null,"surface":null,"amenity":null,"area":null,"denomination":null,"fax":null,"fence_type":null,"grades":null,"mascot":null,"name:en":null,"name:etymology:wikidata":null,"phone":null,"religion":null,"layer":"Bus Stops_points","path":"C:/Users/PMLS/Downloads/Hackathon work/Bus Stops_points.gpkg"},"geometry":{"type":"Point","coordinates":[-74.0623797,40.7233175]}},
{"type":"Feature","properties":{"fid":306,"id":"node/6175818526","@id":"node/6175818526","bench":null,"bin":null,"bus":"yes","construction":null,"covered":null,"description":null,"fixme":null,"gtfs:stop_id":null,"gtfs_stop_code":null,"highway":"bus_stop","level":null,"lit":null,"local_ref":null,"name":"Mill Rd At Academy St","network":"NJ Transit","network:short":"NJT","network:wikidata":"Q498553","network:wikipedia":null,"note":null,"operator":"NJ Transit","passenger_information_display":null,"public_transport":"platform","ref":"30127","route_ref":null,"shelter":null,"tactile_paving":null,"wheelchair":null,"asset_type":"Bus Stop","addr:city":null,"addr:housenumber":null,"addr:postcode":null,"addr:state":null,"addr:street":null,"addr:street:corner":null,"alt_name":null,"boundary":null,"ele":null,"gnis:feature_id":null,"leisure":null,"name:es":null,"opening_hours":null,"protect_class":null,"protection_title":null,"source":null,"type":null,"website":null,"wikidata":null,"wikipedia":null,"access":null,"barrier":null,"playground":null,"playground:theme":null,"survey:date":null,"place":null,"start_date":null,"surface":null,"amenity":null,"area":null,"denomination":null,"fax":null,"fence_type":null,"grades":null,"mascot":null,"name:en":null,"name:etymology:wikidata":null,"phone":null,"religion":null,"layer":"Bus Stops_points","path":"C:/Users/PMLS/Downloads/Hackathon work/Bus Stops_points.gpkg"},"geometry":{"type":"Point","coordinates":[-74.061305,40.7255883]}},
{"type":"Feature","properties":{"fid":307,"id":"node/6175818527","@id":"node/6175818527","bench":null,"bin":null,"bus":"yes","construction":null,"covered":null,"description":null,"fixme":null,"gtfs:stop_id":null,"gtfs_stop_code":null,"highway":"bus_stop","level":null,"lit":null,"local_ref":null,"name":"Mill Rd At Academy St","network":"NJ Transit","network:short":"NJT","network:wikidata":"Q498553","network:wikipedia":null,"note":null,"operator":"NJ Transit","passenger_information_display":null,"public_transport":"platform","ref":"30126","route_ref":null,"shelter":null,"tactile_paving":null,"wheelchair":null,"asset_type":"Bus Stop","addr:city":null,"addr:housenumber":null,"addr:postcode":null,"addr:state":null,"addr:street":null,"addr:street:corner":null,"alt_name":null,"boundary":null,"ele":null,"gnis:feature_id":null,"leisure":null,"name:es":null,"opening_hours":null,"protect_class":null,"protection_title":null,"source":null,"type":null,"website":null,"wikidata":null,"wikipedia":null,"access":null,"barrier":null,"playground":null,"playground:theme":null,"survey:date":null,"place":null,"start_date":null,"surface":null,"amenity":null,"area":null,"denomination":null,"fax":null,"fence_type":null,"grades":null,"mascot":null,"name:en":null,"name:etymology:wikidata":null,"phone":null,"religion":null,"layer":"Bus Stops_points","path":"C:/Users/PMLS/Downloads/Hackathon work/Bus Stops_points.gpkg"},"geometry":{"type":"Point","coordinates":[-74.0612041,40.7249901]}},
{"type":"Feature","properties":{"fid":308,"id":"node/6175818528","@id":"node/6175818528","bench":null,"bin":null,"bus":"yes","construction":null,"covered":null,"description":null,"fixme":null,"gtfs:stop_id":null,"gtfs_stop_code":null,"highway":"bus_stop","level":null,"lit":null,"local_ref":null,"name":"Academy St At Baldwin Ave","network":"NJ Transit","network:short":"NJT","network:wikidata":"Q498553","network:wikipedia":null,"note":null,"operator":"NJ Transit","passenger_information_display":null,"public_transport":"platform","ref":"30128","route_ref":null,"shelter":null,"tactile_paving":null,"wheelchair":null,"asset_type":"Bus Stop","addr:city":null,"addr:housenumber":null,"addr:postcode":null,"addr:state":null,"addr:street":null,"addr:street:corner":null,"alt_name":null,"boundary":null,"ele":null,"gnis:feature_id":null,"leisure":null,"name:es":null,"opening_hours":null,"protect_class":null,"protection_title":null,"source":null,"type":null,"website":null,"wikidata":null,"wikipedia":null,"access":null,"barrier":null,"playground":null,"playground:theme":null,"survey:date":null,"place":null,"start_date":null,"surface":null,"amenity":null,"area":null,"denomination":null,"fax":null,"fence_type":null,"grades":null,"mascot":null,"name:en":null,"name:etymology:wikidata":null,"phone":null,"religion":null,"layer":"Bus Stops_points","path":"C:/Users/PMLS/Downloads/Hackathon work/Bus Stops_points.gpkg"},"geometry":{"type":"Point","coordinates":[-74.0621537,40.7266508]}},
{"type":"Feature","properties":{"fid":309,"id":"node/6175818529","@id":"node/6175818529","bench":null,"bin":null,"bus":"yes","construction":null,"covered":null,"description":null,"fixme":null,"gtfs:stop_id":null,"gtfs_stop_code":null,"highway":"bus_stop","level":null,"lit":null,"local_ref":null,"name":"Bergen Ave 70'N Of Montgomery St","network":"NJ Transit","network:short":"NJT","network:wikidata":"Q498553","network:wikipedia":null,"note":null,"operator":"NJ Transit","passenger_information_display":null,"public_transport":"platform","ref":"20574","route_ref":null,"shelter":null,"tactile_paving":null,"wheelchair":null,"asset_type":"Bus Stop","addr:city":null,"addr:housenumber":null,"addr:postcode":null,"addr:state":null,"addr:street":null,"addr:street:corner":null,"alt_name":null,"boundary":null,"ele":null,"gnis:feature_id":null,"leisure":null,"name:es":null,"opening_hours":null,"protect_class":null,"protection_title":null,"source":null,"type":null,"website":null,"wikidata":null,"wikipedia":null,"access":null,"barrier":null,"playground":null,"playground:theme":null,"survey:date":null,"place":null,"start_date":null,"surface":null,"amenity":null,"area":null,"denomination":null,"fax":null,"fence_type":null,"grades":null,"mascot":null,"name:en":null,"name:etymology:wikidata":null,"phone":null,"religion":null,"layer":"Bus Stops_points","path":"C:/Users/PMLS/Downloads/Hackathon work/Bus Stops_points.gpkg"},"geometry":{"type":"Point","coordinates":[-74.0676703,40.7255705]}},
{"type":"Feature","properties":{"fid":310,"id":"node/6175818530","@id":"node/6175818530","bench":null,"bin":null,"bus":"yes","construction":null,"covered":null,"description":null,"fixme":null,"gtfs:stop_id":null,"gtfs_stop_code":null,"highway":"bus_stop","level":null,"lit":null,"local_ref":null,"name":"Bergen Ave 115'S Of Glenwood Ave","network":"NJ Transit","network:short":"NJT","network:wikidata":"Q498553","network:wikipedia":null,"note":null,"operator":"NJ Transit","passenger_information_display":null,"public_transport":"platform","ref":"20583","route_ref":null,"shelter":null,"tactile_paving":null,"wheelchair":null,"asset_type":"Bus Stop","addr:city":null,"addr:housenumber":null,"addr:postcode":null,"addr:state":null,"addr:street":null,"addr:street:corner":null,"alt_name":null,"boundary":null,"ele":null,"gnis:feature_id":null,"leisure":null,"name:es":null,"opening_hours":null,"protect_class":null,"protection_title":null,"source":null,"type":null,"website":null,"wikidata":null,"wikipedia":null,"access":null,"barrier":null,"playground":null,"playground:theme":null,"survey:date":null,"place":null,"start_date":null,"surface":null,"amenity":null,"area":null,"denomination":null,"fax":null,"fence_type":null,"grades":null,"mascot":null,"name:en":null,"name:etymology:wikidata":null,"phone":null,"religion":null,"layer":"Bus Stops_points","path":"C:/Users/PMLS/Downloads/Hackathon work/Bus Stops_points.gpkg"},"geometry":{"type":"Point","coordinates":[-74.067867,40.7257956]}},
{"type":"Feature","properties":{"fid":311,"id":"node/6175818531","@id":"node/6175818531","bench":null,"bin":null,"bus":"yes","construction":null,"covered":null,"description":null,"fixme":null,"gtfs:stop_id":null,"gtfs_stop_code":null,"highway":"bus_stop","level":null,"lit":null,"local_ref":null,"name":"Bergen Ave At Mercer St","network":"NJ Transit","network:short":"NJT","network:wikidata":"Q498553","network:wikipedia":null,"note":null,"operator":"NJ Transit","passenger_information_display":null,"public_transport":"platform","ref":"20575","route_ref":null,"shelter":null,"tactile_paving":null,"wheelchair":null,"asset_type":"Bus Stop","addr:city":null,"addr:housenumber":null,"addr:postcode":null,"addr:state":null,"addr:street":null,"addr:street:corner":null,"alt_name":null,"boundary":null,"ele":null,"gnis:feature_id":null,"leisure":null,"name:es":null,"opening_hours":null,"protect_class":null,"protection_title":null,"source":null,"type":null,"website":null,"wikidata":null,"wikipedia":null,"access":null,"barrier":null,"playground":null,"playground:theme":null,"survey:date":null,"place":null,"start_date":null,"surface":null,"amenity":null,"area":null,"denomination":null,"fax":null,"fence_type":null,"grades":null,"mascot":null,"name:en":null,"name:etymology:wikidata":null,"phone":null,"religion":null,"layer":"Bus Stops_points","path":"C:/Users/PMLS/Downloads/Hackathon work/Bus Stops_points.gpkg"},"geometry":{"type":"Point","coordinates":[-74.0672758,40.7267353]}},
{"type":"Feature","properties":{"fid":312,"id":"node/6175818532","@id":"node/6175818532","bench":null,"bin":null,"bus":"yes","construction":null,"covered":null,"description":null,"fixme":null,"gtfs:stop_id":null,"gtfs_stop_code":null,"highway":"bus_stop","level":null,"lit":null,"local_ref":null,"name":"Bergen Ave At Highland Ave","network":"NJ Transit","network:short":"NJT","network:wikidata":"Q498553","network:wikipedia":null,"note":null,"operator":"NJ Transit Bus Operations","passenger_information_display":null,"public_transport":"platform","ref":"20582","route_ref":null,"shelter":null,"tactile_paving":null,"wheelchair":null,"asset_type":"Bus Stop","addr:city":null,"addr:housenumber":null,"addr:postcode":null,"addr:state":null,"addr:street":null,"addr:street:corner":null,"alt_name":null,"boundary":null,"ele":null,"gnis:feature_id":null,"leisure":null,"name:es":null,"opening_hours":null,"protect_class":null,"protection_title":null,"source":null,"type":null,"website":null,"wikidata":null,"wikipedia":null,"access":null,"barrier":null,"playground":null,"playground:theme":null,"survey:date":null,"place":null,"start_date":null,"surface":null,"amenity":null,"area":null,"denomination":null,"fax":null,"fence_type":null,"grades":null,"mascot":null,"name:en":null,"name:etymology:wikidata":null,"phone":null,"religion":null,"layer":"Bus Stops_points","path":"C:/Users/PMLS/Downloads/Hackathon work/Bus Stops_points.gpkg"},"geometry":{"type":"Point","coordinates":[-74.0673089,40.7273298]}},
{"type":"Feature","properties":{"fid":313,"id":"node/6175818534","@id":"node/6175818534","bench":null,"bin":null,"bus":"yes","construction":null,"covered":null,"description":null,"fixme":null,"gtfs:stop_id":null,"gtfs_stop_code":null,"highway":"bus_stop","level":null,"lit":null,"local_ref":null,"name":"Bergen Ave At Vroom St","network":"NJ Transit","network:short":"NJT","network:wikidata":"Q498553","network:wikipedia":null,"note":null,"operator":"NJ Transit","passenger_information_display":null,"public_transport":"platform","ref":"20581","route_ref":null,"shelter":null,"tactile_paving":null,"wheelchair":null,"asset_type":"Bus Stop","addr:city":null,"addr:housenumber":null,"addr:postcode":null,"addr:state":null,"addr:street":null,"addr:street:corner":null,"alt_name":null,"boundary":null,"ele":null,"gnis:feature_id":null,"leisure":null,"name:es":null,"opening_hours":null,"protect_class":null,"protection_title":null,"source":null,"type":null,"website":null,"wikidata":null,"wikipedia":null,"access":null,"barrier":null,"playground":null,"playground:theme":null,"survey:date":null,"place":null,"start_date":null,"surface":null,"amenity":null,"area":null,"denomination":null,"fax":null,"fence_type":null,"grades":null,"mascot":null,"name:en":null,"name:etymology:wikidata":null,"phone":null,"religion":null,"layer":"Bus Stops_points","path":"C:/Users/PMLS/Downloads/Hackathon work/Bus Stops_points.gpkg"},"geometry":{"type":"Point","coordinates":[-74.0669431,40.7286553]}},
{"type":"Feature","properties":{"fid":314,"id":"node/6175818535","@id":"node/6175818535","bench":null,"bin":null,"bus":"yes","construction":null,"covered":null,"description":null,"fixme":"confirm location","gtfs:stop_id":null,"gtfs_stop_code":null,"highway":"bus_stop","level":null,"lit":null,"local_ref":null,"name":"Bergen Ave At Academy St","network":"NJ Transit","network:short":"NJT","network:wikidata":"Q498553","network:wikipedia":null,"note":null,"operator":"NJ Transit","passenger_information_display":null,"public_transport":"platform","ref":"20578","route_ref":null,"shelter":null,"tactile_paving":null,"wheelchair":null,"asset_type":"Bus Stop","addr:city":null,"addr:housenumber":null,"addr:postcode":null,"addr:state":null,"addr:street":null,"addr:street:corner":null,"alt_name":null,"boundary":null,"ele":null,"gnis:feature_id":null,"leisure":null,"name:es":null,"opening_hours":null,"protect_class":null,"protection_title":null,"source":null,"type":null,"website":null,"wikidata":null,"wikipedia":null,"access":null,"barrier":null,"playground":null,"playground:theme":null,"survey:date":null,"place":null,"start_date":null,"surface":null,"amenity":null,"area":null,"denomination":null,"fax":null,"fence_type":null,"grades":null,"mascot":null,"name:en":null,"name:etymology:wikidata":null,"phone":null,"religion":null,"layer":"Bus Stops_points","path":"C:/Users/PMLS/Downloads/Hackathon work/Bus Stops_points.gpkg"},"geometry":{"type":"Point","coordinates":[-74.0659543,40.7292308]}},
{"type":"Feature","properties":{"fid":315,"id":"node/6175818536","@id":"node/6175818536","bench":null,"bin":null,"bus":"yes","construction":null,"covered":null,"description":null,"fixme":"confirm location","gtfs:stop_id":null,"gtfs_stop_code":null,"highway":"bus_stop","level":null,"lit":null,"local_ref":null,"name":"Bergen Ave At Academy St","network":"NJ Transit","network:short":"NJT","network:wikidata":"Q498553","network:wikipedia":null,"note":null,"operator":"NJ Transit","passenger_information_display":null,"public_transport":"platform","ref":"32216","route_ref":null,"shelter":"yes","tactile_paving":null,"wheelchair":null,"asset_type":"Bus Stop","addr:city":null,"addr:housenumber":null,"addr:postcode":null,"addr:state":null,"addr:street":null,"addr:street:corner":null,"alt_name":null,"boundary":null,"ele":null,"gnis:feature_id":null,"leisure":null,"name:es":null,"opening_hours":null,"protect_class":null,"protection_title":null,"source":null,"type":null,"website":null,"wikidata":null,"wikipedia":null,"access":null,"barrier":null,"playground":null,"playground:theme":null,"survey:date":null,"place":null,"start_date":null,"surface":null,"amenity":null,"area":null,"denomination":null,"fax":null,"fence_type":null,"grades":null,"mascot":null,"name:en":null,"name:etymology:wikidata":null,"phone":null,"religion":null,"layer":"Bus Stops_points","path":"C:/Users/PMLS/Downloads/Hackathon work/Bus Stops_points.gpkg"},"geometry":{"type":"Point","coordinates":[-74.0658949,40.7296048]}},
{"type":"Feature","properties":{"fid":316,"id":"node/6175818537","@id":"node/6175818537","bench":null,"bin":null,"bus":"yes","construction":null,"covered":null,"description":null,"fixme":null,"gtfs:stop_id":null,"gtfs_stop_code":null,"highway":"bus_stop","level":null,"lit":null,"local_ref":null,"name":"Bergen Ave At Newkirk St","network":"NJ Transit","network:short":"NJT","network:wikidata":"Q498553","network:wikipedia":null,"note":null,"operator":"NJ Transit","passenger_information_display":null,"public_transport":"platform","ref":"20577","route_ref":null,"shelter":null,"tactile_paving":null,"wheelchair":null,"asset_type":"Bus Stop","addr:city":null,"addr:housenumber":null,"addr:postcode":null,"addr:state":null,"addr:street":null,"addr:street:corner":null,"alt_name":null,"boundary":null,"ele":null,"gnis:feature_id":null,"leisure":null,"name:es":null,"opening_hours":null,"protect_class":null,"protection_title":null,"source":null,"type":null,"website":null,"wikidata":null,"wikipedia":null,"access":null,"barrier":null,"playground":null,"playground:theme":null,"survey:date":null,"place":null,"start_date":null,"surface":null,"amenity":null,"area":null,"denomination":null,"fax":null,"fence_type":null,"grades":null,"mascot":null,"name:en":null,"name:etymology:wikidata":null,"phone":null,"religion":null,"layer":"Bus Stops_points","path":"C:/Users/PMLS/Downloads/Hackathon work/Bus Stops_points.gpkg"},"geometry":{"type":"Point","coordinates":[-74.0649706,40.7301372]}},
{"type":"Feature","properties":{"fid":317,"id":"node/6175818538","@id":"node/6175818538","bench":null,"bin":null,"bus":"yes","construction":null,"covered":null,"description":null,"fixme":null,"gtfs:stop_id":null,"gtfs_stop_code":null,"highway":"bus_stop","level":null,"lit":null,"local_ref":null,"name":"Montgomery Street At Boland Street","network":"NJ Transit","network:short":"NJT","network:wikidata":"Q498553","network:wikipedia":null,"note":null,"operator":"NJ Transit","passenger_information_display":null,"public_transport":"platform","ref":"20928","route_ref":null,"shelter":"no","tactile_paving":null,"wheelchair":null,"asset_type":"Bus Stop","addr:city":null,"addr:housenumber":null,"addr:postcode":null,"addr:state":null,"addr:street":null,"addr:street:corner":null,"alt_name":null,"boundary":null,"ele":null,"gnis:feature_id":null,"leisure":null,"name:es":null,"opening_hours":null,"protect_class":null,"protection_title":null,"source":null,"type":null,"website":null,"wikidata":null,"wikipedia":null,"access":null,"barrier":null,"playground":null,"playground:theme":null,"survey:date":null,"place":null,"start_date":null,"surface":null,"amenity":null,"area":null,"denomination":null,"fax":null,"fence_type":null,"grades":null,"mascot":null,"name:en":null,"name:etymology:wikidata":null,"phone":null,"religion":null,"layer":"Bus Stops_points","path":"C:/Users/PMLS/Downloads/Hackathon work/Bus Stops_points.gpkg"},"geometry":{"type":"Point","coordinates":[-74.0687673,40.7256515]}},
{"type":"Feature","properties":{"fid":318,"id":"node/6175818539","@id":"node/6175818539","bench":null,"bin":null,"bus":"yes","construction":null,"covered":null,"description":null,"fixme":null,"gtfs:stop_id":null,"gtfs_stop_code":null,"highway":"bus_stop","level":null,"lit":null,"local_ref":null,"name":"Montgomery Street At Boland Street","network":"NJ Transit","network:short":"NJT","network:wikidata":"Q498553","network:wikipedia":null,"note":null,"operator":"NJ Transit","passenger_information_display":null,"public_transport":"platform","ref":"20895","route_ref":null,"shelter":"no","tactile_paving":null,"wheelchair":null,"asset_type":"Bus Stop","addr:city":null,"addr:housenumber":null,"addr:postcode":null,"addr:state":null,"addr:street":null,"addr:street:corner":null,"alt_name":null,"boundary":null,"ele":null,"gnis:feature_id":null,"leisure":null,"name:es":null,"opening_hours":null,"protect_class":null,"protection_title":null,"source":null,"type":null,"website":null,"wikidata":null,"wikipedia":null,"access":null,"barrier":null,"playground":null,"playground:theme":null,"survey:date":null,"place":null,"start_date":null,"surface":null,"amenity":null,"area":null,"denomination":null,"fax":null,"fence_type":null,"grades":null,"mascot":null,"name:en":null,"name:etymology:wikidata":null,"phone":null,"religion":null,"layer":"Bus Stops_points","path":"C:/Users/PMLS/Downloads/Hackathon work/Bus Stops_points.gpkg"},"geometry":{"type":"Point","coordinates":[-74.0694332,40.7257767]}},
{"type":"Feature","properties":{"fid":319,"id":"node/6175818540","@id":"node/6175818540","bench":null,"bin":null,"bus":"yes","construction":null,"covered":null,"description":null,"fixme":null,"gtfs:stop_id":null,"gtfs_stop_code":null,"highway":"bus_stop","level":null,"lit":null,"local_ref":null,"name":"Montgomery Street at Britton Street","network":"NJ Transit","network:short":"NJT","network:wikidata":"Q498553","network:wikipedia":null,"note":null,"operator":"NJ Transit","passenger_information_display":null,"public_transport":"platform","ref":"20894","route_ref":null,"shelter":"no","tactile_paving":null,"wheelchair":null,"asset_type":"Bus Stop","addr:city":null,"addr:housenumber":null,"addr:postcode":null,"addr:state":null,"addr:street":null,"addr:street:corner":null,"alt_name":null,"boundary":null,"ele":null,"gnis:feature_id":null,"leisure":null,"name:es":null,"opening_hours":null,"protect_class":null,"protection_title":null,"source":null,"type":null,"website":null,"wikidata":null,"wikipedia":null,"access":null,"barrier":null,"playground":null,"playground:theme":null,"survey:date":null,"place":null,"start_date":null,"surface":null,"amenity":null,"area":null,"denomination":null,"fax":null,"fence_type":null,"grades":null,"mascot":null,"name:en":null,"name:etymology:wikidata":null,"phone":null,"religion":null,"layer":"Bus Stops_points","path":"C:/Users/PMLS/Downloads/Hackathon work/Bus Stops_points.gpkg"},"geometry":{"type":"Point","coordinates":[-74.0705324,40.726208]}},
{"type":"Feature","properties":{"fid":320,"id":"node/6175818541","@id":"node/6175818541","bench":null,"bin":null,"bus":"yes","construction":null,"covered":null,"description":null,"fixme":null,"gtfs:stop_id":null,"gtfs_stop_code":null,"highway":"bus_stop","level":null,"lit":null,"local_ref":null,"name":"West Side Ave At Glenwood Ave","network":"NJ Transit","network:short":"NJT","network:wikidata":"Q498553","network:wikipedia":null,"note":null,"operator":null,"passenger_information_display":null,"public_transport":"platform","ref":"21159","route_ref":null,"shelter":"no","tactile_paving":null,"wheelchair":null,"asset_type":"Bus Stop","addr:city":null,"addr:housenumber":null,"addr:postcode":null,"addr:state":null,"addr:street":null,"addr:street:corner":null,"alt_name":null,"boundary":null,"ele":null,"gnis:feature_id":null,"leisure":null,"name:es":null,"opening_hours":null,"protect_class":null,"protection_title":null,"source":null,"type":null,"website":null,"wikidata":null,"wikipedia":null,"access":null,"barrier":null,"playground":null,"playground:theme":null,"survey:date":null,"place":null,"start_date":null,"surface":null,"amenity":null,"area":null,"denomination":null,"fax":null,"fence_type":null,"grades":null,"mascot":null,"name:en":null,"name:etymology:wikidata":null,"phone":null,"religion":null,"layer":"Bus Stops_points","path":"C:/Users/PMLS/Downloads/Hackathon work/Bus Stops_points.gpkg"},"geometry":{"type":"Point","coordinates":[-74.0745809,40.7293838]}},
{"type":"Feature","properties":{"fid":321,"id":"node/6175818542","@id":"node/6175818542","bench":null,"bin":null,"bus":"yes","construction":null,"covered":null,"description":null,"fixme":null,"gtfs:stop_id":null,"gtfs_stop_code":null,"highway":"bus_stop","level":null,"lit":null,"local_ref":null,"name":"West Side Ave At Highland Ave","network":"NJ Transit","network:short":"NJT","network:wikidata":"Q498553","network:wikipedia":null,"note":null,"operator":null,"passenger_information_display":null,"public_transport":"platform","ref":"21163","route_ref":null,"shelter":"no","tactile_paving":null,"wheelchair":null,"asset_type":"Bus Stop","addr:city":null,"addr:housenumber":null,"addr:postcode":null,"addr:state":null,"addr:street":null,"addr:street:corner":null,"alt_name":null,"boundary":null,"ele":null,"gnis:feature_id":null,"leisure":null,"name:es":null,"opening_hours":null,"protect_class":null,"protection_title":null,"source":null,"type":null,"website":null,"wikidata":null,"wikipedia":null,"access":null,"barrier":null,"playground":null,"playground:theme":null,"survey:date":null,"place":null,"start_date":null,"surface":null,"amenity":null,"area":null,"denomination":null,"fax":null,"fence_type":null,"grades":null,"mascot":null,"name:en":null,"name:etymology:wikidata":null,"phone":null,"religion":null,"layer":"Bus Stops_points","path":"C:/Users/PMLS/Downloads/Hackathon work/Bus Stops_points.gpkg"},"geometry":{"type":"Point","coordinates":[-74.0744426,40.729807]}},
{"type":"Feature","properties":{"fid":322,"id":"node/6175818543","@id":"node/6175818543","bench":null,"bin":null,"bus":"yes","construction":null,"covered":null,"description":null,"fixme":null,"gtfs:stop_id":null,"gtfs_stop_code":null,"highway":"bus_stop","level":null,"lit":null,"local_ref":null,"name":"West Side Ave At Stuyvesant Ave","network":"NJ Transit","network:short":"NJT","network:wikidata":"Q498553","network:wikipedia":null,"note":null,"operator":null,"passenger_information_display":null,"public_transport":"platform","ref":"21160","route_ref":null,"shelter":"no","tactile_paving":null,"wheelchair":null,"asset_type":"Bus Stop","addr:city":null,"addr:housenumber":null,"addr:postcode":null,"addr:state":null,"addr:street":null,"addr:street:corner":null,"alt_name":null,"boundary":null,"ele":null,"gnis:feature_id":null,"leisure":null,"name:es":null,"opening_hours":null,"protect_class":null,"protection_title":null,"source":null,"type":null,"website":null,"wikidata":null,"wikipedia":null,"access":null,"barrier":null,"playground":null,"playground:theme":null,"survey:date":null,"place":null,"start_date":null,"surface":null,"amenity":null,"area":null,"denomination":null,"fax":null,"fence_type":null,"grades":null,"mascot":null,"name:en":null,"name:etymology:wikidata":null,"phone":null,"religion":null,"layer":"Bus Stops_points","path":"C:/Users/PMLS/Downloads/Hackathon work/Bus Stops_points.gpkg"},"geometry":{"type":"Point","coordinates":[-74.0734862,40.7307866]}},
{"type":"Feature","properties":{"fid":323,"id":"node/6175818544","@id":"node/6175818544","bench":null,"bin":null,"bus":"yes","construction":null,"covered":null,"description":null,"fixme":null,"gtfs:stop_id":null,"gtfs_stop_code":null,"highway":"bus_stop","level":null,"lit":null,"local_ref":null,"name":"Sip Ave At Corbin Ave","network":"NJ Transit","network:short":"NJT","network:wikidata":"Q498553","network:wikipedia":null,"note":null,"operator":null,"passenger_information_display":null,"public_transport":"platform","ref":"21096","route_ref":null,"shelter":"no","tactile_paving":null,"wheelchair":null,"asset_type":"Bus Stop","addr:city":null,"addr:housenumber":null,"addr:postcode":null,"addr:state":null,"addr:street":null,"addr:street:corner":null,"alt_name":null,"boundary":null,"ele":null,"gnis:feature_id":null,"leisure":null,"name:es":null,"opening_hours":null,"protect_class":null,"protection_title":null,"source":null,"type":null,"website":null,"wikidata":null,"wikipedia":null,"access":null,"barrier":null,"playground":null,"playground:theme":null,"survey:date":null,"place":null,"start_date":null,"surface":null,"amenity":null,"area":null,"denomination":null,"fax":null,"fence_type":null,"grades":null,"mascot":null,"name:en":null,"name:etymology:wikidata":null,"phone":null,"religion":null,"layer":"Bus Stops_points","path":"C:/Users/PMLS/Downloads/Hackathon work/Bus Stops_points.gpkg"},"geometry":{"type":"Point","coordinates":[-74.0718623,40.7323064]}},
{"type":"Feature","properties":{"fid":324,"id":"node/6175818545","@id":"node/6175818545","bench":null,"bin":null,"bus":"yes","construction":null,"covered":null,"description":null,"fixme":null,"gtfs:stop_id":null,"gtfs_stop_code":null,"highway":"bus_stop","level":null,"lit":null,"local_ref":null,"name":"Sip Ave At Corbin Ave","network":"NJ Transit","network:short":"NJT","network:wikidata":"Q498553","network:wikipedia":null,"note":null,"operator":null,"passenger_information_display":null,"public_transport":"platform","ref":"21090","route_ref":null,"shelter":"no","tactile_paving":null,"wheelchair":null,"asset_type":"Bus Stop","addr:city":null,"addr:housenumber":null,"addr:postcode":null,"addr:state":null,"addr:street":null,"addr:street:corner":null,"alt_name":null,"boundary":null,"ele":null,"gnis:feature_id":null,"leisure":null,"name:es":null,"opening_hours":null,"protect_class":null,"protection_title":null,"source":null,"type":null,"website":null,"wikidata":null,"wikipedia":null,"access":null,"barrier":null,"playground":null,"playground:theme":null,"survey:date":null,"place":null,"start_date":null,"surface":null,"amenity":null,"area":null,"denomination":null,"fax":null,"fence_type":null,"grades":null,"mascot":null,"name:en":null,"name:etymology:wikidata":null,"phone":null,"religion":null,"layer":"Bus Stops_points","path":"C:/Users/PMLS/Downloads/Hackathon work/Bus Stops_points.gpkg"},"geometry":{"type":"Point","coordinates":[-74.0718055,40.7321671]}},
{"type":"Feature","properties":{"fid":325,"id":"node/6175818546","@id":"node/6175818546","bench":null,"bin":null,"bus":"yes","construction":null,"covered":null,"description":null,"fixme":null,"gtfs:stop_id":null,"gtfs_stop_code":null,"highway":"bus_stop","level":null,"lit":null,"local_ref":null,"name":"Sip Ave At Van Wagenen Ave","network":"NJ Transit","network:short":"NJT","network:wikidata":"Q498553","network:wikipedia":null,"note":null,"operator":null,"passenger_information_display":null,"public_transport":"platform","ref":"21095","route_ref":null,"shelter":"no","tactile_paving":null,"wheelchair":null,"asset_type":"Bus Stop","addr:city":null,"addr:housenumber":null,"addr:postcode":null,"addr:state":null,"addr:street":null,"addr:street:corner":null,"alt_name":null,"boundary":null,"ele":null,"gnis:feature_id":null,"leisure":null,"name:es":null,"opening_hours":null,"protect_class":null,"protection_title":null,"source":null,"type":null,"website":null,"wikidata":null,"wikipedia":null,"access":null,"barrier":null,"playground":null,"playground:theme":null,"survey:date":null,"place":null,"start_date":null,"surface":null,"amenity":null,"area":null,"denomination":null,"fax":null,"fence_type":null,"grades":null,"mascot":null,"name:en":null,"name:etymology:wikidata":null,"phone":null,"religion":null,"layer":"Bus Stops_points","path":"C:/Users/PMLS/Downloads/Hackathon work/Bus Stops_points.gpkg"},"geometry":{"type":"Point","coordinates":[-74.0705248,40.7320292]}},
{"type":"Feature","properties":{"fid":326,"id":"node/6175818547","@id":"node/6175818547","bench":null,"bin":null,"bus":"yes","construction":null,"covered":null,"description":null,"fixme":null,"gtfs:stop_id":null,"gtfs_stop_code":null,"highway":"bus_stop","level":null,"lit":null,"local_ref":null,"name":"Sip Ave At Romaine Ave","network":"NJ Transit","network:short":"NJT","network:wikidata":"Q498553","network:wikipedia":null,"note":null,"operator":null,"passenger_information_display":null,"public_transport":"platform","ref":"21091","route_ref":null,"shelter":"no","tactile_paving":null,"wheelchair":null,"asset_type":"Bus Stop","addr:city":null,"addr:housenumber":null,"addr:postcode":null,"addr:state":null,"addr:street":null,"addr:street:corner":null,"alt_name":null,"boundary":null,"ele":null,"gnis:feature_id":null,"leisure":null,"name:es":null,"opening_hours":null,"protect_class":null,"protection_title":null,"source":null,"type":null,"website":null,"wikidata":null,"wikipedia":null,"access":null,"barrier":null,"playground":null,"playground:theme":null,"survey:date":null,"place":null,"start_date":null,"surface":null,"amenity":null,"area":null,"denomination":null,"fax":null,"fence_type":null,"grades":null,"mascot":null,"name:en":null,"name:etymology:wikidata":null,"phone":null,"religion":null,"layer":"Bus Stops_points","path":"C:/Users/PMLS/Downloads/Hackathon work/Bus Stops_points.gpkg"},"geometry":{"type":"Point","coordinates":[-74.0699525,40.731781]}},
{"type":"Feature","properties":{"fid":327,"id":"node/6175818548","@id":"node/6175818548","bench":null,"bin":null,"bus":"yes","construction":null,"covered":null,"description":null,"fixme":null,"gtfs:stop_id":null,"gtfs_stop_code":null,"highway":"bus_stop","level":null,"lit":null,"local_ref":null,"name":"Sip Ave At Garrison Ave","network":"NJ Transit","network:short":"NJT","network:wikidata":"Q498553","network:wikipedia":null,"note":null,"operator":null,"passenger_information_display":null,"public_transport":"platform","ref":"21094","route_ref":null,"shelter":"no","tactile_paving":null,"wheelchair":null,"asset_type":"Bus Stop","addr:city":null,"addr:housenumber":null,"addr:postcode":null,"addr:state":null,"addr:street":null,"addr:street:corner":null,"alt_name":null,"boundary":null,"ele":null,"gnis:feature_id":null,"leisure":null,"name:es":null,"opening_hours":null,"protect_class":null,"protection_title":null,"source":null,"type":null,"website":null,"wikidata":null,"wikipedia":null,"access":null,"barrier":null,"playground":null,"playground:theme":null,"survey:date":null,"place":null,"start_date":null,"surface":null,"amenity":null,"area":null,"denomination":null,"fax":null,"fence_type":null,"grades":null,"mascot":null,"name:en":null,"name:etymology:wikidata":null,"phone":null,"religion":null,"layer":"Bus Stops_points","path":"C:/Users/PMLS/Downloads/Hackathon work/Bus Stops_points.gpkg"},"geometry":{"type":"Point","coordinates":[-74.0686942,40.7316325]}},
{"type":"Feature","properties":{"fid":328,"id":"node/6175818549","@id":"node/6175818549","bench":null,"bin":null,"bus":"yes","construction":null,"covered":null,"description":null,"fixme":null,"gtfs:stop_id":null,"gtfs_stop_code":null,"highway":"bus_stop","level":null,"lit":null,"local_ref":null,"name":"Sip Ave At Tonnelle Ave","network":"NJ Transit","network:short":"NJT","network:wikidata":"Q498553","network:wikipedia":null,"note":null,"operator":null,"passenger_information_display":null,"public_transport":"platform","ref":"21092","route_ref":null,"shelter":"no","tactile_paving":null,"wheelchair":null,"asset_type":"Bus Stop","addr:city":null,"addr:housenumber":null,"addr:postcode":null,"addr:state":null,"addr:street":null,"addr:street:corner":null,"alt_name":null,"boundary":null,"ele":null,"gnis:feature_id":null,"leisure":null,"name:es":null,"opening_hours":null,"protect_class":null,"protection_title":null,"source":null,"type":null,"website":null,"wikidata":null,"wikipedia":null,"access":null,"barrier":null,"playground":null,"playground:theme":null,"survey:date":null,"place":null,"start_date":null,"surface":null,"amenity":null,"area":null,"denomination":null,"fax":null,"fence_type":null,"grades":null,"mascot":null,"name:en":null,"name:etymology:wikidata":null,"phone":null,"religion":null,"layer":"Bus Stops_points","path":"C:/Users/PMLS/Downloads/Hackathon work/Bus Stops_points.gpkg"},"geometry":{"type":"Point","coordinates":[-74.0673061,40.7312106]}},
{"type":"Feature","properties":{"fid":329,"id":"node/6175888124","@id":"node/6175888124","bench":null,"bin":null,"bus":"yes","construction":null,"covered":null,"description":null,"fixme":null,"gtfs:stop_id":null,"gtfs_stop_code":null,"highway":"bus_stop","level":null,"lit":null,"local_ref":null,"name":"Jfk Blvd At Sip Ave","network":"NJ Transit","network:short":"NJT","network:wikidata":"Q498553","network:wikipedia":null,"note":null,"operator":null,"passenger_information_display":null,"public_transport":"platform","ref":"20852","route_ref":null,"shelter":"yes","tactile_paving":null,"wheelchair":null,"asset_type":"Bus Stop","addr:city":null,"addr:housenumber":null,"addr:postcode":null,"addr:state":null,"addr:street":null,"addr:street:corner":null,"alt_name":null,"boundary":null,"ele":null,"gnis:feature_id":null,"leisure":null,"name:es":null,"opening_hours":null,"protect_class":null,"protection_title":null,"source":null,"type":null,"website":null,"wikidata":null,"wikipedia":null,"access":null,"barrier":null,"playground":null,"playground:theme":null,"survey:date":null,"place":null,"start_date":null,"surface":null,"amenity":null,"area":null,"denomination":null,"fax":null,"fence_type":null,"grades":null,"mascot":null,"name:en":null,"name:etymology:wikidata":null,"phone":null,"religion":null,"layer":"Bus Stops_points","path":"C:/Users/PMLS/Downloads/Hackathon work/Bus Stops_points.gpkg"},"geometry":{"type":"Point","coordinates":[-74.0681464,40.7311742]}},
{"type":"Feature","properties":{"fid":330,"id":"node/6175888125","@id":"node/6175888125","bench":null,"bin":null,"bus":"yes","construction":null,"covered":null,"description":null,"fixme":null,"gtfs:stop_id":null,"gtfs_stop_code":null,"highway":"bus_stop","level":null,"lit":null,"local_ref":null,"name":"Jfk Blvd At Sip Ave","network":"NJ Transit","network:short":"NJT","network:wikidata":"Q498553","network:wikipedia":null,"note":null,"operator":null,"passenger_information_display":null,"public_transport":"platform","ref":"20817","route_ref":null,"shelter":"no","tactile_paving":null,"wheelchair":null,"asset_type":"Bus Stop","addr:city":null,"addr:housenumber":null,"addr:postcode":null,"addr:state":null,"addr:street":null,"addr:street:corner":null,"alt_name":null,"boundary":null,"ele":null,"gnis:feature_id":null,"leisure":null,"name:es":null,"opening_hours":null,"protect_class":null,"protection_title":null,"source":null,"type":null,"website":null,"wikidata":null,"wikipedia":null,"access":null,"barrier":null,"playground":null,"playground:theme":null,"survey:date":null,"place":null,"start_date":null,"surface":null,"amenity":null,"area":null,"denomination":null,"fax":null,"fence_type":null,"grades":null,"mascot":null,"name:en":null,"name:etymology:wikidata":null,"phone":null,"religion":null,"layer":"Bus Stops_points","path":"C:/Users/PMLS/Downloads/Hackathon work/Bus Stops_points.gpkg"},"geometry":{"type":"Point","coordinates":[-74.0678167,40.7312644]}},
{"type":"Feature","properties":{"fid":331,"id":"node/6175888126","@id":"node/6175888126","bench":null,"bin":null,"bus":"yes","construction":null,"covered":null,"description":null,"fixme":null,"gtfs:stop_id":null,"gtfs_stop_code":null,"highway":"bus_stop","level":null,"lit":null,"local_ref":null,"name":"Jfk Blvd At Stuyvesant Ave","network":"NJ Transit","network:short":"NJT","network:wikidata":"Q498553","network:wikipedia":null,"note":null,"operator":null,"passenger_information_display":null,"public_transport":"platform","ref":"20816","route_ref":null,"shelter":"no","tactile_paving":null,"wheelchair":null,"asset_type":"Bus Stop","addr:city":null,"addr:housenumber":null,"addr:postcode":null,"addr:state":null,"addr:street":null,"addr:street:corner":null,"alt_name":null,"boundary":null,"ele":null,"gnis:feature_id":null,"leisure":null,"name:es":null,"opening_hours":null,"protect_class":null,"protection_title":null,"source":null,"type":null,"website":null,"wikidata":null,"wikipedia":null,"access":null,"barrier":null,"playground":null,"playground:theme":null,"survey:date":null,"place":null,"start_date":null,"surface":null,"amenity":null,"area":null,"denomination":null,"fax":null,"fence_type":null,"grades":null,"mascot":null,"name:en":null,"name:etymology:wikidata":null,"phone":null,"religion":null,"layer":"Bus Stops_points","path":"C:/Users/PMLS/Downloads/Hackathon work/Bus Stops_points.gpkg"},"geometry":{"type":"Point","coordinates":[-74.0694706,40.7291318]}},
{"type":"Feature","properties":{"fid":332,"id":"node/6175888127","@id":"node/6175888127","bench":null,"bin":null,"bus":"yes","construction":null,"covered":null,"description":null,"fixme":null,"gtfs:stop_id":null,"gtfs_stop_code":null,"highway":"bus_stop","level":null,"lit":null,"local_ref":null,"name":"Jfk Blvd At Stuyvesant Ave","network":"NJ Transit","network:short":"NJT","network:wikidata":"Q498553","network:wikipedia":null,"note":null,"operator":"NJ Transit Bus Operations","passenger_information_display":null,"public_transport":"platform","ref":"20853","route_ref":null,"shelter":"no","tactile_paving":null,"wheelchair":null,"asset_type":"Bus Stop","addr:city":null,"addr:housenumber":null,"addr:postcode":null,"addr:state":null,"addr:street":null,"addr:street:corner":null,"alt_name":null,"boundary":null,"ele":null,"gnis:feature_id":null,"leisure":null,"name:es":null,"opening_hours":null,"protect_class":null,"protection_title":null,"source":null,"type":null,"website":null,"wikidata":null,"wikipedia":null,"access":null,"barrier":null,"playground":null,"playground:theme":null,"survey:date":null,"place":null,"start_date":null,"surface":null,"amenity":null,"area":null,"denomination":null,"fax":null,"fence_type":null,"grades":null,"mascot":null,"name:en":null,"name:etymology:wikidata":null,"phone":null,"religion":null,"layer":"Bus Stops_points","path":"C:/Users/PMLS/Downloads/Hackathon work/Bus Stops_points.gpkg"},"geometry":{"type":"Point","coordinates":[-74.0695095,40.729411]}},
{"type":"Feature","properties":{"fid":333,"id":"node/6175888128","@id":"node/6175888128","bench":null,"bin":null,"bus":"yes","construction":null,"covered":null,"description":null,"fixme":null,"gtfs:stop_id":null,"gtfs_stop_code":null,"highway":"bus_stop","level":null,"lit":null,"local_ref":null,"name":"Jfk Blvd At Highland Ave","network":"NJ Transit","network:short":"NJT","network:wikidata":"Q498553","network:wikipedia":null,"note":null,"operator":null,"passenger_information_display":null,"public_transport":"platform","ref":"20854","route_ref":null,"shelter":"no","tactile_paving":null,"wheelchair":null,"asset_type":"Bus Stop","addr:city":null,"addr:housenumber":null,"addr:postcode":null,"addr:state":null,"addr:street":null,"addr:street:corner":null,"alt_name":null,"boundary":null,"ele":null,"gnis:feature_id":null,"leisure":null,"name:es":null,"opening_hours":null,"protect_class":null,"protection_title":null,"source":null,"type":null,"website":null,"wikidata":null,"wikipedia":null,"access":null,"barrier":null,"playground":null,"playground:theme":null,"survey:date":null,"place":null,"start_date":null,"surface":null,"amenity":null,"area":null,"denomination":null,"fax":null,"fence_type":null,"grades":null,"mascot":null,"name:en":null,"name:etymology:wikidata":null,"phone":null,"religion":null,"layer":"Bus Stops_points","path":"C:/Users/PMLS/Downloads/Hackathon work/Bus Stops_points.gpkg"},"geometry":{"type":"Point","coordinates":[-74.0702959,40.7282864]}},
{"type":"Feature","properties":{"fid":334,"id":"node/6175888129","@id":"node/6175888129","bench":null,"bin":null,"bus":"yes","construction":null,"covered":null,"description":null,"fixme":null,"gtfs:stop_id":null,"gtfs_stop_code":null,"highway":"bus_stop","level":null,"lit":null,"local_ref":null,"name":"Jfk Blvd At Glenwood Ave","network":"NJ Transit","network:short":"NJT","network:wikidata":"Q498553","network:wikipedia":null,"note":null,"operator":null,"passenger_information_display":null,"public_transport":"platform","ref":"20815","route_ref":null,"shelter":"no","tactile_paving":null,"wheelchair":null,"asset_type":"Bus Stop","addr:city":null,"addr:housenumber":null,"addr:postcode":null,"addr:state":null,"addr:street":null,"addr:street:corner":null,"alt_name":null,"boundary":null,"ele":null,"gnis:feature_id":null,"leisure":null,"name:es":null,"opening_hours":null,"protect_class":null,"protection_title":null,"source":null,"type":null,"website":null,"wikidata":null,"wikipedia":null,"access":null,"barrier":null,"playground":null,"playground:theme":null,"survey:date":null,"place":null,"start_date":null,"surface":null,"amenity":null,"area":null,"denomination":null,"fax":null,"fence_type":null,"grades":null,"mascot":null,"name:en":null,"name:etymology:wikidata":null,"phone":null,"religion":null,"layer":"Bus Stops_points","path":"C:/Users/PMLS/Downloads/Hackathon work/Bus Stops_points.gpkg"},"geometry":{"type":"Point","coordinates":[-74.0704006,40.7277449]}},
{"type":"Feature","properties":{"fid":335,"id":"node/6175893187","@id":"node/6175893187","bench":null,"bin":null,"bus":"yes","construction":null,"covered":null,"description":null,"fixme":null,"gtfs:stop_id":null,"gtfs_stop_code":null,"highway":"bus_stop","level":null,"lit":null,"local_ref":null,"name":"Central Ave At South Hackensack Avenue","network":"NJ Transit","network:short":"NJT","network:wikidata":"Q498553","network:wikipedia":null,"note":null,"operator":null,"passenger_information_display":null,"public_transport":"platform","ref":"30220","route_ref":null,"shelter":"no","tactile_paving":null,"wheelchair":null,"asset_type":"Bus Stop","addr:city":null,"addr:housenumber":null,"addr:postcode":null,"addr:state":null,"addr:street":null,"addr:street:corner":null,"alt_name":null,"boundary":null,"ele":null,"gnis:feature_id":null,"leisure":null,"name:es":null,"opening_hours":null,"protect_class":null,"protection_title":null,"source":null,"type":null,"website":null,"wikidata":null,"wikipedia":null,"access":null,"barrier":null,"playground":null,"playground:theme":null,"survey:date":null,"place":null,"start_date":null,"surface":null,"amenity":null,"area":null,"denomination":null,"fax":null,"fence_type":null,"grades":null,"mascot":null,"name:en":null,"name:etymology:wikidata":null,"phone":null,"religion":null,"layer":"Bus Stops_points","path":"C:/Users/PMLS/Downloads/Hackathon work/Bus Stops_points.gpkg"},"geometry":{"type":"Point","coordinates":[-74.1115238,40.725601]}},
{"type":"Feature","properties":{"fid":336,"id":"node/6175893188","@id":"node/6175893188","bench":null,"bin":null,"bus":"yes","construction":null,"covered":null,"description":null,"fixme":null,"gtfs:stop_id":null,"gtfs_stop_code":null,"highway":"bus_stop","level":null,"lit":null,"local_ref":null,"name":"Central Ave At South Hackensack","network":"NJ Transit","network:short":"NJT","network:wikidata":"Q498553","network:wikipedia":null,"note":null,"operator":null,"passenger_information_display":null,"public_transport":"platform","ref":"30221","route_ref":null,"shelter":"no","tactile_paving":null,"wheelchair":null,"asset_type":"Bus Stop","addr:city":null,"addr:housenumber":null,"addr:postcode":null,"addr:state":null,"addr:street":null,"addr:street:corner":null,"alt_name":null,"boundary":null,"ele":null,"gnis:feature_id":null,"leisure":null,"name:es":null,"opening_hours":null,"protect_class":null,"protection_title":null,"source":null,"type":null,"website":null,"wikidata":null,"wikipedia":null,"access":null,"barrier":null,"playground":null,"playground:theme":null,"survey:date":null,"place":null,"start_date":null,"surface":null,"amenity":null,"area":null,"denomination":null,"fax":null,"fence_type":null,"grades":null,"mascot":null,"name:en":null,"name:etymology:wikidata":null,"phone":null,"religion":null,"layer":"Bus Stops_points","path":"C:/Users/PMLS/Downloads/Hackathon work/Bus Stops_points.gpkg"},"geometry":{"type":"Point","coordinates":[-74.1117483,40.7255537]}},
{"type":"Feature","properties":{"fid":337,"id":"node/6175893189","@id":"node/6175893189","bench":null,"bin":null,"bus":"yes","construction":null,"covered":null,"description":null,"fixme":null,"gtfs:stop_id":null,"gtfs_stop_code":null,"highway":"bus_stop","level":null,"lit":null,"local_ref":null,"name":"Central Ave 175'S Of Ford Lane","network":"NJ Transit","network:short":"NJT","network:wikidata":"Q498553","network:wikipedia":null,"note":null,"operator":null,"passenger_information_display":null,"public_transport":"platform","ref":"31584","route_ref":null,"shelter":"no","tactile_paving":null,"wheelchair":null,"asset_type":"Bus Stop","addr:city":null,"addr:housenumber":null,"addr:postcode":null,"addr:state":null,"addr:street":null,"addr:street:corner":null,"alt_name":null,"boundary":null,"ele":null,"gnis:feature_id":null,"leisure":null,"name:es":null,"opening_hours":null,"protect_class":null,"protection_title":null,"source":null,"type":null,"website":null,"wikidata":null,"wikipedia":null,"access":null,"barrier":null,"playground":null,"playground:theme":null,"survey:date":null,"place":null,"start_date":null,"surface":null,"amenity":null,"area":null,"denomination":null,"fax":null,"fence_type":null,"grades":null,"mascot":null,"name:en":null,"name:etymology:wikidata":null,"phone":null,"religion":null,"layer":"Bus Stops_points","path":"C:/Users/PMLS/Downloads/Hackathon work/Bus Stops_points.gpkg"},"geometry":{"type":"Point","coordinates":[-74.1106838,40.7271776]}},
{"type":"Feature","properties":{"fid":338,"id":"node/6175893190","@id":"node/6175893190","bench":null,"bin":null,"bus":"yes","construction":null,"covered":null,"description":null,"fixme":null,"gtfs:stop_id":null,"gtfs_stop_code":null,"highway":"bus_stop","level":null,"lit":null,"local_ref":null,"name":"Central Ave 574' N Of Hackensack Ave.","network":"NJ Transit","network:short":"NJT","network:wikidata":"Q498553","network:wikipedia":null,"note":null,"operator":null,"passenger_information_display":null,"public_transport":"platform","ref":"21238","route_ref":null,"shelter":"no","tactile_paving":null,"wheelchair":null,"asset_type":"Bus Stop","addr:city":null,"addr:housenumber":null,"addr:postcode":null,"addr:state":null,"addr:street":null,"addr:street:corner":null,"alt_name":null,"boundary":null,"ele":null,"gnis:feature_id":null,"leisure":null,"name:es":null,"opening_hours":null,"protect_class":null,"protection_title":null,"source":null,"type":null,"website":null,"wikidata":null,"wikipedia":null,"access":null,"barrier":null,"playground":null,"playground:theme":null,"survey:date":null,"place":null,"start_date":null,"surface":null,"amenity":null,"area":null,"denomination":null,"fax":null,"fence_type":null,"grades":null,"mascot":null,"name:en":null,"name:etymology:wikidata":null,"phone":null,"religion":null,"layer":"Bus Stops_points","path":"C:/Users/PMLS/Downloads/Hackathon work/Bus Stops_points.gpkg"},"geometry":{"type":"Point","coordinates":[-74.1107822,40.7273605]}},
{"type":"Feature","properties":{"fid":339,"id":"node/6175893191","@id":"node/6175893191","bench":null,"bin":null,"bus":"yes","construction":null,"covered":null,"description":null,"fixme":null,"gtfs:stop_id":null,"gtfs_stop_code":null,"highway":"bus_stop","level":null,"lit":null,"local_ref":null,"name":"Lincoln Hwy At Hackensack Ave","network":"NJ Transit","network:short":"NJT","network:wikidata":"Q498553","network:wikipedia":null,"note":null,"operator":null,"passenger_information_display":null,"public_transport":"platform","ref":"21250","route_ref":null,"shelter":"yes","tactile_paving":null,"wheelchair":null,"asset_type":"Bus Stop","addr:city":null,"addr:housenumber":null,"addr:postcode":null,"addr:state":null,"addr:street":null,"addr:street:corner":null,"alt_name":null,"boundary":null,"ele":null,"gnis:feature_id":null,"leisure":null,"name:es":null,"opening_hours":null,"protect_class":null,"protection_title":null,"source":null,"type":null,"website":null,"wikidata":null,"wikipedia":null,"access":null,"barrier":null,"playground":null,"playground:theme":null,"survey:date":null,"place":null,"start_date":null,"surface":null,"amenity":null,"area":null,"denomination":null,"fax":null,"fence_type":null,"grades":null,"mascot":null,"name:en":null,"name:etymology:wikidata":null,"phone":null,"religion":null,"layer":"Bus Stops_points","path":"C:/Users/PMLS/Downloads/Hackathon work/Bus Stops_points.gpkg"},"geometry":{"type":"Point","coordinates":[-74.1032941,40.7283298]}},
{"type":"Feature","properties":{"fid":340,"id":"node/6175893192","@id":"node/6175893192","bench":null,"bin":null,"bus":"yes","construction":null,"covered":null,"description":null,"fixme":null,"gtfs:stop_id":null,"gtfs_stop_code":null,"highway":"bus_stop","level":null,"lit":null,"local_ref":null,"name":"Lincoln Hwy At Hackensack Ave","network":"NJ Transit","network:short":"NJT","network:wikidata":"Q498553","network:wikipedia":null,"note":null,"operator":null,"passenger_information_display":null,"public_transport":"platform","ref":"21251","route_ref":null,"shelter":"no","tactile_paving":null,"wheelchair":null,"asset_type":"Bus Stop","addr:city":null,"addr:housenumber":null,"addr:postcode":null,"addr:state":null,"addr:street":null,"addr:street:corner":null,"alt_name":null,"boundary":null,"ele":null,"gnis:feature_id":null,"leisure":null,"name:es":null,"opening_hours":null,"protect_class":null,"protection_title":null,"source":null,"type":null,"website":null,"wikidata":null,"wikipedia":null,"access":null,"barrier":null,"playground":null,"playground:theme":null,"survey:date":null,"place":null,"start_date":null,"surface":null,"amenity":null,"area":null,"denomination":null,"fax":null,"fence_type":null,"grades":null,"mascot":null,"name:en":null,"name:etymology:wikidata":null,"phone":null,"religion":null,"layer":"Bus Stops_points","path":"C:/Users/PMLS/Downloads/Hackathon work/Bus Stops_points.gpkg"},"geometry":{"type":"Point","coordinates":[-74.1037794,40.7287641]}},
{"type":"Feature","properties":{"fid":341,"id":"node/6945365326","@id":"node/6945365326","bench":null,"bin":null,"bus":"yes","construction":null,"covered":null,"description":null,"fixme":null,"gtfs:stop_id":null,"gtfs_stop_code":null,"highway":"bus_stop","level":null,"lit":null,"local_ref":null,"name":"Pacific Ave At Barbara Pl","network":"NJ Transit","network:short":"NJT","network:wikidata":"Q498553","network:wikipedia":null,"note":null,"operator":null,"passenger_information_display":null,"public_transport":"platform","ref":"30887","route_ref":null,"shelter":"no","tactile_paving":null,"wheelchair":null,"asset_type":"Bus Stop","addr:city":null,"addr:housenumber":null,"addr:postcode":null,"addr:state":null,"addr:street":null,"addr:street:corner":null,"alt_name":null,"boundary":null,"ele":null,"gnis:feature_id":null,"leisure":null,"name:es":null,"opening_hours":null,"protect_class":null,"protection_title":null,"source":null,"type":null,"website":null,"wikidata":null,"wikipedia":null,"access":null,"barrier":null,"playground":null,"playground:theme":null,"survey:date":null,"place":null,"start_date":null,"surface":null,"amenity":null,"area":null,"denomination":null,"fax":null,"fence_type":null,"grades":null,"mascot":null,"name:en":null,"name:etymology:wikidata":null,"phone":null,"religion":null,"layer":"Bus Stops_points","path":"C:/Users/PMLS/Downloads/Hackathon work/Bus Stops_points.gpkg"},"geometry":{"type":"Point","coordinates":[-74.0570624,40.7155013]}},
{"type":"Feature","properties":{"fid":342,"id":"node/7552157269","@id":"node/7552157269","bench":null,"bin":null,"bus":"yes","construction":null,"covered":null,"description":null,"fixme":null,"gtfs:stop_id":null,"gtfs_stop_code":null,"highway":"bus_stop","level":null,"lit":null,"local_ref":null,"name":"Bergen Ave At Kensington Ave","network":"NJ Transit","network:short":"NJT","network:wikidata":"Q498553","network:wikipedia":null,"note":null,"operator":"NJ Transit","passenger_information_display":null,"public_transport":"platform","ref":"20588","route_ref":null,"shelter":"no","tactile_paving":null,"wheelchair":null,"asset_type":"Bus Stop","addr:city":null,"addr:housenumber":null,"addr:postcode":null,"addr:state":null,"addr:street":null,"addr:street:corner":null,"alt_name":null,"boundary":null,"ele":null,"gnis:feature_id":null,"leisure":null,"name:es":null,"opening_hours":null,"protect_class":null,"protection_title":null,"source":null,"type":null,"website":null,"wikidata":null,"wikipedia":null,"access":null,"barrier":null,"playground":null,"playground:theme":null,"survey:date":null,"place":null,"start_date":null,"surface":null,"amenity":null,"area":null,"denomination":null,"fax":null,"fence_type":null,"grades":null,"mascot":null,"name:en":null,"name:etymology:wikidata":null,"phone":null,"religion":null,"layer":"Bus Stops_points","path":"C:/Users/PMLS/Downloads/Hackathon work/Bus Stops_points.gpkg"},"geometry":{"type":"Point","coordinates":[-74.0721209,40.721728]}},
{"type":"Feature","properties":{"fid":343,"id":"node/7572830757","@id":"node/7572830757","bench":null,"bin":null,"bus":"yes","construction":null,"covered":null,"description":null,"fixme":null,"gtfs:stop_id":null,"gtfs_stop_code":null,"highway":"bus_stop","level":null,"lit":null,"local_ref":null,"name":"Bergen Ave At Bentley Ave","network":"NJ Transit","network:short":"NJT","network:wikidata":"Q498553","network:wikipedia":null,"note":null,"operator":"NJ Transit","passenger_information_display":null,"public_transport":"platform","ref":"20591","route_ref":null,"shelter":"no","tactile_paving":null,"wheelchair":null,"asset_type":"Bus Stop","addr:city":null,"addr:housenumber":null,"addr:postcode":null,"addr:state":null,"addr:street":null,"addr:street:corner":null,"alt_name":null,"boundary":null,"ele":null,"gnis:feature_id":null,"leisure":null,"name:es":null,"opening_hours":null,"protect_class":null,"protection_title":null,"source":null,"type":null,"website":null,"wikidata":null,"wikipedia":null,"access":null,"barrier":null,"playground":null,"playground:theme":null,"survey:date":null,"place":null,"start_date":null,"surface":null,"amenity":null,"area":null,"denomination":null,"fax":null,"fence_type":null,"grades":null,"mascot":null,"name:en":null,"name:etymology:wikidata":null,"phone":null,"religion":null,"layer":"Bus Stops_points","path":"C:/Users/PMLS/Downloads/Hackathon work/Bus Stops_points.gpkg"},"geometry":{"type":"Point","coordinates":[-74.0741271,40.7196586]}},
{"type":"Feature","properties":{"fid":344,"id":"node/7906072527","@id":"node/7906072527","bench":"yes","bin":"yes","bus":"yes","construction":null,"covered":"yes","description":null,"fixme":null,"gtfs:stop_id":null,"gtfs_stop_code":null,"highway":"bus_stop","level":null,"lit":null,"local_ref":null,"name":"Nj Rt 440 At Danforth Ave (Society Hill)","network":"NJ Transit","network:short":"NJT","network:wikidata":"Q498553","network:wikipedia":null,"note":null,"operator":"NJ Transit","passenger_information_display":null,"public_transport":"platform","ref":"31168","route_ref":"AC30","shelter":"yes","tactile_paving":"no","wheelchair":null,"asset_type":"Bus Stop","addr:city":null,"addr:housenumber":null,"addr:postcode":null,"addr:state":null,"addr:street":null,"addr:street:corner":null,"alt_name":null,"boundary":null,"ele":null,"gnis:feature_id":null,"leisure":null,"name:es":null,"opening_hours":null,"protect_class":null,"protection_title":null,"source":null,"type":null,"website":null,"wikidata":null,"wikipedia":null,"access":null,"barrier":null,"playground":null,"playground:theme":null,"survey:date":null,"place":null,"start_date":null,"surface":null,"amenity":null,"area":null,"denomination":null,"fax":null,"fence_type":null,"grades":null,"mascot":null,"name:en":null,"name:etymology:wikidata":null,"phone":null,"religion":null,"layer":"Bus Stops_points","path":"C:/Users/PMLS/Downloads/Hackathon work/Bus Stops_points.gpkg"},"geometry":{"type":"Point","coordinates":[-74.1000497,40.7056927]}},
{"type":"Feature","properties":{"fid":345,"id":"node/9125388781","@id":"node/9125388781","bench":null,"bin":null,"bus":"yes","construction":null,"covered":null,"description":null,"fixme":null,"gtfs:stop_id":null,"gtfs_stop_code":null,"highway":"bus_stop","level":null,"lit":null,"local_ref":null,"name":"Montgomery St At Chopin St","network":"NJ Transit","network:short":"NJT","network:wikidata":"Q498553","network:wikipedia":null,"note":null,"operator":"NJ Transit","passenger_information_display":null,"public_transport":"platform","ref":"20923","route_ref":null,"shelter":"no","tactile_paving":null,"wheelchair":null,"asset_type":"Bus Stop","addr:city":null,"addr:housenumber":null,"addr:postcode":null,"addr:state":null,"addr:street":null,"addr:street:corner":null,"alt_name":null,"boundary":null,"ele":null,"gnis:feature_id":null,"leisure":null,"name:es":null,"opening_hours":null,"protect_class":null,"protection_title":null,"source":null,"type":null,"website":null,"wikidata":null,"wikipedia":null,"access":null,"barrier":null,"playground":null,"playground:theme":null,"survey:date":null,"place":null,"start_date":null,"surface":null,"amenity":null,"area":null,"denomination":null,"fax":null,"fence_type":null,"grades":null,"mascot":null,"name:en":null,"name:etymology:wikidata":null,"phone":null,"religion":null,"layer":"Bus Stops_points","path":"C:/Users/PMLS/Downloads/Hackathon work/Bus Stops_points.gpkg"},"geometry":{"type":"Point","coordinates":[-74.0560944,40.7213575]}},
{"type":"Feature","properties":{"fid":346,"id":"node/9384556321","@id":"node/9384556321","bench":null,"bin":null,"bus":"yes","construction":null,"covered":null,"description":null,"fixme":null,"gtfs:stop_id":null,"gtfs_stop_code":null,"highway":"bus_stop","level":null,"lit":null,"local_ref":null,"name":"Bergen Ave At Brinkerhoff St","network":"NJ Transit","network:short":"NJT","network:wikidata":"Q498553","network:wikipedia":null,"note":null,"operator":"NJ Transit","passenger_information_display":null,"public_transport":"platform","ref":"20567","route_ref":null,"shelter":"no","tactile_paving":null,"wheelchair":null,"asset_type":"Bus Stop","addr:city":null,"addr:housenumber":null,"addr:postcode":null,"addr:state":null,"addr:street":null,"addr:street:corner":null,"alt_name":null,"boundary":null,"ele":null,"gnis:feature_id":null,"leisure":null,"name:es":null,"opening_hours":null,"protect_class":null,"protection_title":null,"source":null,"type":null,"website":null,"wikidata":null,"wikipedia":null,"access":null,"barrier":null,"playground":null,"playground:theme":null,"survey:date":null,"place":null,"start_date":null,"surface":null,"amenity":null,"area":null,"denomination":null,"fax":null,"fence_type":null,"grades":null,"mascot":null,"name:en":null,"name:etymology:wikidata":null,"phone":null,"religion":null,"layer":"Bus Stops_points","path":"C:/Users/PMLS/Downloads/Hackathon work/Bus Stops_points.gpkg"},"geometry":{"type":"Point","coordinates":[-74.0741999,40.7193967]}},
{"type":"Feature","properties":{"fid":347,"id":"node/9384556377","@id":"node/9384556377","bench":null,"bin":null,"bus":"yes","construction":null,"covered":null,"description":null,"fixme":null,"gtfs:stop_id":null,"gtfs_stop_code":null,"highway":"bus_stop","level":null,"lit":null,"local_ref":null,"name":"Bergen Ave At Emory St","network":"NJ Transit","network:short":"NJT","network:wikidata":"Q498553","network:wikipedia":null,"note":null,"operator":"NJ Transit","passenger_information_display":null,"public_transport":"platform","ref":"20568","route_ref":null,"shelter":"no","tactile_paving":null,"wheelchair":null,"asset_type":"Bus Stop","addr:city":null,"addr:housenumber":null,"addr:postcode":null,"addr:state":null,"addr:street":null,"addr:street:corner":null,"alt_name":null,"boundary":null,"ele":null,"gnis:feature_id":null,"leisure":null,"name:es":null,"opening_hours":null,"protect_class":null,"protection_title":null,"source":null,"type":null,"website":null,"wikidata":null,"wikipedia":null,"access":null,"barrier":null,"playground":null,"playground:theme":null,"survey:date":null,"place":null,"start_date":null,"surface":null,"amenity":null,"area":null,"denomination":null,"fax":null,"fence_type":null,"grades":null,"mascot":null,"name:en":null,"name:etymology:wikidata":null,"phone":null,"religion":null,"layer":"Bus Stops_points","path":"C:/Users/PMLS/Downloads/Hackathon work/Bus Stops_points.gpkg"},"geometry":{"type":"Point","coordinates":[-74.0735827,40.7200156]}},
{"type":"Feature","properties":{"fid":348,"id":"node/9538728540","@id":"node/9538728540","bench":"no","bin":"yes","bus":"yes","construction":null,"covered":null,"description":null,"fixme":null,"gtfs:stop_id":null,"gtfs_stop_code":null,"highway":"bus_stop","level":null,"lit":null,"local_ref":null,"name":"Newark Avenue at Chesnut Avenue","network":"NJ Transit","network:short":"NJT","network:wikidata":"Q498553","network:wikipedia":"en:NJ Transit","note":null,"operator":"NJ Transit Bus Operations","passenger_information_display":null,"public_transport":"platform","ref":"20955","route_ref":null,"shelter":"no","tactile_paving":"no","wheelchair":null,"asset_type":"Bus Stop","addr:city":null,"addr:housenumber":null,"addr:postcode":null,"addr:state":null,"addr:street":null,"addr:street:corner":null,"alt_name":null,"boundary":null,"ele":null,"gnis:feature_id":null,"leisure":null,"name:es":null,"opening_hours":null,"protect_class":null,"protection_title":null,"source":null,"type":null,"website":null,"wikidata":null,"wikipedia":null,"access":null,"barrier":null,"playground":null,"playground:theme":null,"survey:date":null,"place":null,"start_date":null,"surface":null,"amenity":null,"area":null,"denomination":null,"fax":null,"fence_type":null,"grades":null,"mascot":null,"name:en":null,"name:etymology:wikidata":null,"phone":null,"religion":null,"layer":"Bus Stops_points","path":"C:/Users/PMLS/Downloads/Hackathon work/Bus Stops_points.gpkg"},"geometry":{"type":"Point","coordinates":[-74.055736,40.7304331]}},
{"type":"Feature","properties":{"fid":349,"id":"node/10127359409","@id":"node/10127359409","bench":null,"bin":null,"bus":"yes","construction":null,"covered":null,"description":null,"fixme":null,"gtfs:stop_id":null,"gtfs_stop_code":null,"highway":"bus_stop","level":null,"lit":null,"local_ref":null,"name":"Bergen Ave At Ege Ave","network":"NJ Transit","network:short":"NJT","network:wikidata":"Q498553","network:wikipedia":null,"note":null,"operator":"NJ Transit","passenger_information_display":null,"public_transport":"platform","ref":"20599","route_ref":null,"shelter":"no","tactile_paving":null,"wheelchair":null,"asset_type":"Bus Stop","addr:city":null,"addr:housenumber":null,"addr:postcode":null,"addr:state":null,"addr:street":null,"addr:street:corner":null,"alt_name":null,"boundary":null,"ele":null,"gnis:feature_id":null,"leisure":null,"name:es":null,"opening_hours":null,"protect_class":null,"protection_title":null,"source":null,"type":null,"website":null,"wikidata":null,"wikipedia":null,"access":null,"barrier":null,"playground":null,"playground:theme":null,"survey:date":null,"place":null,"start_date":null,"surface":null,"amenity":null,"area":null,"denomination":null,"fax":null,"fence_type":null,"grades":null,"mascot":null,"name:en":null,"name:etymology:wikidata":null,"phone":null,"religion":null,"layer":"Bus Stops_points","path":"C:/Users/PMLS/Downloads/Hackathon work/Bus Stops_points.gpkg"},"geometry":{"type":"Point","coordinates":[-74.0813436,40.7134656]}},
{"type":"Feature","properties":{"fid":350,"id":"node/11480977202","@id":"node/11480977202","bench":null,"bin":null,"bus":"yes","construction":null,"covered":null,"description":null,"fixme":null,"gtfs:stop_id":null,"gtfs_stop_code":null,"highway":"bus_stop","level":null,"lit":null,"local_ref":null,"name":"River Terminal (Central Ave)","network":"NJ Transit","network:short":"NJT","network:wikidata":"Q498553","network:wikipedia":null,"note":null,"operator":null,"passenger_information_display":null,"public_transport":"platform","ref":"21239","route_ref":null,"shelter":"yes","tactile_paving":null,"wheelchair":null,"asset_type":"Bus Stop","addr:city":null,"addr:housenumber":null,"addr:postcode":null,"addr:state":null,"addr:street":null,"addr:street:corner":null,"alt_name":null,"boundary":null,"ele":null,"gnis:feature_id":null,"leisure":null,"name:es":null,"opening_hours":null,"protect_class":null,"protection_title":null,"source":null,"type":null,"website":null,"wikidata":null,"wikipedia":null,"access":null,"barrier":null,"playground":null,"playground:theme":null,"survey:date":null,"place":null,"start_date":null,"surface":null,"amenity":null,"area":null,"denomination":null,"fax":null,"fence_type":null,"grades":null,"mascot":null,"name:en":null,"name:etymology:wikidata":null,"phone":null,"religion":null,"layer":"Bus Stops_points","path":"C:/Users/PMLS/Downloads/Hackathon work/Bus Stops_points.gpkg"},"geometry":{"type":"Point","coordinates":[-74.113414,40.7216443]}},
{"type":"Feature","properties":{"fid":351,"id":"node/12536583885","@id":"node/12536583885","bench":null,"bin":null,"bus":"yes","construction":null,"covered":null,"description":null,"fixme":null,"gtfs:stop_id":null,"gtfs_stop_code":null,"highway":"bus_stop","level":null,"lit":null,"local_ref":null,"name":"Communipaw Ave At Van Horne St","network":"NJ Transit","network:short":"NJT","network:wikidata":"Q498553","network:wikipedia":null,"note":null,"operator":null,"passenger_information_display":null,"public_transport":"platform","ref":"20655","route_ref":null,"shelter":"no","tactile_paving":null,"wheelchair":null,"asset_type":"Bus Stop","addr:city":null,"addr:housenumber":null,"addr:postcode":null,"addr:state":null,"addr:street":null,"addr:street:corner":null,"alt_name":null,"boundary":null,"ele":null,"gnis:feature_id":null,"leisure":null,"name:es":null,"opening_hours":null,"protect_class":null,"protection_title":null,"source":null,"type":null,"website":null,"wikidata":null,"wikipedia":null,"access":null,"barrier":null,"playground":null,"playground:theme":null,"survey:date":null,"place":null,"start_date":null,"surface":null,"amenity":null,"area":null,"denomination":null,"fax":null,"fence_type":null,"grades":null,"mascot":null,"name:en":null,"name:etymology:wikidata":null,"phone":null,"religion":null,"layer":"Bus Stops_points","path":"C:/Users/PMLS/Downloads/Hackathon work/Bus Stops_points.gpkg"},"geometry":{"type":"Point","coordinates":[-74.0640896,40.7125533]}},
{"type":"Feature","properties":{"fid":352,"id":"node/12536869855","@id":"node/12536869855","bench":null,"bin":null,"bus":"yes","construction":null,"covered":null,"description":null,"fixme":null,"gtfs:stop_id":null,"gtfs_stop_code":null,"highway":"bus_stop","level":null,"lit":null,"local_ref":null,"name":"Pacific Ave At Communipaw Ave","network":"NJ Transit","network:short":"NJT","network:wikidata":"Q498553","network:wikipedia":null,"note":null,"operator":null,"passenger_information_display":null,"public_transport":"platform","ref":"30890","route_ref":null,"shelter":"no","tactile_paving":null,"wheelchair":null,"asset_type":"Bus Stop","addr:city":null,"addr:housenumber":null,"addr:postcode":null,"addr:state":null,"addr:street":null,"addr:street:corner":null,"alt_name":null,"boundary":null,"ele":null,"gnis:feature_id":null,"leisure":null,"name:es":null,"opening_hours":null,"protect_class":null,"protection_title":null,"source":null,"type":null,"website":null,"wikidata":null,"wikipedia":null,"access":null,"barrier":null,"playground":null,"playground:theme":null,"survey:date":null,"place":null,"start_date":null,"surface":null,"amenity":null,"area":null,"denomination":null,"fax":null,"fence_type":null,"grades":null,"mascot":null,"name:en":null,"name:etymology:wikidata":null,"phone":null,"religion":null,"layer":"Bus Stops_points","path":"C:/Users/PMLS/Downloads/Hackathon work/Bus Stops_points.gpkg"},"geometry":{"type":"Point","coordinates":[-74.062156,40.7116886]}},
{"type":"Feature","properties":{"fid":353,"id":"node/12536869856","@id":"node/12536869856","bench":null,"bin":null,"bus":"yes","construction":null,"covered":null,"description":null,"fixme":null,"gtfs:stop_id":null,"gtfs_stop_code":null,"highway":"bus_stop","level":null,"lit":null,"local_ref":null,"name":"Pacific Ave At Ash St","network":"NJ Transit","network:short":"NJT","network:wikidata":"Q498553","network:wikipedia":null,"note":null,"operator":null,"passenger_information_display":null,"public_transport":"platform","ref":"30888","route_ref":null,"shelter":"no","tactile_paving":null,"wheelchair":null,"asset_type":"Bus Stop","addr:city":null,"addr:housenumber":null,"addr:postcode":null,"addr:state":null,"addr:street":null,"addr:street:corner":null,"alt_name":null,"boundary":null,"ele":null,"gnis:feature_id":null,"leisure":null,"name:es":null,"opening_hours":null,"protect_class":null,"protection_title":null,"source":null,"type":null,"website":null,"wikidata":null,"wikipedia":null,"access":null,"barrier":null,"playground":null,"playground:theme":null,"survey:date":null,"place":null,"start_date":null,"surface":null,"amenity":null,"area":null,"denomination":null,"fax":null,"fence_type":null,"grades":null,"mascot":null,"name:en":null,"name:etymology:wikidata":null,"phone":null,"religion":null,"layer":"Bus Stops_points","path":"C:/Users/PMLS/Downloads/Hackathon work/Bus Stops_points.gpkg"},"geometry":{"type":"Point","coordinates":[-74.0578375,40.7147589]}},
{"type":"Feature","properties":{"fid":354,"id":"node/12536869857","@id":"node/12536869857","bench":null,"bin":null,"bus":"yes","construction":null,"covered":null,"description":null,"fixme":null,"gtfs:stop_id":null,"gtfs_stop_code":null,"highway":"bus_stop","level":null,"lit":null,"local_ref":null,"name":"Pacific Ave At Ash St","network":"NJ Transit","network:short":"NJT","network:wikidata":"Q498553","network:wikipedia":null,"note":null,"operator":null,"passenger_information_display":null,"public_transport":"platform","ref":"30889","route_ref":null,"shelter":"no","tactile_paving":null,"wheelchair":null,"asset_type":"Bus Stop","addr:city":null,"addr:housenumber":null,"addr:postcode":null,"addr:state":null,"addr:street":null,"addr:street:corner":null,"alt_name":null,"boundary":null,"ele":null,"gnis:feature_id":null,"leisure":null,"name:es":null,"opening_hours":null,"protect_class":null,"protection_title":null,"source":null,"type":null,"website":null,"wikidata":null,"wikipedia":null,"access":null,"barrier":null,"playground":null,"playground:theme":null,"survey:date":null,"place":null,"start_date":null,"surface":null,"amenity":null,"area":null,"denomination":null,"fax":null,"fence_type":null,"grades":null,"mascot":null,"name:en":null,"name:etymology:wikidata":null,"phone":null,"religion":null,"layer":"Bus Stops_points","path":"C:/Users/PMLS/Downloads/Hackathon work/Bus Stops_points.gpkg"},"geometry":{"type":"Point","coordinates":[-74.0577015,40.7150436]}},
{"type":"Feature","properties":{"fid":355,"id":"node/12536869858","@id":"node/12536869858","bench":null,"bin":null,"bus":"yes","construction":null,"covered":null,"description":null,"fixme":null,"gtfs:stop_id":null,"gtfs_stop_code":null,"highway":"bus_stop","level":null,"lit":null,"local_ref":null,"name":"Pacific Ave At Barbara Pl","network":"NJ Transit","network:short":"NJT","network:wikidata":"Q498553","network:wikipedia":null,"note":null,"operator":null,"passenger_information_display":null,"public_transport":"platform","ref":"30886","route_ref":null,"shelter":"no","tactile_paving":null,"wheelchair":null,"asset_type":"Bus Stop","addr:city":null,"addr:housenumber":null,"addr:postcode":null,"addr:state":null,"addr:street":null,"addr:street:corner":null,"alt_name":null,"boundary":null,"ele":null,"gnis:feature_id":null,"leisure":null,"name:es":null,"opening_hours":null,"protect_class":null,"protection_title":null,"source":null,"type":null,"website":null,"wikidata":null,"wikipedia":null,"access":null,"barrier":null,"playground":null,"playground:theme":null,"survey:date":null,"place":null,"start_date":null,"surface":null,"amenity":null,"area":null,"denomination":null,"fax":null,"fence_type":null,"grades":null,"mascot":null,"name:en":null,"name:etymology:wikidata":null,"phone":null,"religion":null,"layer":"Bus Stops_points","path":"C:/Users/PMLS/Downloads/Hackathon work/Bus Stops_points.gpkg"},"geometry":{"type":"Point","coordinates":[-74.0566628,40.715589]}},
{"type":"Feature","properties":{"fid":356,"id":"node/12536869859","@id":"node/12536869859","bench":null,"bin":null,"bus":"yes","construction":null,"covered":null,"description":null,"fixme":null,"gtfs:stop_id":null,"gtfs_stop_code":null,"highway":"bus_stop","level":null,"lit":null,"local_ref":null,"name":"Grand St At Grove St","network":"NJ Transit","network:short":"NJT","network:wikidata":"Q498553","network:wikipedia":null,"note":null,"operator":null,"passenger_information_display":null,"public_transport":"platform","ref":"20757","route_ref":null,"shelter":"no","tactile_paving":null,"wheelchair":null,"asset_type":"Bus Stop","addr:city":null,"addr:housenumber":null,"addr:postcode":null,"addr:state":null,"addr:street":null,"addr:street:corner":null,"alt_name":null,"boundary":null,"ele":null,"gnis:feature_id":null,"leisure":null,"name:es":null,"opening_hours":null,"protect_class":null,"protection_title":null,"source":null,"type":null,"website":null,"wikidata":null,"wikipedia":null,"access":null,"barrier":null,"playground":null,"playground:theme":null,"survey:date":null,"place":null,"start_date":null,"surface":null,"amenity":null,"area":null,"denomination":null,"fax":null,"fence_type":null,"grades":null,"mascot":null,"name:en":null,"name:etymology:wikidata":null,"phone":null,"religion":null,"layer":"Bus Stops_points","path":"C:/Users/PMLS/Downloads/Hackathon work/Bus Stops_points.gpkg"},"geometry":{"type":"Point","coordinates":[-74.0444057,40.7159644]}},
{"type":"Feature","properties":{"fid":357,"id":"node/12537649801","@id":"node/12537649801","bench":null,"bin":null,"bus":"yes","construction":null,"covered":null,"description":null,"fixme":"confirm location","gtfs:stop_id":null,"gtfs_stop_code":null,"highway":"bus_stop","level":null,"lit":null,"local_ref":null,"name":"West Side Ave At Stuyvesant Ave","network":"NJ Transit","network:short":"NJT","network:wikidata":"Q498553","network:wikipedia":null,"note":null,"operator":null,"passenger_information_display":null,"public_transport":"platform","ref":"33247","route_ref":null,"shelter":null,"tactile_paving":null,"wheelchair":null,"asset_type":"Bus Stop","addr:city":null,"addr:housenumber":null,"addr:postcode":null,"addr:state":null,"addr:street":null,"addr:street:corner":null,"alt_name":null,"boundary":null,"ele":null,"gnis:feature_id":null,"leisure":null,"name:es":null,"opening_hours":null,"protect_class":null,"protection_title":null,"source":null,"type":null,"website":null,"wikidata":null,"wikipedia":null,"access":null,"barrier":null,"playground":null,"playground:theme":null,"survey:date":null,"place":null,"start_date":null,"surface":null,"amenity":null,"area":null,"denomination":null,"fax":null,"fence_type":null,"grades":null,"mascot":null,"name:en":null,"name:etymology:wikidata":null,"phone":null,"religion":null,"layer":"Bus Stops_points","path":"C:/Users/PMLS/Downloads/Hackathon work/Bus Stops_points.gpkg"},"geometry":{"type":"Point","coordinates":[-74.0735465,40.7309898]}},
{"type":"Feature","properties":{"fid":358,"id":"node/12539615444","@id":"node/12539615444","bench":null,"bin":null,"bus":"yes","construction":"yes","covered":null,"description":"Plotform C1","fixme":null,"gtfs:stop_id":"2916","gtfs_stop_code":"20883","highway":"bus_stop","level":"0","lit":null,"local_ref":"C1","name":"Journal Square Transportation Center","network":"NJ Transit","network:short":"NJT","network:wikidata":"Q498553","network:wikipedia":null,"note":null,"operator":"Port Authority of New York and New Jersey","passenger_information_display":null,"public_transport":"platform","ref":"20883","route_ref":"1;2;6;64;67;80;83;84;88;125;319;AC30","shelter":null,"tactile_paving":null,"wheelchair":null,"asset_type":"Bus Stop","addr:city":null,"addr:housenumber":null,"addr:postcode":null,"addr:state":null,"addr:street":null,"addr:street:corner":null,"alt_name":null,"boundary":null,"ele":null,"gnis:feature_id":null,"leisure":null,"name:es":null,"opening_hours":null,"protect_class":null,"protection_title":null,"source":null,"type":null,"website":null,"wikidata":null,"wikipedia":null,"access":null,"barrier":null,"playground":null,"playground:theme":null,"survey:date":null,"place":null,"start_date":null,"surface":null,"amenity":null,"area":null,"denomination":null,"fax":null,"fence_type":null,"grades":null,"mascot":null,"name:en":null,"name:etymology:wikidata":null,"phone":null,"religion":null,"layer":"Bus Stops_points","path":"C:/Users/PMLS/Downloads/Hackathon work/Bus Stops_points.gpkg"},"geometry":{"type":"Point","coordinates":[-74.0618889,40.7326206]}},
{"type":"Feature","properties":{"fid":359,"id":"node/12539615445","@id":"node/12539615445","bench":null,"bin":null,"bus":"yes","construction":"yes","covered":null,"description":"Plotform C2","fixme":null,"gtfs:stop_id":"2916","gtfs_stop_code":"20883","highway":"bus_stop","level":"0","lit":null,"local_ref":"C2","name":"Journal Square Transportation Center","network":"NJ Transit","network:short":"NJT","network:wikidata":"Q498553","network:wikipedia":null,"note":null,"operator":"Port Authority of New York and New Jersey","passenger_information_display":null,"public_transport":"platform","ref":"20883","route_ref":"1;2;6;64;67;80;83;84;88;125;319;AC30","shelter":null,"tactile_paving":null,"wheelchair":null,"asset_type":"Bus Stop","addr:city":null,"addr:housenumber":null,"addr:postcode":null,"addr:state":null,"addr:street":null,"addr:street:corner":null,"alt_name":null,"boundary":null,"ele":null,"gnis:feature_id":null,"leisure":null,"name:es":null,"opening_hours":null,"protect_class":null,"protection_title":null,"source":null,"type":null,"website":null,"wikidata":null,"wikipedia":null,"access":null,"barrier":null,"playground":null,"playground:theme":null,"survey:date":null,"place":null,"start_date":null,"surface":null,"amenity":null,"area":null,"denomination":null,"fax":null,"fence_type":null,"grades":null,"mascot":null,"name:en":null,"name:etymology:wikidata":null,"phone":null,"religion":null,"layer":"Bus Stops_points","path":"C:/Users/PMLS/Downloads/Hackathon work/Bus Stops_points.gpkg"},"geometry":{"type":"Point","coordinates":[-74.0619547,40.7323239]}},
{"type":"Feature","properties":{"fid":360,"id":"node/12539615446","@id":"node/12539615446","bench":null,"bin":null,"bus":"yes","construction":"yes","covered":null,"description":"Plotform C4","fixme":null,"gtfs:stop_id":"2916","gtfs_stop_code":"20883","highway":"bus_stop","level":"0","lit":null,"local_ref":"C4","name":"Journal Square Transportation Center","network":"NJ Transit","network:short":"NJT","network:wikidata":"Q498553","network:wikipedia":null,"note":null,"operator":"Port Authority of New York and New Jersey","passenger_information_display":null,"public_transport":"platform","ref":"20883","route_ref":"1;2;6;64;67;80;83;84;88;125;319;AC30","shelter":null,"tactile_paving":null,"wheelchair":null,"asset_type":"Bus Stop","addr:city":null,"addr:housenumber":null,"addr:postcode":null,"addr:state":null,"addr:street":null,"addr:street:corner":null,"alt_name":null,"boundary":null,"ele":null,"gnis:feature_id":null,"leisure":null,"name:es":null,"opening_hours":null,"protect_class":null,"protection_title":null,"source":null,"type":null,"website":null,"wikidata":null,"wikipedia":null,"access":null,"barrier":null,"playground":null,"playground:theme":null,"survey:date":null,"place":null,"start_date":null,"surface":null,"amenity":null,"area":null,"denomination":null,"fax":null,"fence_type":null,"grades":null,"mascot":null,"name:en":null,"name:etymology:wikidata":null,"phone":null,"religion":null,"layer":"Bus Stops_points","path":"C:/Users/PMLS/Downloads/Hackathon work/Bus Stops_points.gpkg"},"geometry":{"type":"Point","coordinates":[-74.0621312,40.7315005]}},
{"type":"Feature","properties":{"fid":361,"id":"node/12539615447","@id":"node/12539615447","bench":null,"bin":null,"bus":"yes","construction":null,"covered":null,"description":"Plotform D2","fixme":null,"gtfs:stop_id":"2916","gtfs_stop_code":"20883","highway":"bus_stop","level":"0","lit":null,"local_ref":"D2","name":"Journal Square Transportation Center","network":"NJ Transit","network:short":"NJT","network:wikidata":"Q498553","network:wikipedia":null,"note":null,"operator":"Port Authority of New York and New Jersey","passenger_information_display":null,"public_transport":"platform","ref":"31732","route_ref":"1;2;6;64;67;80;83;84;88;125;319;AC30","shelter":null,"tactile_paving":null,"wheelchair":null,"asset_type":"Bus Stop","addr:city":null,"addr:housenumber":null,"addr:postcode":null,"addr:state":null,"addr:street":null,"addr:street:corner":null,"alt_name":null,"boundary":null,"ele":null,"gnis:feature_id":null,"leisure":null,"name:es":null,"opening_hours":null,"protect_class":null,"protection_title":null,"source":null,"type":null,"website":null,"wikidata":null,"wikipedia":null,"access":null,"barrier":null,"playground":null,"playground:theme":null,"survey:date":null,"place":null,"start_date":null,"surface":null,"amenity":null,"area":null,"denomination":null,"fax":null,"fence_type":null,"grades":null,"mascot":null,"name:en":null,"name:etymology:wikidata":null,"phone":null,"religion":null,"layer":"Bus Stops_points","path":"C:/Users/PMLS/Downloads/Hackathon work/Bus Stops_points.gpkg"},"geometry":{"type":"Point","coordinates":[-74.0618125,40.7323097]}},
{"type":"Feature","properties":{"fid":362,"id":"node/12539615448","@id":"node/12539615448","bench":null,"bin":null,"bus":"yes","construction":null,"covered":null,"description":"Plotform D1","fixme":null,"gtfs:stop_id":"2916","gtfs_stop_code":"20883","highway":"bus_stop","level":"0","lit":null,"local_ref":"D1","name":"Journal Square Transportation Center","network":"NJ Transit","network:short":"NJT","network:wikidata":"Q498553","network:wikipedia":null,"note":null,"operator":"Port Authority of New York and New Jersey","passenger_information_display":null,"public_transport":"platform","ref":"31732","route_ref":"1;2;6;64;67;80;83;84;88;125;319;AC30","shelter":null,"tactile_paving":null,"wheelchair":null,"asset_type":"Bus Stop","addr:city":null,"addr:housenumber":null,"addr:postcode":null,"addr:state":null,"addr:street":null,"addr:street:corner":null,"alt_name":null,"boundary":null,"ele":null,"gnis:feature_id":null,"leisure":null,"name:es":null,"opening_hours":null,"protect_class":null,"protection_title":null,"source":null,"type":null,"website":null,"wikidata":null,"wikipedia":null,"access":null,"barrier":null,"playground":null,"playground:theme":null,"survey:date":null,"place":null,"start_date":null,"surface":null,"amenity":null,"area":null,"denomination":null,"fax":null,"fence_type":null,"grades":null,"mascot":null,"name:en":null,"name:etymology:wikidata":null,"phone":null,"religion":null,"layer":"Bus Stops_points","path":"C:/Users/PMLS/Downloads/Hackathon work/Bus Stops_points.gpkg"},"geometry":{"type":"Point","coordinates":[-74.0617629,40.7326064]}},
{"type":"Feature","properties":{"fid":363,"id":"node/12539615449","@id":"node/12539615449","bench":null,"bin":null,"bus":"yes","construction":null,"covered":null,"description":"Plotform D3","fixme":null,"gtfs:stop_id":"2916","gtfs_stop_code":"20883","highway":"bus_stop","level":"0","lit":null,"local_ref":"D3","name":"Journal Square Transportation Center","network":"NJ Transit","network:short":"NJT","network:wikidata":"Q498553","network:wikipedia":null,"note":null,"operator":"Port Authority of New York and New Jersey","passenger_information_display":null,"public_transport":"platform","ref":"31732","route_ref":"1;2;6;64;67;80;83;84;88;125;319;AC30","shelter":null,"tactile_paving":null,"wheelchair":null,"asset_type":"Bus Stop","addr:city":null,"addr:housenumber":null,"addr:postcode":null,"addr:state":null,"addr:street":null,"addr:street:corner":null,"alt_name":null,"boundary":null,"ele":null,"gnis:feature_id":null,"leisure":null,"name:es":null,"opening_hours":null,"protect_class":null,"protection_title":null,"source":null,"type":null,"website":null,"wikidata":null,"wikipedia":null,"access":null,"barrier":null,"playground":null,"playground:theme":null,"survey:date":null,"place":null,"start_date":null,"surface":null,"amenity":null,"area":null,"denomination":null,"fax":null,"fence_type":null,"grades":null,"mascot":null,"name:en":null,"name:etymology:wikidata":null,"phone":null,"religion":null,"layer":"Bus Stops_points","path":"C:/Users/PMLS/Downloads/Hackathon work/Bus Stops_points.gpkg"},"geometry":{"type":"Point","coordinates":[-74.0619141,40.7318518]}},
{"type":"Feature","properties":{"fid":364,"id":"node/12539615450","@id":"node/12539615450","bench":null,"bin":null,"bus":"yes","construction":null,"covered":null,"description":"Plotform D4","fixme":null,"gtfs:stop_id":"2916","gtfs_stop_code":"20883","highway":"bus_stop","level":"0","lit":null,"local_ref":"D4","name":"Journal Square Transportation Center","network":"NJ Transit","network:short":"NJT","network:wikidata":"Q498553","network:wikipedia":null,"note":null,"operator":"Port Authority of New York and New Jersey","passenger_information_display":null,"public_transport":"platform","ref":"31732","route_ref":"1;2;6;64;67;80;83;84;88;125;319;AC30","shelter":null,"tactile_paving":null,"wheelchair":null,"asset_type":"Bus Stop","addr:city":null,"addr:housenumber":null,"addr:postcode":null,"addr:state":null,"addr:street":null,"addr:street:corner":null,"alt_name":null,"boundary":null,"ele":null,"gnis:feature_id":null,"leisure":null,"name:es":null,"opening_hours":null,"protect_class":null,"protection_title":null,"source":null,"type":null,"website":null,"wikidata":null,"wikipedia":null,"access":null,"barrier":null,"playground":null,"playground:theme":null,"survey:date":null,"place":null,"start_date":null,"surface":null,"amenity":null,"area":null,"denomination":null,"fax":null,"fence_type":null,"grades":null,"mascot":null,"name:en":null,"name:etymology:wikidata":null,"phone":null,"religion":null,"layer":"Bus Stops_points","path":"C:/Users/PMLS/Downloads/Hackathon work/Bus Stops_points.gpkg"},"geometry":{"type":"Point","coordinates":[-74.0619915,40.7314792]}},
{"type":"Feature","properties":{"fid":365,"id":"node/12539615451","@id":"node/12539615451","bench":null,"bin":null,"bus":"yes","construction":null,"covered":null,"description":"Plotform B3","fixme":null,"gtfs:stop_id":"2916","gtfs_stop_code":"20883","highway":"bus_stop","level":"0","lit":null,"local_ref":"B3","name":"Journal Square Transportation Center","network":"NJ Transit","network:short":"NJT","network:wikidata":"Q498553","network:wikipedia":null,"note":null,"operator":"Port Authority of New York and New Jersey","passenger_information_display":null,"public_transport":"platform","ref":"31731","route_ref":"1;2;6;64;67;80;83;84;88;125;319;AC30","shelter":null,"tactile_paving":null,"wheelchair":null,"asset_type":"Bus Stop","addr:city":null,"addr:housenumber":null,"addr:postcode":null,"addr:state":null,"addr:street":null,"addr:street:corner":null,"alt_name":null,"boundary":null,"ele":null,"gnis:feature_id":null,"leisure":null,"name:es":null,"opening_hours":null,"protect_class":null,"protection_title":null,"source":null,"type":null,"website":null,"wikidata":null,"wikipedia":null,"access":null,"barrier":null,"playground":null,"playground:theme":null,"survey:date":null,"place":null,"start_date":null,"surface":null,"amenity":null,"area":null,"denomination":null,"fax":null,"fence_type":null,"grades":null,"mascot":null,"name:en":null,"name:etymology:wikidata":null,"phone":null,"religion":null,"layer":"Bus Stops_points","path":"C:/Users/PMLS/Downloads/Hackathon work/Bus Stops_points.gpkg"},"geometry":{"type":"Point","coordinates":[-74.0621867,40.7323503]}},
{"type":"Feature","properties":{"fid":366,"id":"node/12539615452","@id":"node/12539615452","bench":null,"bin":null,"bus":"yes","construction":null,"covered":null,"description":"Plotform B4","fixme":null,"gtfs:stop_id":"2916","gtfs_stop_code":"20883","highway":"bus_stop","level":"0","lit":null,"local_ref":"B4","name":"Journal Square Transportation Center","network":"NJ Transit","network:short":"NJT","network:wikidata":"Q498553","network:wikipedia":null,"note":null,"operator":"Port Authority of New York and New Jersey","passenger_information_display":null,"public_transport":"platform","ref":"31731","route_ref":"1;2;6;64;67;80;83;84;88;125;319;AC30","shelter":null,"tactile_paving":null,"wheelchair":null,"asset_type":"Bus Stop","addr:city":null,"addr:housenumber":null,"addr:postcode":null,"addr:state":null,"addr:street":null,"addr:street:corner":null,"alt_name":null,"boundary":null,"ele":null,"gnis:feature_id":null,"leisure":null,"name:es":null,"opening_hours":null,"protect_class":null,"protection_title":null,"source":null,"type":null,"website":null,"wikidata":null,"wikipedia":null,"access":null,"barrier":null,"playground":null,"playground:theme":null,"survey:date":null,"place":null,"start_date":null,"surface":null,"amenity":null,"area":null,"denomination":null,"fax":null,"fence_type":null,"grades":null,"mascot":null,"name:en":null,"name:etymology:wikidata":null,"phone":null,"religion":null,"layer":"Bus Stops_points","path":"C:/Users/PMLS/Downloads/Hackathon work/Bus Stops_points.gpkg"},"geometry":{"type":"Point","coordinates":[-74.0621236,40.732642]}},
{"type":"Feature","properties":{"fid":367,"id":"node/12539615453","@id":"node/12539615453","bench":null,"bin":null,"bus":"yes","construction":null,"covered":null,"description":"Plotform B2","fixme":null,"gtfs:stop_id":"2916","gtfs_stop_code":"20883","highway":"bus_stop","level":"0","lit":null,"local_ref":"B2","name":"Journal Square Transportation Center","network":"NJ Transit","network:short":"NJT","network:wikidata":"Q498553","network:wikipedia":null,"note":null,"operator":"Port Authority of New York and New Jersey","passenger_information_display":null,"public_transport":"platform","ref":"31731","route_ref":"1;2;6;64;67;80;83;84;88;125;319;AC30","shelter":null,"tactile_paving":null,"wheelchair":null,"asset_type":"Bus Stop","addr:city":null,"addr:housenumber":null,"addr:postcode":null,"addr:state":null,"addr:street":null,"addr:street:corner":null,"alt_name":null,"boundary":null,"ele":null,"gnis:feature_id":null,"leisure":null,"name:es":null,"opening_hours":null,"protect_class":null,"protection_title":null,"source":null,"type":null,"website":null,"wikidata":null,"wikipedia":null,"access":null,"barrier":null,"playground":null,"playground:theme":null,"survey:date":null,"place":null,"start_date":null,"surface":null,"amenity":null,"area":null,"denomination":null,"fax":null,"fence_type":null,"grades":null,"mascot":null,"name:en":null,"name:etymology:wikidata":null,"phone":null,"religion":null,"layer":"Bus Stops_points","path":"C:/Users/PMLS/Downloads/Hackathon work/Bus Stops_points.gpkg"},"geometry":{"type":"Point","coordinates":[-74.0622773,40.7318862]}},
{"type":"Feature","properties":{"fid":368,"id":"node/12539615454","@id":"node/12539615454","bench":null,"bin":null,"bus":"yes","construction":null,"covered":null,"description":"Plotform B1","fixme":null,"gtfs:stop_id":"2916","gtfs_stop_code":"20883","highway":"bus_stop","level":"0","lit":null,"local_ref":"B1","name":"Journal Square Transportation Center","network":"NJ Transit","network:short":"NJT","network:wikidata":"Q498553","network:wikipedia":null,"note":null,"operator":"Port Authority of New York and New Jersey","passenger_information_display":null,"public_transport":"platform","ref":"31731","route_ref":"1;2;6;64;67;80;83;84;88;125;319;AC30","shelter":null,"tactile_paving":null,"wheelchair":null,"asset_type":"Bus Stop","addr:city":null,"addr:housenumber":null,"addr:postcode":null,"addr:state":null,"addr:street":null,"addr:street:corner":null,"alt_name":null,"boundary":null,"ele":null,"gnis:feature_id":null,"leisure":null,"name:es":null,"opening_hours":null,"protect_class":null,"protection_title":null,"source":null,"type":null,"website":null,"wikidata":null,"wikipedia":null,"access":null,"barrier":null,"playground":null,"playground:theme":null,"survey:date":null,"place":null,"start_date":null,"surface":null,"amenity":null,"area":null,"denomination":null,"fax":null,"fence_type":null,"grades":null,"mascot":null,"name:en":null,"name:etymology:wikidata":null,"phone":null,"religion":null,"layer":"Bus Stops_points","path":"C:/Users/PMLS/Downloads/Hackathon work/Bus Stops_points.gpkg"},"geometry":{"type":"Point","coordinates":[-74.0623498,40.7315265]}},
{"type":"Feature","properties":{"fid":369,"id":"node/12539615456","@id":"node/12539615456","bench":null,"bin":null,"bus":"yes","construction":null,"covered":null,"description":"Plotform A1","fixme":null,"gtfs:stop_id":"2916","gtfs_stop_code":"20883","highway":"bus_stop","level":"0","lit":null,"local_ref":"A1","name":"Journal Square Transportation Center","network":"NJ Transit","network:short":"NJT","network:wikidata":"Q498553","network:wikipedia":null,"note":null,"operator":"Port Authority of New York and New Jersey","passenger_information_display":null,"public_transport":"platform","ref":null,"route_ref":"1;2;6;64;67;80;83;84;88;125;319;AC30","shelter":null,"tactile_paving":null,"wheelchair":null,"asset_type":"Bus Stop","addr:city":null,"addr:housenumber":null,"addr:postcode":null,"addr:state":null,"addr:street":null,"addr:street:corner":null,"alt_name":null,"boundary":null,"ele":null,"gnis:feature_id":null,"leisure":null,"name:es":null,"opening_hours":null,"protect_class":null,"protection_title":null,"source":null,"type":null,"website":null,"wikidata":null,"wikipedia":null,"access":null,"barrier":null,"playground":null,"playground:theme":null,"survey:date":null,"place":null,"start_date":null,"surface":null,"amenity":null,"area":null,"denomination":null,"fax":null,"fence_type":null,"grades":null,"mascot":null,"name:en":null,"name:etymology:wikidata":null,"phone":null,"religion":null,"layer":"Bus Stops_points","path":"C:/Users/PMLS/Downloads/Hackathon work/Bus Stops_points.gpkg"},"geometry":{"type":"Point","coordinates":[-74.0624658,40.7315434]}},
{"type":"Feature","properties":{"fid":370,"id":"node/12539615457","@id":"node/12539615457","bench":null,"bin":null,"bus":"yes","construction":null,"covered":null,"description":"Plotform A2","fixme":null,"gtfs:stop_id":"2916","gtfs_stop_code":"20883","highway":"bus_stop","level":"0","lit":null,"local_ref":"A2","name":"Journal Square Transportation Center","network":"NJ Transit","network:short":"NJT","network:wikidata":"Q498553","network:wikipedia":null,"note":null,"operator":"Port Authority of New York and New Jersey","passenger_information_display":null,"public_transport":"platform","ref":null,"route_ref":"1;2;6;64;67;80;83;84;88;125;319;AC30","shelter":null,"tactile_paving":null,"wheelchair":null,"asset_type":"Bus Stop","addr:city":null,"addr:housenumber":null,"addr:postcode":null,"addr:state":null,"addr:street":null,"addr:street:corner":null,"alt_name":null,"boundary":null,"ele":null,"gnis:feature_id":null,"leisure":null,"name:es":null,"opening_hours":null,"protect_class":null,"protection_title":null,"source":null,"type":null,"website":null,"wikidata":null,"wikipedia":null,"access":null,"barrier":null,"playground":null,"playground:theme":null,"survey:date":null,"place":null,"start_date":null,"surface":null,"amenity":null,"area":null,"denomination":null,"fax":null,"fence_type":null,"grades":null,"mascot":null,"name:en":null,"name:etymology:wikidata":null,"phone":null,"religion":null,"layer":"Bus Stops_points","path":"C:/Users/PMLS/Downloads/Hackathon work/Bus Stops_points.gpkg"},"geometry":{"type":"Point","coordinates":[-74.0623869,40.7318993]}},
{"type":"Feature","properties":{"fid":371,"id":"node/12539615458","@id":"node/12539615458","bench":null,"bin":null,"bus":"yes","construction":null,"covered":null,"description":"Plotform A3","fixme":null,"gtfs:stop_id":"2916","gtfs_stop_code":"20883","highway":"bus_stop","level":"0","lit":null,"local_ref":"A3","name":"Journal Square Transportation Center","network":"NJ Transit","network:short":"NJT","network:wikidata":"Q498553","network:wikipedia":null,"note":null,"operator":"Port Authority of New York and New Jersey","passenger_information_display":null,"public_transport":"platform","ref":null,"route_ref":"1;2;6;64;67;80;83;84;88;125;319;AC30","shelter":null,"tactile_paving":null,"wheelchair":null,"asset_type":"Bus Stop","addr:city":null,"addr:housenumber":null,"addr:postcode":null,"addr:state":null,"addr:street":null,"addr:street:corner":null,"alt_name":null,"boundary":null,"ele":null,"gnis:feature_id":null,"leisure":null,"name:es":null,"opening_hours":null,"protect_class":null,"protection_title":null,"source":null,"type":null,"website":null,"wikidata":null,"wikipedia":null,"access":null,"barrier":null,"playground":null,"playground:theme":null,"survey:date":null,"place":null,"start_date":null,"surface":null,"amenity":null,"area":null,"denomination":null,"fax":null,"fence_type":null,"grades":null,"mascot":null,"name:en":null,"name:etymology:wikidata":null,"phone":null,"religion":null,"layer":"Bus Stops_points","path":"C:/Users/PMLS/Downloads/Hackathon work/Bus Stops_points.gpkg"},"geometry":{"type":"Point","coordinates":[-74.0622932,40.7323597]}},
{"type":"Feature","properties":{"fid":372,"id":"node/12539615459","@id":"node/12539615459","bench":null,"bin":null,"bus":"yes","construction":null,"covered":null,"description":"Plotform A4","fixme":null,"gtfs:stop_id":"2916","gtfs_stop_code":"20883","highway":"bus_stop","level":"0","lit":null,"local_ref":"A4","name":"Journal Square Transportation Center","network":"NJ Transit","network:short":"NJT","network:wikidata":"Q498553","network:wikipedia":null,"note":null,"operator":"Port Authority of New York and New Jersey","passenger_information_display":null,"public_transport":"platform","ref":null,"route_ref":"1;2;6;64;67;80;83;84;88;125;319;AC30","shelter":null,"tactile_paving":null,"wheelchair":null,"asset_type":"Bus Stop","addr:city":null,"addr:housenumber":null,"addr:postcode":null,"addr:state":null,"addr:street":null,"addr:street:corner":null,"alt_name":null,"boundary":null,"ele":null,"gnis:feature_id":null,"leisure":null,"name:es":null,"opening_hours":null,"protect_class":null,"protection_title":null,"source":null,"type":null,"website":null,"wikidata":null,"wikipedia":null,"access":null,"barrier":null,"playground":null,"playground:theme":null,"survey:date":null,"place":null,"start_date":null,"surface":null,"amenity":null,"area":null,"denomination":null,"fax":null,"fence_type":null,"grades":null,"mascot":null,"name:en":null,"name:etymology:wikidata":null,"phone":null,"religion":null,"layer":"Bus Stops_points","path":"C:/Users/PMLS/Downloads/Hackathon work/Bus Stops_points.gpkg"},"geometry":{"type":"Point","coordinates":[-74.0622357,40.7326525]}},
{"type":"Feature","properties":{"fid":373,"id":"node/12582795795","@id":"node/12582795795","bench":null,"bin":null,"bus":"yes","construction":null,"covered":null,"description":null,"fixme":null,"gtfs:stop_id":null,"gtfs_stop_code":null,"highway":"bus_stop","level":null,"lit":null,"local_ref":"Sip Ave","name":"Journal Square Transportation Center","network":"NJ Transit","network:short":"NJT","network:wikidata":"Q498553","network:wikipedia":null,"note":"Temporary bus stop","operator":"Port Authority of New York and New Jersey","passenger_information_display":null,"public_transport":"platform","ref":null,"route_ref":null,"shelter":"no","tactile_paving":null,"wheelchair":null,"asset_type":"Bus Stop","addr:city":null,"addr:housenumber":null,"addr:postcode":null,"addr:state":null,"addr:street":null,"addr:street:corner":null,"alt_name":null,"boundary":null,"ele":null,"gnis:feature_id":null,"leisure":null,"name:es":null,"opening_hours":null,"protect_class":null,"protection_title":null,"source":null,"type":null,"website":null,"wikidata":null,"wikipedia":null,"access":null,"barrier":null,"playground":null,"playground:theme":null,"survey:date":null,"place":null,"start_date":null,"surface":null,"amenity":null,"area":null,"denomination":null,"fax":null,"fence_type":null,"grades":null,"mascot":null,"name:en":null,"name:etymology:wikidata":null,"phone":null,"religion":null,"layer":"Bus Stops_points","path":"C:/Users/PMLS/Downloads/Hackathon work/Bus Stops_points.gpkg"},"geometry":{"type":"Point","coordinates":[-74.0621947,40.7306336]}},
{"type":"Feature","properties":{"fid":374,"id":"node/13332758690","@id":"node/13332758690","bench":null,"bin":null,"bus":"yes","construction":null,"covered":null,"description":null,"fixme":null,"gtfs:stop_id":null,"gtfs_stop_code":null,"highway":"bus_stop","level":null,"lit":null,"local_ref":null,"name":"Summit Ave At Newkirk St","network":"NJ Transit","network:short":"NJT","network:wikidata":"Q498553","network:wikipedia":null,"note":null,"operator":"NJ Transit","passenger_information_display":null,"public_transport":"platform","ref":"21125","route_ref":null,"shelter":null,"tactile_paving":null,"wheelchair":null,"asset_type":"Bus Stop","addr:city":null,"addr:housenumber":null,"addr:postcode":null,"addr:state":null,"addr:street":null,"addr:street:corner":null,"alt_name":null,"boundary":null,"ele":null,"gnis:feature_id":null,"leisure":null,"name:es":null,"opening_hours":null,"protect_class":null,"protection_title":null,"source":null,"type":null,"website":null,"wikidata":null,"wikipedia":null,"access":null,"barrier":null,"playground":null,"playground:theme":null,"survey:date":null,"place":null,"start_date":null,"surface":null,"amenity":null,"area":null,"denomination":null,"fax":null,"fence_type":null,"grades":null,"mascot":null,"name:en":null,"name:etymology:wikidata":null,"phone":null,"religion":null,"layer":"Bus Stops_points","path":"C:/Users/PMLS/Downloads/Hackathon work/Bus Stops_points.gpkg"},"geometry":{"type":"Point","coordinates":[-74.0629339,40.7284026]}},
{"type":"Feature","properties":{"fid":375,"id":"node/13332758691","@id":"node/13332758691","bench":null,"bin":null,"bus":"yes","construction":null,"covered":null,"description":null,"fixme":null,"gtfs:stop_id":null,"gtfs_stop_code":null,"highway":"bus_stop","level":null,"lit":null,"local_ref":null,"name":"Summit Ave 130'N Of Academy St","network":"NJ Transit","network:short":"NJT","network:wikidata":"Q498553","network:wikipedia":null,"note":null,"operator":"NJ Transit","passenger_information_display":null,"public_transport":"platform","ref":"21099","route_ref":null,"shelter":null,"tactile_paving":null,"wheelchair":null,"asset_type":"Bus Stop","addr:city":null,"addr:housenumber":null,"addr:postcode":null,"addr:state":null,"addr:street":null,"addr:street:corner":null,"alt_name":null,"boundary":null,"ele":null,"gnis:feature_id":null,"leisure":null,"name:es":null,"opening_hours":null,"protect_class":null,"protection_title":null,"source":null,"type":null,"website":null,"wikidata":null,"wikipedia":null,"access":null,"barrier":null,"playground":null,"playground:theme":null,"survey:date":null,"place":null,"start_date":null,"surface":null,"amenity":null,"area":null,"denomination":null,"fax":null,"fence_type":null,"grades":null,"mascot":null,"name:en":null,"name:etymology:wikidata":null,"phone":null,"religion":null,"layer":"Bus Stops_points","path":"C:/Users/PMLS/Downloads/Hackathon work/Bus Stops_points.gpkg"},"geometry":{"type":"Point","coordinates":[-74.0631696,40.7280109]}},
{"type":"Feature","properties":{"fid":376,"id":"node/13334301044","@id":"node/13334301044","bench":null,"bin":null,"bus":"yes","construction":null,"covered":null,"description":null,"fixme":null,"gtfs:stop_id":null,"gtfs_stop_code":null,"highway":"bus_stop","level":null,"lit":null,"local_ref":null,"name":"Ocean Ave At Carteret Ave","network":"NJ Transit","network:short":"NJT","network:wikidata":"Q498553","network:wikipedia":null,"note":null,"operator":"NJ Transit","passenger_information_display":null,"public_transport":"platform","ref":"32047","route_ref":null,"shelter":null,"tactile_paving":null,"wheelchair":null,"asset_type":"Bus Stop","addr:city":null,"addr:housenumber":null,"addr:postcode":null,"addr:state":null,"addr:street":null,"addr:street:corner":null,"alt_name":null,"boundary":null,"ele":null,"gnis:feature_id":null,"leisure":null,"name:es":null,"opening_hours":null,"protect_class":null,"protection_title":null,"source":null,"type":null,"website":null,"wikidata":null,"wikipedia":null,"access":null,"barrier":null,"playground":null,"playground:theme":null,"survey:date":null,"place":null,"start_date":null,"surface":null,"amenity":null,"area":null,"denomination":null,"fax":null,"fence_type":null,"grades":null,"mascot":null,"name:en":null,"name:etymology:wikidata":null,"phone":null,"religion":null,"layer":"Bus Stops_points","path":"C:/Users/PMLS/Downloads/Hackathon work/Bus Stops_points.gpkg"},"geometry":{"type":"Point","coordinates":[-74.0763954,40.7099032]}},
{"type":"Feature","properties":{"fid":377,"id":"node/13334301045","@id":"node/13334301045","bench":null,"bin":null,"bus":"yes","construction":null,"covered":null,"description":null,"fixme":null,"gtfs:stop_id":null,"gtfs_stop_code":null,"highway":"bus_stop","level":null,"lit":null,"local_ref":null,"name":"Ocean Ave At Kearney Ave","network":"NJ Transit","network:short":"NJT","network:wikidata":"Q498553","network:wikipedia":null,"note":null,"operator":"NJ Transit","passenger_information_display":null,"public_transport":"platform","ref":"32046","route_ref":null,"shelter":null,"tactile_paving":null,"wheelchair":null,"asset_type":"Bus Stop","addr:city":null,"addr:housenumber":null,"addr:postcode":null,"addr:state":null,"addr:street":null,"addr:street:corner":null,"alt_name":null,"boundary":null,"ele":null,"gnis:feature_id":null,"leisure":null,"name:es":null,"opening_hours":null,"protect_class":null,"protection_title":null,"source":null,"type":null,"website":null,"wikidata":null,"wikipedia":null,"access":null,"barrier":null,"playground":null,"playground:theme":null,"survey:date":null,"place":null,"start_date":null,"surface":null,"amenity":null,"area":null,"denomination":null,"fax":null,"fence_type":null,"grades":null,"mascot":null,"name:en":null,"name:etymology:wikidata":null,"phone":null,"religion":null,"layer":"Bus Stops_points","path":"C:/Users/PMLS/Downloads/Hackathon work/Bus Stops_points.gpkg"},"geometry":{"type":"Point","coordinates":[-74.0765224,40.7093104]}},
{"type":"Feature","properties":{"fid":378,"id":"node/13334301046","@id":"node/13334301046","bench":null,"bin":null,"bus":"yes","construction":null,"covered":null,"description":null,"fixme":null,"gtfs:stop_id":null,"gtfs_stop_code":null,"highway":"bus_stop","level":null,"lit":null,"local_ref":null,"name":"Ocean Ave At Myrtle Ave","network":"NJ Transit","network:short":"NJT","network:wikidata":"Q498553","network:wikipedia":null,"note":null,"operator":"NJ Transit","passenger_information_display":null,"public_transport":"platform","ref":"20994","route_ref":null,"shelter":null,"tactile_paving":null,"wheelchair":null,"asset_type":"Bus Stop","addr:city":null,"addr:housenumber":null,"addr:postcode":null,"addr:state":null,"addr:street":null,"addr:street:corner":null,"alt_name":null,"boundary":null,"ele":null,"gnis:feature_id":null,"leisure":null,"name:es":null,"opening_hours":null,"protect_class":null,"protection_title":null,"source":null,"type":null,"website":null,"wikidata":null,"wikipedia":null,"access":null,"barrier":null,"playground":null,"playground:theme":null,"survey:date":null,"place":null,"start_date":null,"surface":null,"amenity":null,"area":null,"denomination":null,"fax":null,"fence_type":null,"grades":null,"mascot":null,"name:en":null,"name:etymology:wikidata":null,"phone":null,"religion":null,"layer":"Bus Stops_points","path":"C:/Users/PMLS/Downloads/Hackathon work/Bus Stops_points.gpkg"},"geometry":{"type":"Point","coordinates":[-74.0779282,40.706709]}},
{"type":"Feature","properties":{"fid":379,"id":"node/13334674234","@id":"node/13334674234","bench":null,"bin":null,"bus":"yes","construction":null,"covered":null,"description":null,"fixme":null,"gtfs:stop_id":null,"gtfs_stop_code":null,"highway":"bus_stop","level":null,"lit":null,"local_ref":null,"name":"Ocean Ave At Wegman Pkwy","network":"NJ Transit","network:short":"NJT","network:wikidata":"Q498553","network:wikipedia":null,"note":null,"operator":"NJ Transit","passenger_information_display":null,"public_transport":"platform","ref":"20991","route_ref":null,"shelter":null,"tactile_paving":null,"wheelchair":null,"asset_type":"Bus Stop","addr:city":null,"addr:housenumber":null,"addr:postcode":null,"addr:state":null,"addr:street":null,"addr:street:corner":null,"alt_name":null,"boundary":null,"ele":null,"gnis:feature_id":null,"leisure":null,"name:es":null,"opening_hours":null,"protect_class":null,"protection_title":null,"source":null,"type":null,"website":null,"wikidata":null,"wikipedia":null,"access":null,"barrier":null,"playground":null,"playground:theme":null,"survey:date":null,"place":null,"start_date":null,"surface":null,"amenity":null,"area":null,"denomination":null,"fax":null,"fence_type":null,"grades":null,"mascot":null,"name:en":null,"name:etymology:wikidata":null,"phone":null,"religion":null,"layer":"Bus Stops_points","path":"C:/Users/PMLS/Downloads/Hackathon work/Bus Stops_points.gpkg"},"geometry":{"type":"Point","coordinates":[-74.0802487,40.7037256]}},
{"type":"Feature","properties":{"fid":380,"id":"node/13334752297","@id":"node/13334752297","bench":null,"bin":null,"bus":"yes","construction":null,"covered":null,"description":null,"fixme":null,"gtfs:stop_id":null,"gtfs_stop_code":null,"highway":"bus_stop","level":null,"lit":null,"local_ref":null,"name":"Ocean Ave At Neptune Ave","network":"NJ Transit","network:short":"NJT","network:wikidata":"Q498553","network:wikipedia":null,"note":null,"operator":"NJ Transit","passenger_information_display":null,"public_transport":"platform","ref":"20978","route_ref":null,"shelter":null,"tactile_paving":null,"wheelchair":null,"asset_type":"Bus Stop","addr:city":null,"addr:housenumber":null,"addr:postcode":null,"addr:state":null,"addr:street":null,"addr:street:corner":null,"alt_name":null,"boundary":null,"ele":null,"gnis:feature_id":null,"leisure":null,"name:es":null,"opening_hours":null,"protect_class":null,"protection_title":null,"source":null,"type":null,"website":null,"wikidata":null,"wikipedia":null,"access":null,"barrier":null,"playground":null,"playground:theme":null,"survey:date":null,"place":null,"start_date":null,"surface":null,"amenity":null,"area":null,"denomination":null,"fax":null,"fence_type":null,"grades":null,"mascot":null,"name:en":null,"name:etymology:wikidata":null,"phone":null,"religion":null,"layer":"Bus Stops_points","path":"C:/Users/PMLS/Downloads/Hackathon work/Bus Stops_points.gpkg"},"geometry":{"type":"Point","coordinates":[-74.0945655,40.6923248]}},
{"type":"Feature","properties":{"fid":381,"id":"node/13364325495","@id":"node/13364325495","bench":null,"bin":null,"bus":"yes","construction":null,"covered":null,"description":null,"fixme":null,"gtfs:stop_id":null,"gtfs_stop_code":null,"highway":"bus_stop","level":null,"lit":null,"local_ref":null,"name":"Bergen Ave At Fairmount Ave","network":"NJ Transit","network:short":"NJT","network:wikidata":"Q498553","network:wikipedia":null,"note":null,"operator":"NJ Transit","passenger_information_display":null,"public_transport":"platform","ref":"20584","route_ref":null,"shelter":"no","tactile_paving":null,"wheelchair":null,"asset_type":"Bus Stop","addr:city":null,"addr:housenumber":null,"addr:postcode":null,"addr:state":null,"addr:street":null,"addr:street:corner":null,"alt_name":null,"boundary":null,"ele":null,"gnis:feature_id":null,"leisure":null,"name:es":null,"opening_hours":null,"protect_class":null,"protection_title":null,"source":null,"type":null,"website":null,"wikidata":null,"wikipedia":null,"access":null,"barrier":null,"playground":null,"playground:theme":null,"survey:date":null,"place":null,"start_date":null,"surface":null,"amenity":null,"area":null,"denomination":null,"fax":null,"fence_type":null,"grades":null,"mascot":null,"name:en":null,"name:etymology:wikidata":null,"phone":null,"religion":null,"layer":"Bus Stops_points","path":"C:/Users/PMLS/Downloads/Hackathon work/Bus Stops_points.gpkg"},"geometry":{"type":"Point","coordinates":[-74.069604,40.7245796]}},
{"type":"Feature","properties":{"fid":382,"id":"node/13364325496","@id":"node/13364325496","bench":null,"bin":null,"bus":"yes","construction":null,"covered":null,"description":null,"fixme":null,"gtfs:stop_id":null,"gtfs_stop_code":null,"highway":"bus_stop","level":null,"lit":null,"local_ref":null,"name":"Bergen Ave At Fairmount Ave","network":"NJ Transit","network:short":"NJT","network:wikidata":"Q498553","network:wikipedia":null,"note":null,"operator":"NJ Transit","passenger_information_display":null,"public_transport":"platform","ref":"20573","route_ref":null,"shelter":"no","tactile_paving":null,"wheelchair":null,"asset_type":"Bus Stop","addr:city":null,"addr:housenumber":null,"addr:postcode":null,"addr:state":null,"addr:street":null,"addr:street:corner":null,"alt_name":null,"boundary":null,"ele":null,"gnis:feature_id":null,"leisure":null,"name:es":null,"opening_hours":null,"protect_class":null,"protection_title":null,"source":null,"type":null,"website":null,"wikidata":null,"wikipedia":null,"access":null,"barrier":null,"playground":null,"playground:theme":null,"survey:date":null,"place":null,"start_date":null,"surface":null,"amenity":null,"area":null,"denomination":null,"fax":null,"fence_type":null,"grades":null,"mascot":null,"name:en":null,"name:etymology:wikidata":null,"phone":null,"religion":null,"layer":"Bus Stops_points","path":"C:/Users/PMLS/Downloads/Hackathon work/Bus Stops_points.gpkg"},"geometry":{"type":"Point","coordinates":[-74.0695784,40.7244435]}},
{"type":"Feature","properties":{"fid":383,"id":"node/13364325497","@id":"node/13364325497","bench":null,"bin":null,"bus":"yes","construction":null,"covered":null,"description":null,"fixme":null,"gtfs:stop_id":null,"gtfs_stop_code":null,"highway":"bus_stop","level":null,"lit":null,"local_ref":null,"name":"Bergen Ave At Fairview Ave","network":"NJ Transit","network:short":"NJT","network:wikidata":"Q498553","network:wikipedia":null,"note":null,"operator":"NJ Transit","passenger_information_display":null,"public_transport":"platform","ref":"20586","route_ref":null,"shelter":"no","tactile_paving":null,"wheelchair":null,"asset_type":"Bus Stop","addr:city":null,"addr:housenumber":null,"addr:postcode":null,"addr:state":null,"addr:street":null,"addr:street:corner":null,"alt_name":null,"boundary":null,"ele":null,"gnis:feature_id":null,"leisure":null,"name:es":null,"opening_hours":null,"protect_class":null,"protection_title":null,"source":null,"type":null,"website":null,"wikidata":null,"wikipedia":null,"access":null,"barrier":null,"playground":null,"playground:theme":null,"survey:date":null,"place":null,"start_date":null,"surface":null,"amenity":null,"area":null,"denomination":null,"fax":null,"fence_type":null,"grades":null,"mascot":null,"name:en":null,"name:etymology:wikidata":null,"phone":null,"religion":null,"layer":"Bus Stops_points","path":"C:/Users/PMLS/Downloads/Hackathon work/Bus Stops_points.gpkg"},"geometry":{"type":"Point","coordinates":[-74.0709298,40.7230099]}},
{"type":"Feature","properties":{"fid":384,"id":"node/13364325498","@id":"node/13364325498","bench":null,"bin":null,"bus":"yes","construction":null,"covered":null,"description":null,"fixme":null,"gtfs:stop_id":null,"gtfs_stop_code":null,"highway":"bus_stop","level":null,"lit":null,"local_ref":null,"name":"Bergen Ave At Fairview Ave","network":"NJ Transit","network:short":"NJT","network:wikidata":"Q498553","network:wikipedia":null,"note":null,"operator":"NJ Transit","passenger_information_display":null,"public_transport":"platform","ref":"20571","route_ref":null,"shelter":"no","tactile_paving":null,"wheelchair":null,"asset_type":"Bus Stop","addr:city":null,"addr:housenumber":null,"addr:postcode":null,"addr:state":null,"addr:street":null,"addr:street:corner":null,"alt_name":null,"boundary":null,"ele":null,"gnis:feature_id":null,"leisure":null,"name:es":null,"opening_hours":null,"protect_class":null,"protection_title":null,"source":null,"type":null,"website":null,"wikidata":null,"wikipedia":null,"access":null,"barrier":null,"playground":null,"playground:theme":null,"survey:date":null,"place":null,"start_date":null,"surface":null,"amenity":null,"area":null,"denomination":null,"fax":null,"fence_type":null,"grades":null,"mascot":null,"name:en":null,"name:etymology:wikidata":null,"phone":null,"religion":null,"layer":"Bus Stops_points","path":"C:/Users/PMLS/Downloads/Hackathon work/Bus Stops_points.gpkg"},"geometry":{"type":"Point","coordinates":[-74.0709776,40.722763]}},
{"type":"Feature","properties":{"fid":385,"id":"node/13364325499","@id":"node/13364325499","bench":null,"bin":null,"bus":"yes","construction":null,"covered":null,"description":null,"fixme":null,"gtfs:stop_id":null,"gtfs_stop_code":null,"highway":"bus_stop","level":null,"lit":null,"local_ref":null,"name":"Bergen Ave At Jewett Ave","network":"NJ Transit","network:short":"NJT","network:wikidata":"Q498553","network:wikipedia":null,"note":null,"operator":"NJ Transit","passenger_information_display":null,"public_transport":"platform","ref":"20587","route_ref":null,"shelter":"no","tactile_paving":null,"wheelchair":null,"asset_type":"Bus Stop","addr:city":null,"addr:housenumber":null,"addr:postcode":null,"addr:state":null,"addr:street":null,"addr:street:corner":null,"alt_name":null,"boundary":null,"ele":null,"gnis:feature_id":null,"leisure":null,"name:es":null,"opening_hours":null,"protect_class":null,"protection_title":null,"source":null,"type":null,"website":null,"wikidata":null,"wikipedia":null,"access":null,"barrier":null,"playground":null,"playground:theme":null,"survey:date":null,"place":null,"start_date":null,"surface":null,"amenity":null,"area":null,"denomination":null,"fax":null,"fence_type":null,"grades":null,"mascot":null,"name:en":null,"name:etymology:wikidata":null,"phone":null,"religion":null,"layer":"Bus Stops_points","path":"C:/Users/PMLS/Downloads/Hackathon work/Bus Stops_points.gpkg"},"geometry":{"type":"Point","coordinates":[-74.0716172,40.7222759]}},
{"type":"Feature","properties":{"fid":386,"id":"node/13364325500","@id":"node/13364325500","bench":null,"bin":null,"bus":"yes","construction":null,"covered":null,"description":null,"fixme":null,"gtfs:stop_id":null,"gtfs_stop_code":null,"highway":"bus_stop","level":null,"lit":null,"local_ref":null,"name":"Bergen Ave At Jewett Ave","network":"NJ Transit","network:short":"NJT","network:wikidata":"Q498553","network:wikipedia":null,"note":null,"operator":"NJ Transit","passenger_information_display":null,"public_transport":"platform","ref":"20570","route_ref":null,"shelter":"no","tactile_paving":null,"wheelchair":null,"asset_type":"Bus Stop","addr:city":null,"addr:housenumber":null,"addr:postcode":null,"addr:state":null,"addr:street":null,"addr:street:corner":null,"alt_name":null,"boundary":null,"ele":null,"gnis:feature_id":null,"leisure":null,"name:es":null,"opening_hours":null,"protect_class":null,"protection_title":null,"source":null,"type":null,"website":null,"wikidata":null,"wikipedia":null,"access":null,"barrier":null,"playground":null,"playground:theme":null,"survey:date":null,"place":null,"start_date":null,"surface":null,"amenity":null,"area":null,"denomination":null,"fax":null,"fence_type":null,"grades":null,"mascot":null,"name:en":null,"name:etymology:wikidata":null,"phone":null,"religion":null,"layer":"Bus Stops_points","path":"C:/Users/PMLS/Downloads/Hackathon work/Bus Stops_points.gpkg"},"geometry":{"type":"Point","coordinates":[-74.0716322,40.7220493]}},
{"type":"Feature","properties":{"fid":387,"id":"node/13364431901","@id":"node/13364431901","bench":null,"bin":null,"bus":"yes","construction":null,"covered":null,"description":null,"fixme":null,"gtfs:stop_id":null,"gtfs_stop_code":null,"highway":"bus_stop","level":null,"lit":null,"local_ref":null,"name":"Bergen Ave At Belmont Ave","network":"NJ Transit","network:short":"NJT","network:wikidata":"Q498553","network:wikipedia":null,"note":null,"operator":"NJ Transit","passenger_information_display":null,"public_transport":"platform","ref":"20569","route_ref":null,"shelter":"no","tactile_paving":null,"wheelchair":null,"asset_type":"Bus Stop","addr:city":null,"addr:housenumber":null,"addr:postcode":null,"addr:state":null,"addr:street":null,"addr:street:corner":null,"alt_name":null,"boundary":null,"ele":null,"gnis:feature_id":null,"leisure":null,"name:es":null,"opening_hours":null,"protect_class":null,"protection_title":null,"source":null,"type":null,"website":null,"wikidata":null,"wikipedia":null,"access":null,"barrier":null,"playground":null,"playground:theme":null,"survey:date":null,"place":null,"start_date":null,"surface":null,"amenity":null,"area":null,"denomination":null,"fax":null,"fence_type":null,"grades":null,"mascot":null,"name:en":null,"name:etymology:wikidata":null,"phone":null,"religion":null,"layer":"Bus Stops_points","path":"C:/Users/PMLS/Downloads/Hackathon work/Bus Stops_points.gpkg"},"geometry":{"type":"Point","coordinates":[-74.0724385,40.7211981]}},
{"type":"Feature","properties":{"fid":388,"id":"node/13364431902","@id":"node/13364431902","bench":null,"bin":null,"bus":"yes","construction":null,"covered":null,"description":null,"fixme":null,"gtfs:stop_id":null,"gtfs_stop_code":null,"highway":"bus_stop","level":null,"lit":null,"local_ref":null,"name":"Bergen Ave At Belmont Ave","network":"NJ Transit","network:short":"NJT","network:wikidata":"Q498553","network:wikipedia":null,"note":null,"operator":"NJ Transit","passenger_information_display":null,"public_transport":"platform","ref":"20589","route_ref":null,"shelter":"no","tactile_paving":null,"wheelchair":null,"asset_type":"Bus Stop","addr:city":null,"addr:housenumber":null,"addr:postcode":null,"addr:state":null,"addr:street":null,"addr:street:corner":null,"alt_name":null,"boundary":null,"ele":null,"gnis:feature_id":null,"leisure":null,"name:es":null,"opening_hours":null,"protect_class":null,"protection_title":null,"source":null,"type":null,"website":null,"wikidata":null,"wikipedia":null,"access":null,"barrier":null,"playground":null,"playground:theme":null,"survey:date":null,"place":null,"start_date":null,"surface":null,"amenity":null,"area":null,"denomination":null,"fax":null,"fence_type":null,"grades":null,"mascot":null,"name:en":null,"name:etymology:wikidata":null,"phone":null,"religion":null,"layer":"Bus Stops_points","path":"C:/Users/PMLS/Downloads/Hackathon work/Bus Stops_points.gpkg"},"geometry":{"type":"Point","coordinates":[-74.0727831,40.7210311]}},
{"type":"Feature","properties":{"fid":389,"id":"node/13364431903","@id":"node/13364431903","bench":null,"bin":null,"bus":"yes","construction":null,"covered":null,"description":null,"fixme":null,"gtfs:stop_id":null,"gtfs_stop_code":null,"highway":"bus_stop","level":null,"lit":null,"local_ref":null,"name":"Bergen Ave At Gifford Ave","network":"NJ Transit","network:short":"NJT","network:wikidata":"Q498553","network:wikipedia":null,"note":null,"operator":"NJ Transit","passenger_information_display":null,"public_transport":"platform","ref":"20590","route_ref":null,"shelter":"no","tactile_paving":null,"wheelchair":null,"asset_type":"Bus Stop","addr:city":null,"addr:housenumber":null,"addr:postcode":null,"addr:state":null,"addr:street":null,"addr:street:corner":null,"alt_name":null,"boundary":null,"ele":null,"gnis:feature_id":null,"leisure":null,"name:es":null,"opening_hours":null,"protect_class":null,"protection_title":null,"source":null,"type":null,"website":null,"wikidata":null,"wikipedia":null,"access":null,"barrier":null,"playground":null,"playground:theme":null,"survey:date":null,"place":null,"start_date":null,"surface":null,"amenity":null,"area":null,"denomination":null,"fax":null,"fence_type":null,"grades":null,"mascot":null,"name:en":null,"name:etymology:wikidata":null,"phone":null,"religion":null,"layer":"Bus Stops_points","path":"C:/Users/PMLS/Downloads/Hackathon work/Bus Stops_points.gpkg"},"geometry":{"type":"Point","coordinates":[-74.0733526,40.720441]}},
{"type":"Feature","properties":{"fid":390,"id":"node/13364431904","@id":"node/13364431904","bench":null,"bin":null,"bus":"yes","construction":null,"covered":null,"description":null,"fixme":null,"gtfs:stop_id":null,"gtfs_stop_code":null,"highway":"bus_stop","level":null,"lit":null,"local_ref":null,"name":"Bergen Ave At Harrison Ave","network":"NJ Transit","network:short":"NJT","network:wikidata":"Q498553","network:wikipedia":null,"note":null,"operator":"NJ Transit","passenger_information_display":null,"public_transport":"platform","ref":"20592","route_ref":null,"shelter":"no","tactile_paving":null,"wheelchair":null,"asset_type":"Bus Stop","addr:city":null,"addr:housenumber":null,"addr:postcode":null,"addr:state":null,"addr:street":null,"addr:street:corner":null,"alt_name":null,"boundary":null,"ele":null,"gnis:feature_id":null,"leisure":null,"name:es":null,"opening_hours":null,"protect_class":null,"protection_title":null,"source":null,"type":null,"website":null,"wikidata":null,"wikipedia":null,"access":null,"barrier":null,"playground":null,"playground:theme":null,"survey:date":null,"place":null,"start_date":null,"surface":null,"amenity":null,"area":null,"denomination":null,"fax":null,"fence_type":null,"grades":null,"mascot":null,"name:en":null,"name:etymology:wikidata":null,"phone":null,"religion":null,"layer":"Bus Stops_points","path":"C:/Users/PMLS/Downloads/Hackathon work/Bus Stops_points.gpkg"},"geometry":{"type":"Point","coordinates":[-74.0747229,40.7190484]}},
{"type":"Feature","properties":{"fid":391,"id":"node/13364431905","@id":"node/13364431905","bench":null,"bin":null,"bus":"yes","construction":null,"covered":null,"description":null,"fixme":null,"gtfs:stop_id":null,"gtfs_stop_code":null,"highway":"bus_stop","level":null,"lit":null,"local_ref":null,"name":"Bergen Ave At Communipaw Ave","network":"NJ Transit","network:short":"NJT","network:wikidata":"Q498553","network:wikipedia":null,"note":null,"operator":"NJ Transit","passenger_information_display":null,"public_transport":"platform","ref":"20566","route_ref":null,"shelter":"no","tactile_paving":null,"wheelchair":null,"asset_type":"Bus Stop","addr:city":null,"addr:housenumber":null,"addr:postcode":null,"addr:state":null,"addr:street":null,"addr:street:corner":null,"alt_name":null,"boundary":null,"ele":null,"gnis:feature_id":null,"leisure":null,"name:es":null,"opening_hours":null,"protect_class":null,"protection_title":null,"source":null,"type":null,"website":null,"wikidata":null,"wikipedia":null,"access":null,"barrier":null,"playground":null,"playground:theme":null,"survey:date":null,"place":null,"start_date":null,"surface":null,"amenity":null,"area":null,"denomination":null,"fax":null,"fence_type":null,"grades":null,"mascot":null,"name:en":null,"name:etymology:wikidata":null,"phone":null,"religion":null,"layer":"Bus Stops_points","path":"C:/Users/PMLS/Downloads/Hackathon work/Bus Stops_points.gpkg"},"geometry":{"type":"Point","coordinates":[-74.0750848,40.7185756]}},
{"type":"Feature","properties":{"fid":392,"id":"node/13364589380","@id":"node/13364589380","bench":null,"bin":null,"bus":"yes","construction":null,"covered":null,"description":null,"fixme":null,"gtfs:stop_id":null,"gtfs_stop_code":null,"highway":"bus_stop","level":null,"lit":null,"local_ref":null,"name":"Bergen Ave At Communipaw Ave","network":"NJ Transit","network:short":"NJT","network:wikidata":"Q498553","network:wikipedia":null,"note":null,"operator":"NJ Transit","passenger_information_display":null,"public_transport":"platform","ref":"20593","route_ref":null,"shelter":"no","tactile_paving":null,"wheelchair":null,"asset_type":"Bus Stop","addr:city":null,"addr:housenumber":null,"addr:postcode":null,"addr:state":null,"addr:street":null,"addr:street:corner":null,"alt_name":null,"boundary":null,"ele":null,"gnis:feature_id":null,"leisure":null,"name:es":null,"opening_hours":null,"protect_class":null,"protection_title":null,"source":null,"type":null,"website":null,"wikidata":null,"wikipedia":null,"access":null,"barrier":null,"playground":null,"playground:theme":null,"survey:date":null,"place":null,"start_date":null,"surface":null,"amenity":null,"area":null,"denomination":null,"fax":null,"fence_type":null,"grades":null,"mascot":null,"name:en":null,"name:etymology:wikidata":null,"phone":null,"religion":null,"layer":"Bus Stops_points","path":"C:/Users/PMLS/Downloads/Hackathon work/Bus Stops_points.gpkg"},"geometry":{"type":"Point","coordinates":[-74.0757697,40.7183134]}},
{"type":"Feature","properties":{"fid":393,"id":"node/13364589381","@id":"node/13364589381","bench":null,"bin":null,"bus":"yes","construction":null,"covered":null,"description":null,"fixme":null,"gtfs:stop_id":null,"gtfs_stop_code":null,"highway":"bus_stop","level":null,"lit":null,"local_ref":null,"name":"Bergen Ave At Clinton Ave","network":"NJ Transit","network:short":"NJT","network:wikidata":"Q498553","network:wikipedia":null,"note":null,"operator":"NJ Transit","passenger_information_display":null,"public_transport":"platform","ref":"20594","route_ref":null,"shelter":"no","tactile_paving":null,"wheelchair":null,"asset_type":"Bus Stop","addr:city":null,"addr:housenumber":null,"addr:postcode":null,"addr:state":null,"addr:street":null,"addr:street:corner":null,"alt_name":null,"boundary":null,"ele":null,"gnis:feature_id":null,"leisure":null,"name:es":null,"opening_hours":null,"protect_class":null,"protection_title":null,"source":null,"type":null,"website":null,"wikidata":null,"wikipedia":null,"access":null,"barrier":null,"playground":null,"playground:theme":null,"survey:date":null,"place":null,"start_date":null,"surface":null,"amenity":null,"area":null,"denomination":null,"fax":null,"fence_type":null,"grades":null,"mascot":null,"name:en":null,"name:etymology:wikidata":null,"phone":null,"religion":null,"layer":"Bus Stops_points","path":"C:/Users/PMLS/Downloads/Hackathon work/Bus Stops_points.gpkg"},"geometry":{"type":"Point","coordinates":[-74.0764334,40.717891]}},
{"type":"Feature","properties":{"fid":394,"id":"node/13364589382","@id":"node/13364589382","bench":null,"bin":null,"bus":"yes","construction":null,"covered":null,"description":null,"fixme":null,"gtfs:stop_id":null,"gtfs_stop_code":null,"highway":"bus_stop","level":null,"lit":null,"local_ref":null,"name":"Bergen Ave At Clinton Ave","network":"NJ Transit","network:short":"NJT","network:wikidata":"Q498553","network:wikipedia":null,"note":null,"operator":"NJ Transit","passenger_information_display":null,"public_transport":"platform","ref":"20565","route_ref":null,"shelter":"no","tactile_paving":null,"wheelchair":null,"asset_type":"Bus Stop","addr:city":null,"addr:housenumber":null,"addr:postcode":null,"addr:state":null,"addr:street":null,"addr:street:corner":null,"alt_name":null,"boundary":null,"ele":null,"gnis:feature_id":null,"leisure":null,"name:es":null,"opening_hours":null,"protect_class":null,"protection_title":null,"source":null,"type":null,"website":null,"wikidata":null,"wikipedia":null,"access":null,"barrier":null,"playground":null,"playground:theme":null,"survey:date":null,"place":null,"start_date":null,"surface":null,"amenity":null,"area":null,"denomination":null,"fax":null,"fence_type":null,"grades":null,"mascot":null,"name:en":null,"name:etymology:wikidata":null,"phone":null,"religion":null,"layer":"Bus Stops_points","path":"C:/Users/PMLS/Downloads/Hackathon work/Bus Stops_points.gpkg"},"geometry":{"type":"Point","coordinates":[-74.0764984,40.7176689]}},
{"type":"Feature","properties":{"fid":395,"id":"node/13364589383","@id":"node/13364589383","bench":null,"bin":null,"bus":"yes","construction":null,"covered":null,"description":null,"fixme":null,"gtfs:stop_id":null,"gtfs_stop_code":null,"highway":"bus_stop","level":null,"lit":null,"local_ref":null,"name":"Bergen Ave At Lexington Ave","network":"NJ Transit","network:short":"NJT","network:wikidata":"Q498553","network:wikipedia":null,"note":null,"operator":"NJ Transit","passenger_information_display":null,"public_transport":"platform","ref":"20595","route_ref":null,"shelter":"no","tactile_paving":null,"wheelchair":null,"asset_type":"Bus Stop","addr:city":null,"addr:housenumber":null,"addr:postcode":null,"addr:state":null,"addr:street":null,"addr:street:corner":null,"alt_name":null,"boundary":null,"ele":null,"gnis:feature_id":null,"leisure":null,"name:es":null,"opening_hours":null,"protect_class":null,"protection_title":null,"source":null,"type":null,"website":null,"wikidata":null,"wikipedia":null,"access":null,"barrier":null,"playground":null,"playground:theme":null,"survey:date":null,"place":null,"start_date":null,"surface":null,"amenity":null,"area":null,"denomination":null,"fax":null,"fence_type":null,"grades":null,"mascot":null,"name:en":null,"name:etymology:wikidata":null,"phone":null,"religion":null,"layer":"Bus Stops_points","path":"C:/Users/PMLS/Downloads/Hackathon work/Bus Stops_points.gpkg"},"geometry":{"type":"Point","coordinates":[-74.0774325,40.7172039]}},
{"type":"Feature","properties":{"fid":396,"id":"node/13364589384","@id":"node/13364589384","bench":null,"bin":null,"bus":"yes","construction":null,"covered":null,"description":null,"fixme":null,"gtfs:stop_id":null,"gtfs_stop_code":null,"highway":"bus_stop","level":null,"lit":null,"local_ref":null,"name":"Bergen Ave At Bramhall Ave","network":"NJ Transit","network:short":"NJT","network:wikidata":"Q498553","network:wikipedia":null,"note":null,"operator":"NJ Transit","passenger_information_display":null,"public_transport":"platform","ref":"20564","route_ref":null,"shelter":"no","tactile_paving":null,"wheelchair":null,"asset_type":"Bus Stop","addr:city":null,"addr:housenumber":null,"addr:postcode":null,"addr:state":null,"addr:street":null,"addr:street:corner":null,"alt_name":null,"boundary":null,"ele":null,"gnis:feature_id":null,"leisure":null,"name:es":null,"opening_hours":null,"protect_class":null,"protection_title":null,"source":null,"type":null,"website":null,"wikidata":null,"wikipedia":null,"access":null,"barrier":null,"playground":null,"playground:theme":null,"survey:date":null,"place":null,"start_date":null,"surface":null,"amenity":null,"area":null,"denomination":null,"fax":null,"fence_type":null,"grades":null,"mascot":null,"name:en":null,"name:etymology:wikidata":null,"phone":null,"religion":null,"layer":"Bus Stops_points","path":"C:/Users/PMLS/Downloads/Hackathon work/Bus Stops_points.gpkg"},"geometry":{"type":"Point","coordinates":[-74.0778156,40.7167458]}},
{"type":"Feature","properties":{"fid":397,"id":"node/13364589385","@id":"node/13364589385","bench":null,"bin":null,"bus":"yes","construction":null,"covered":null,"description":null,"fixme":null,"gtfs:stop_id":null,"gtfs_stop_code":null,"highway":"bus_stop","level":null,"lit":null,"local_ref":null,"name":"Bergen Ave At Union St","network":"NJ Transit","network:short":"NJT","network:wikidata":"Q498553","network:wikipedia":null,"note":null,"operator":"NJ Transit","passenger_information_display":null,"public_transport":"platform","ref":"20596","route_ref":null,"shelter":"no","tactile_paving":null,"wheelchair":null,"asset_type":"Bus Stop","addr:city":null,"addr:housenumber":null,"addr:postcode":null,"addr:state":null,"addr:street":null,"addr:street:corner":null,"alt_name":null,"boundary":null,"ele":null,"gnis:feature_id":null,"leisure":null,"name:es":null,"opening_hours":null,"protect_class":null,"protection_title":null,"source":null,"type":null,"website":null,"wikidata":null,"wikipedia":null,"access":null,"barrier":null,"playground":null,"playground:theme":null,"survey:date":null,"place":null,"start_date":null,"surface":null,"amenity":null,"area":null,"denomination":null,"fax":null,"fence_type":null,"grades":null,"mascot":null,"name:en":null,"name:etymology:wikidata":null,"phone":null,"religion":null,"layer":"Bus Stops_points","path":"C:/Users/PMLS/Downloads/Hackathon work/Bus Stops_points.gpkg"},"geometry":{"type":"Point","coordinates":[-74.078986,40.715965]}},
{"type":"Feature","properties":{"fid":398,"id":"node/13364589386","@id":"node/13364589386","bench":null,"bin":null,"bus":"yes","construction":null,"covered":null,"description":null,"fixme":null,"gtfs:stop_id":null,"gtfs_stop_code":null,"highway":"bus_stop","level":null,"lit":null,"local_ref":null,"name":"Bergen Ave At Oak St","network":"NJ Transit","network:short":"NJT","network:wikidata":"Q498553","network:wikipedia":null,"note":null,"operator":"NJ Transit","passenger_information_display":null,"public_transport":"platform","ref":"31176","route_ref":null,"shelter":"no","tactile_paving":null,"wheelchair":null,"asset_type":"Bus Stop","addr:city":null,"addr:housenumber":null,"addr:postcode":null,"addr:state":null,"addr:street":null,"addr:street:corner":null,"alt_name":null,"boundary":null,"ele":null,"gnis:feature_id":null,"leisure":null,"name:es":null,"opening_hours":null,"protect_class":null,"protection_title":null,"source":null,"type":null,"website":null,"wikidata":null,"wikipedia":null,"access":null,"barrier":null,"playground":null,"playground:theme":null,"survey:date":null,"place":null,"start_date":null,"surface":null,"amenity":null,"area":null,"denomination":null,"fax":null,"fence_type":null,"grades":null,"mascot":null,"name:en":null,"name:etymology:wikidata":null,"phone":null,"religion":null,"layer":"Bus Stops_points","path":"C:/Users/PMLS/Downloads/Hackathon work/Bus Stops_points.gpkg"},"geometry":{"type":"Point","coordinates":[-74.0797082,40.7150935]}},
{"type":"Feature","properties":{"fid":399,"id":"node/13364589387","@id":"node/13364589387","bench":null,"bin":null,"bus":"yes","construction":null,"covered":null,"description":null,"fixme":null,"gtfs:stop_id":null,"gtfs_stop_code":null,"highway":"bus_stop","level":null,"lit":null,"local_ref":null,"name":"Bergen Ave At Boyd Ave","network":"NJ Transit","network:short":"NJT","network:wikidata":"Q498553","network:wikipedia":null,"note":null,"operator":"NJ Transit","passenger_information_display":null,"public_transport":"platform","ref":"20597","route_ref":null,"shelter":"no","tactile_paving":null,"wheelchair":null,"asset_type":"Bus Stop","addr:city":null,"addr:housenumber":null,"addr:postcode":null,"addr:state":null,"addr:street":null,"addr:street:corner":null,"alt_name":null,"boundary":null,"ele":null,"gnis:feature_id":null,"leisure":null,"name:es":null,"opening_hours":null,"protect_class":null,"protection_title":null,"source":null,"type":null,"website":null,"wikidata":null,"wikipedia":null,"access":null,"barrier":null,"playground":null,"playground:theme":null,"survey:date":null,"place":null,"start_date":null,"surface":null,"amenity":null,"area":null,"denomination":null,"fax":null,"fence_type":null,"grades":null,"mascot":null,"name:en":null,"name:etymology:wikidata":null,"phone":null,"religion":null,"layer":"Bus Stops_points","path":"C:/Users/PMLS/Downloads/Hackathon work/Bus Stops_points.gpkg"},"geometry":{"type":"Point","coordinates":[-74.0798191,40.7151705]}},
{"type":"Feature","properties":{"fid":400,"id":"node/13364589388","@id":"node/13364589388","bench":null,"bin":null,"bus":"yes","construction":null,"covered":null,"description":null,"fixme":null,"gtfs:stop_id":null,"gtfs_stop_code":null,"highway":"bus_stop","level":null,"lit":null,"local_ref":null,"name":"Bergen Ave At Virginia Ave","network":"NJ Transit","network:short":"NJT","network:wikidata":"Q498553","network:wikipedia":null,"note":null,"operator":"NJ Transit","passenger_information_display":null,"public_transport":"platform","ref":"20562","route_ref":null,"shelter":"no","tactile_paving":null,"wheelchair":null,"asset_type":"Bus Stop","addr:city":null,"addr:housenumber":null,"addr:postcode":null,"addr:state":null,"addr:street":null,"addr:street:corner":null,"alt_name":null,"boundary":null,"ele":null,"gnis:feature_id":null,"leisure":null,"name:es":null,"opening_hours":null,"protect_class":null,"protection_title":null,"source":null,"type":null,"website":null,"wikidata":null,"wikipedia":null,"access":null,"barrier":null,"playground":null,"playground:theme":null,"survey:date":null,"place":null,"start_date":null,"surface":null,"amenity":null,"area":null,"denomination":null,"fax":null,"fence_type":null,"grades":null,"mascot":null,"name:en":null,"name:etymology:wikidata":null,"phone":null,"religion":null,"layer":"Bus Stops_points","path":"C:/Users/PMLS/Downloads/Hackathon work/Bus Stops_points.gpkg"},"geometry":{"type":"Point","coordinates":[-74.0805547,40.7142036]}},
{"type":"Feature","properties":{"fid":401,"id":"node/13364589389","@id":"node/13364589389","bench":null,"bin":null,"bus":"yes","construction":null,"covered":null,"description":null,"fixme":null,"gtfs:stop_id":null,"gtfs_stop_code":null,"highway":"bus_stop","level":null,"lit":null,"local_ref":null,"name":"Bergen Ave At Virginia Ave","network":"NJ Transit","network:short":"NJT","network:wikidata":"Q498553","network:wikipedia":null,"note":null,"operator":"NJ Transit","passenger_information_display":null,"public_transport":"platform","ref":"20598","route_ref":null,"shelter":"no","tactile_paving":null,"wheelchair":null,"asset_type":"Bus Stop","addr:city":null,"addr:housenumber":null,"addr:postcode":null,"addr:state":null,"addr:street":null,"addr:street:corner":null,"alt_name":null,"boundary":null,"ele":null,"gnis:feature_id":null,"leisure":null,"name:es":null,"opening_hours":null,"protect_class":null,"protection_title":null,"source":null,"type":null,"website":null,"wikidata":null,"wikipedia":null,"access":null,"barrier":null,"playground":null,"playground:theme":null,"survey:date":null,"place":null,"start_date":null,"surface":null,"amenity":null,"area":null,"denomination":null,"fax":null,"fence_type":null,"grades":null,"mascot":null,"name:en":null,"name:etymology:wikidata":null,"phone":null,"religion":null,"layer":"Bus Stops_points","path":"C:/Users/PMLS/Downloads/Hackathon work/Bus Stops_points.gpkg"},"geometry":{"type":"Point","coordinates":[-74.0807349,40.7142347]}},
{"type":"Feature","properties":{"fid":402,"id":"node/13368128766","@id":"node/13368128766","bench":null,"bin":null,"bus":"yes","construction":null,"covered":null,"description":null,"fixme":null,"gtfs:stop_id":null,"gtfs_stop_code":null,"highway":"bus_stop","level":null,"lit":null,"local_ref":null,"name":"Bergen Ave At Morton Pl","network":"NJ Transit","network:short":"NJT","network:wikidata":"Q498553","network:wikipedia":null,"note":null,"operator":"NJ Transit","passenger_information_display":null,"public_transport":"platform","ref":"20600","route_ref":null,"shelter":"no","tactile_paving":null,"wheelchair":null,"asset_type":"Bus Stop","addr:city":null,"addr:housenumber":null,"addr:postcode":null,"addr:state":null,"addr:street":null,"addr:street:corner":null,"alt_name":null,"boundary":null,"ele":null,"gnis:feature_id":null,"leisure":null,"name:es":null,"opening_hours":null,"protect_class":null,"protection_title":null,"source":null,"type":null,"website":null,"wikidata":null,"wikipedia":null,"access":null,"barrier":null,"playground":null,"playground:theme":null,"survey:date":null,"place":null,"start_date":null,"surface":null,"amenity":null,"area":null,"denomination":null,"fax":null,"fence_type":null,"grades":null,"mascot":null,"name:en":null,"name:etymology:wikidata":null,"phone":null,"religion":null,"layer":"Bus Stops_points","path":"C:/Users/PMLS/Downloads/Hackathon work/Bus Stops_points.gpkg"},"geometry":{"type":"Point","coordinates":[-74.0820345,40.7126132]}},
{"type":"Feature","properties":{"fid":403,"id":"node/13368128767","@id":"node/13368128767","bench":null,"bin":null,"bus":"yes","construction":null,"covered":null,"description":null,"fixme":null,"gtfs:stop_id":null,"gtfs_stop_code":null,"highway":"bus_stop","level":null,"lit":null,"local_ref":null,"name":"Bergen Ave At Orient Ave","network":"NJ Transit","network:short":"NJT","network:wikidata":"Q498553","network:wikipedia":null,"note":null,"operator":"NJ Transit","passenger_information_display":null,"public_transport":"platform","ref":"20561","route_ref":null,"shelter":null,"tactile_paving":null,"wheelchair":null,"asset_type":"Bus Stop","addr:city":null,"addr:housenumber":null,"addr:postcode":null,"addr:state":null,"addr:street":null,"addr:street:corner":null,"alt_name":null,"boundary":null,"ele":null,"gnis:feature_id":null,"leisure":null,"name:es":null,"opening_hours":null,"protect_class":null,"protection_title":null,"source":null,"type":null,"website":null,"wikidata":null,"wikipedia":null,"access":null,"barrier":null,"playground":null,"playground:theme":null,"survey:date":null,"place":null,"start_date":null,"surface":null,"amenity":null,"area":null,"denomination":null,"fax":null,"fence_type":null,"grades":null,"mascot":null,"name:en":null,"name:etymology:wikidata":null,"phone":null,"religion":null,"layer":"Bus Stops_points","path":"C:/Users/PMLS/Downloads/Hackathon work/Bus Stops_points.gpkg"},"geometry":{"type":"Point","coordinates":[-74.0822861,40.7120279]}},
{"type":"Feature","properties":{"fid":404,"id":"node/13368128768","@id":"node/13368128768","bench":null,"bin":null,"bus":"yes","construction":null,"covered":null,"description":null,"fixme":null,"gtfs:stop_id":null,"gtfs_stop_code":null,"highway":"bus_stop","level":null,"lit":null,"local_ref":null,"name":"Bergen Ave At Claremont Ave","network":"NJ Transit","network:short":"NJT","network:wikidata":"Q498553","network:wikipedia":null,"note":null,"operator":"NJ Transit","passenger_information_display":null,"public_transport":"platform","ref":"20601","route_ref":null,"shelter":"no","tactile_paving":null,"wheelchair":null,"asset_type":"Bus Stop","addr:city":null,"addr:housenumber":null,"addr:postcode":null,"addr:state":null,"addr:street":null,"addr:street:corner":null,"alt_name":null,"boundary":null,"ele":null,"gnis:feature_id":null,"leisure":null,"name:es":null,"opening_hours":null,"protect_class":null,"protection_title":null,"source":null,"type":null,"website":null,"wikidata":null,"wikipedia":null,"access":null,"barrier":null,"playground":null,"playground:theme":null,"survey:date":null,"place":null,"start_date":null,"surface":null,"amenity":null,"area":null,"denomination":null,"fax":null,"fence_type":null,"grades":null,"mascot":null,"name:en":null,"name:etymology:wikidata":null,"phone":null,"religion":null,"layer":"Bus Stops_points","path":"C:/Users/PMLS/Downloads/Hackathon work/Bus Stops_points.gpkg"},"geometry":{"type":"Point","coordinates":[-74.0831586,40.7111482]}},
{"type":"Feature","properties":{"fid":405,"id":"node/13368128769","@id":"node/13368128769","bench":null,"bin":null,"bus":"yes","construction":null,"covered":null,"description":null,"fixme":null,"gtfs:stop_id":null,"gtfs_stop_code":null,"highway":"bus_stop","level":null,"lit":null,"local_ref":null,"name":"Bergen Ave At Grant Ave","network":"NJ Transit","network:short":"NJT","network:wikidata":"Q498553","network:wikipedia":null,"note":null,"operator":"NJ Transit","passenger_information_display":null,"public_transport":"platform","ref":"20560","route_ref":null,"shelter":"no","tactile_paving":null,"wheelchair":null,"asset_type":"Bus Stop","addr:city":null,"addr:housenumber":null,"addr:postcode":null,"addr:state":null,"addr:street":null,"addr:street:corner":null,"alt_name":null,"boundary":null,"ele":null,"gnis:feature_id":null,"leisure":null,"name:es":null,"opening_hours":null,"protect_class":null,"protection_title":null,"source":null,"type":null,"website":null,"wikidata":null,"wikipedia":null,"access":null,"barrier":null,"playground":null,"playground:theme":null,"survey:date":null,"place":null,"start_date":null,"surface":null,"amenity":null,"area":null,"denomination":null,"fax":null,"fence_type":null,"grades":null,"mascot":null,"name:en":null,"name:etymology:wikidata":null,"phone":null,"religion":null,"layer":"Bus Stops_points","path":"C:/Users/PMLS/Downloads/Hackathon work/Bus Stops_points.gpkg"},"geometry":{"type":"Point","coordinates":[-74.0831859,40.7108723]}},
{"type":"Feature","properties":{"fid":406,"id":"node/13368128770","@id":"node/13368128770","bench":null,"bin":null,"bus":"yes","construction":null,"covered":null,"description":null,"fixme":null,"gtfs:stop_id":null,"gtfs_stop_code":null,"highway":"bus_stop","level":null,"lit":null,"local_ref":null,"name":"Bergen Ave At Wilkinson Ave","network":"NJ Transit","network:short":"NJT","network:wikidata":"Q498553","network:wikipedia":null,"note":null,"operator":"NJ Transit","passenger_information_display":null,"public_transport":"platform","ref":"20559","route_ref":null,"shelter":"no","tactile_paving":null,"wheelchair":null,"asset_type":"Bus Stop","addr:city":null,"addr:housenumber":null,"addr:postcode":null,"addr:state":null,"addr:street":null,"addr:street:corner":null,"alt_name":null,"boundary":null,"ele":null,"gnis:feature_id":null,"leisure":null,"name:es":null,"opening_hours":null,"protect_class":null,"protection_title":null,"source":null,"type":null,"website":null,"wikidata":null,"wikipedia":null,"access":null,"barrier":null,"playground":null,"playground:theme":null,"survey:date":null,"place":null,"start_date":null,"surface":null,"amenity":null,"area":null,"denomination":null,"fax":null,"fence_type":null,"grades":null,"mascot":null,"name:en":null,"name:etymology:wikidata":null,"phone":null,"religion":null,"layer":"Bus Stops_points","path":"C:/Users/PMLS/Downloads/Hackathon work/Bus Stops_points.gpkg"},"geometry":{"type":"Point","coordinates":[-74.0844209,40.7093291]}},
{"type":"Feature","properties":{"fid":407,"id":"node/13368128771","@id":"node/13368128771","bench":null,"bin":null,"bus":"yes","construction":null,"covered":null,"description":null,"fixme":null,"gtfs:stop_id":null,"gtfs_stop_code":null,"highway":"bus_stop","level":null,"lit":null,"local_ref":null,"name":"Bergen Ave At Wilkinson Ave","network":"NJ Transit","network:short":"NJT","network:wikidata":"Q498553","network:wikipedia":null,"note":null,"operator":"NJ Transit","passenger_information_display":null,"public_transport":"platform","ref":"20602","route_ref":null,"shelter":"no","tactile_paving":null,"wheelchair":null,"asset_type":"Bus Stop","addr:city":null,"addr:housenumber":null,"addr:postcode":null,"addr:state":null,"addr:street":null,"addr:street:corner":null,"alt_name":null,"boundary":null,"ele":null,"gnis:feature_id":null,"leisure":null,"name:es":null,"opening_hours":null,"protect_class":null,"protection_title":null,"source":null,"type":null,"website":null,"wikidata":null,"wikipedia":null,"access":null,"barrier":null,"playground":null,"playground:theme":null,"survey:date":null,"place":null,"start_date":null,"surface":null,"amenity":null,"area":null,"denomination":null,"fax":null,"fence_type":null,"grades":null,"mascot":null,"name:en":null,"name:etymology:wikidata":null,"phone":null,"religion":null,"layer":"Bus Stops_points","path":"C:/Users/PMLS/Downloads/Hackathon work/Bus Stops_points.gpkg"},"geometry":{"type":"Point","coordinates":[-74.0845396,40.7093973]}},
{"type":"Feature","properties":{"fid":408,"id":"node/13368128772","@id":"node/13368128772","bench":null,"bin":null,"bus":"yes","construction":null,"covered":null,"description":null,"fixme":null,"gtfs:stop_id":null,"gtfs_stop_code":null,"highway":"bus_stop","level":null,"lit":null,"local_ref":null,"name":"Bergen Ave At Bayview Ave","network":"NJ Transit","network:short":"NJT","network:wikidata":"Q498553","network:wikipedia":null,"note":null,"operator":"NJ Transit","passenger_information_display":null,"public_transport":"platform","ref":"20558","route_ref":null,"shelter":"no","tactile_paving":null,"wheelchair":null,"asset_type":"Bus Stop","addr:city":null,"addr:housenumber":null,"addr:postcode":null,"addr:state":null,"addr:street":null,"addr:street:corner":null,"alt_name":null,"boundary":null,"ele":null,"gnis:feature_id":null,"leisure":null,"name:es":null,"opening_hours":null,"protect_class":null,"protection_title":null,"source":null,"type":null,"website":null,"wikidata":null,"wikipedia":null,"access":null,"barrier":null,"playground":null,"playground:theme":null,"survey:date":null,"place":null,"start_date":null,"surface":null,"amenity":null,"area":null,"denomination":null,"fax":null,"fence_type":null,"grades":null,"mascot":null,"name:en":null,"name:etymology:wikidata":null,"phone":null,"religion":null,"layer":"Bus Stops_points","path":"C:/Users/PMLS/Downloads/Hackathon work/Bus Stops_points.gpkg"},"geometry":{"type":"Point","coordinates":[-74.0851568,40.7084221]}},
{"type":"Feature","properties":{"fid":409,"id":"node/13368128773","@id":"node/13368128773","bench":null,"bin":null,"bus":"yes","construction":null,"covered":null,"description":null,"fixme":null,"gtfs:stop_id":null,"gtfs_stop_code":null,"highway":"bus_stop","level":null,"lit":null,"local_ref":null,"name":"Bergen Ave At Bidwell Ave","network":"NJ Transit","network:short":"NJT","network:wikidata":"Q498553","network:wikipedia":null,"note":null,"operator":"NJ Transit","passenger_information_display":null,"public_transport":"platform","ref":"20557","route_ref":null,"shelter":"no","tactile_paving":null,"wheelchair":null,"asset_type":"Bus Stop","addr:city":null,"addr:housenumber":null,"addr:postcode":null,"addr:state":null,"addr:street":null,"addr:street:corner":null,"alt_name":null,"boundary":null,"ele":null,"gnis:feature_id":null,"leisure":null,"name:es":null,"opening_hours":null,"protect_class":null,"protection_title":null,"source":null,"type":null,"website":null,"wikidata":null,"wikipedia":null,"access":null,"barrier":null,"playground":null,"playground:theme":null,"survey:date":null,"place":null,"start_date":null,"surface":null,"amenity":null,"area":null,"denomination":null,"fax":null,"fence_type":null,"grades":null,"mascot":null,"name:en":null,"name:etymology:wikidata":null,"phone":null,"religion":null,"layer":"Bus Stops_points","path":"C:/Users/PMLS/Downloads/Hackathon work/Bus Stops_points.gpkg"},"geometry":{"type":"Point","coordinates":[-74.0856917,40.7077647]}},
{"type":"Feature","properties":{"fid":410,"id":"node/13368128774","@id":"node/13368128774","bench":null,"bin":null,"bus":"yes","construction":null,"covered":null,"description":null,"fixme":null,"gtfs:stop_id":null,"gtfs_stop_code":null,"highway":"bus_stop","level":null,"lit":null,"local_ref":null,"name":"Bergen Ave At Audubon Ave","network":"NJ Transit","network:short":"NJT","network:wikidata":"Q498553","network:wikipedia":null,"note":null,"operator":"NJ Transit","passenger_information_display":null,"public_transport":"platform","ref":"20603","route_ref":null,"shelter":"no","tactile_paving":null,"wheelchair":null,"asset_type":"Bus Stop","addr:city":null,"addr:housenumber":null,"addr:postcode":null,"addr:state":null,"addr:street":null,"addr:street:corner":null,"alt_name":null,"boundary":null,"ele":null,"gnis:feature_id":null,"leisure":null,"name:es":null,"opening_hours":null,"protect_class":null,"protection_title":null,"source":null,"type":null,"website":null,"wikidata":null,"wikipedia":null,"access":null,"barrier":null,"playground":null,"playground:theme":null,"survey:date":null,"place":null,"start_date":null,"surface":null,"amenity":null,"area":null,"denomination":null,"fax":null,"fence_type":null,"grades":null,"mascot":null,"name:en":null,"name:etymology:wikidata":null,"phone":null,"religion":null,"layer":"Bus Stops_points","path":"C:/Users/PMLS/Downloads/Hackathon work/Bus Stops_points.gpkg"},"geometry":{"type":"Point","coordinates":[-74.0861115,40.707464]}},
{"type":"Feature","properties":{"fid":411,"id":"node/13368128775","@id":"node/13368128775","bench":null,"bin":null,"bus":"yes","construction":null,"covered":null,"description":null,"fixme":null,"gtfs:stop_id":null,"gtfs_stop_code":null,"highway":"bus_stop","level":null,"lit":null,"local_ref":null,"name":"Bergen Ave At Wegman Pkwy","network":"NJ Transit","network:short":"NJT","network:wikidata":"Q498553","network:wikipedia":null,"note":null,"operator":"NJ Transit","passenger_information_display":null,"public_transport":"platform","ref":"20556","route_ref":null,"shelter":"no","tactile_paving":null,"wheelchair":null,"asset_type":"Bus Stop","addr:city":null,"addr:housenumber":null,"addr:postcode":null,"addr:state":null,"addr:street":null,"addr:street:corner":null,"alt_name":null,"boundary":null,"ele":null,"gnis:feature_id":null,"leisure":null,"name:es":null,"opening_hours":null,"protect_class":null,"protection_title":null,"source":null,"type":null,"website":null,"wikidata":null,"wikipedia":null,"access":null,"barrier":null,"playground":null,"playground:theme":null,"survey:date":null,"place":null,"start_date":null,"surface":null,"amenity":null,"area":null,"denomination":null,"fax":null,"fence_type":null,"grades":null,"mascot":null,"name:en":null,"name:etymology:wikidata":null,"phone":null,"religion":null,"layer":"Bus Stops_points","path":"C:/Users/PMLS/Downloads/Hackathon work/Bus Stops_points.gpkg"},"geometry":{"type":"Point","coordinates":[-74.0862798,40.7070544]}},
{"type":"Feature","properties":{"fid":412,"id":"node/13368128776","@id":"node/13368128776","bench":null,"bin":null,"bus":"yes","construction":null,"covered":null,"description":null,"fixme":null,"gtfs:stop_id":null,"gtfs_stop_code":null,"highway":"bus_stop","level":null,"lit":null,"local_ref":null,"name":"Bergen Ave At Stegman St","network":"NJ Transit","network:short":"NJT","network:wikidata":"Q498553","network:wikipedia":null,"note":null,"operator":"NJ Transit","passenger_information_display":null,"public_transport":"platform","ref":"20555","route_ref":null,"shelter":"no","tactile_paving":null,"wheelchair":null,"asset_type":"Bus Stop","addr:city":null,"addr:housenumber":null,"addr:postcode":null,"addr:state":null,"addr:street":null,"addr:street:corner":null,"alt_name":null,"boundary":null,"ele":null,"gnis:feature_id":null,"leisure":null,"name:es":null,"opening_hours":null,"protect_class":null,"protection_title":null,"source":null,"type":null,"website":null,"wikidata":null,"wikipedia":null,"access":null,"barrier":null,"playground":null,"playground:theme":null,"survey:date":null,"place":null,"start_date":null,"surface":null,"amenity":null,"area":null,"denomination":null,"fax":null,"fence_type":null,"grades":null,"mascot":null,"name:en":null,"name:etymology:wikidata":null,"phone":null,"religion":null,"layer":"Bus Stops_points","path":"C:/Users/PMLS/Downloads/Hackathon work/Bus Stops_points.gpkg"},"geometry":{"type":"Point","coordinates":[-74.0868105,40.7063856]}},
{"type":"Feature","properties":{"fid":413,"id":"node/13368128777","@id":"node/13368128777","bench":null,"bin":null,"bus":"yes","construction":null,"covered":null,"description":null,"fixme":null,"gtfs:stop_id":null,"gtfs_stop_code":null,"highway":"bus_stop","level":null,"lit":null,"local_ref":null,"name":"Bergen Ave At Stegman St","network":"NJ Transit","network:short":"NJT","network:wikidata":"Q498553","network:wikipedia":null,"note":null,"operator":"NJ Transit","passenger_information_display":null,"public_transport":"platform","ref":"20604","route_ref":null,"shelter":"no","tactile_paving":null,"wheelchair":null,"asset_type":"Bus Stop","addr:city":null,"addr:housenumber":null,"addr:postcode":null,"addr:state":null,"addr:street":null,"addr:street:corner":null,"alt_name":null,"boundary":null,"ele":null,"gnis:feature_id":null,"leisure":null,"name:es":null,"opening_hours":null,"protect_class":null,"protection_title":null,"source":null,"type":null,"website":null,"wikidata":null,"wikipedia":null,"access":null,"barrier":null,"playground":null,"playground:theme":null,"survey:date":null,"place":null,"start_date":null,"surface":null,"amenity":null,"area":null,"denomination":null,"fax":null,"fence_type":null,"grades":null,"mascot":null,"name:en":null,"name:etymology:wikidata":null,"phone":null,"religion":null,"layer":"Bus Stops_points","path":"C:/Users/PMLS/Downloads/Hackathon work/Bus Stops_points.gpkg"},"geometry":{"type":"Point","coordinates":[-74.0870652,40.7062649]}},
{"type":"Feature","properties":{"fid":414,"id":"node/13368128778","@id":"node/13368128778","bench":null,"bin":null,"bus":"yes","construction":null,"covered":null,"description":null,"fixme":null,"gtfs:stop_id":null,"gtfs_stop_code":null,"highway":"bus_stop","level":null,"lit":null,"local_ref":null,"name":"Bergen Ave At Dwight St","network":"NJ Transit","network:short":"NJT","network:wikidata":"Q498553","network:wikipedia":null,"note":null,"operator":"NJ Transit","passenger_information_display":null,"public_transport":"platform","ref":"20554","route_ref":null,"shelter":"no","tactile_paving":null,"wheelchair":null,"asset_type":"Bus Stop","addr:city":null,"addr:housenumber":null,"addr:postcode":null,"addr:state":null,"addr:street":null,"addr:street:corner":null,"alt_name":null,"boundary":null,"ele":null,"gnis:feature_id":null,"leisure":null,"name:es":null,"opening_hours":null,"protect_class":null,"protection_title":null,"source":null,"type":null,"website":null,"wikidata":null,"wikipedia":null,"access":null,"barrier":null,"playground":null,"playground:theme":null,"survey:date":null,"place":null,"start_date":null,"surface":null,"amenity":null,"area":null,"denomination":null,"fax":null,"fence_type":null,"grades":null,"mascot":null,"name:en":null,"name:etymology:wikidata":null,"phone":null,"religion":null,"layer":"Bus Stops_points","path":"C:/Users/PMLS/Downloads/Hackathon work/Bus Stops_points.gpkg"},"geometry":{"type":"Point","coordinates":[-74.0873411,40.7057386]}},
{"type":"Feature","properties":{"fid":415,"id":"node/13368128779","@id":"node/13368128779","bench":null,"bin":null,"bus":"yes","construction":null,"covered":null,"description":null,"fixme":null,"gtfs:stop_id":null,"gtfs_stop_code":null,"highway":"bus_stop","level":null,"lit":null,"local_ref":null,"name":"Bergen Ave At Fulton Ave","network":"NJ Transit","network:short":"NJT","network:wikidata":"Q498553","network:wikipedia":null,"note":null,"operator":"NJ Transit","passenger_information_display":null,"public_transport":"platform","ref":"20605","route_ref":null,"shelter":"no","tactile_paving":null,"wheelchair":null,"asset_type":"Bus Stop","addr:city":null,"addr:housenumber":null,"addr:postcode":null,"addr:state":null,"addr:street":null,"addr:street:corner":null,"alt_name":null,"boundary":null,"ele":null,"gnis:feature_id":null,"leisure":null,"name:es":null,"opening_hours":null,"protect_class":null,"protection_title":null,"source":null,"type":null,"website":null,"wikidata":null,"wikipedia":null,"access":null,"barrier":null,"playground":null,"playground:theme":null,"survey:date":null,"place":null,"start_date":null,"surface":null,"amenity":null,"area":null,"denomination":null,"fax":null,"fence_type":null,"grades":null,"mascot":null,"name:en":null,"name:etymology:wikidata":null,"phone":null,"religion":null,"layer":"Bus Stops_points","path":"C:/Users/PMLS/Downloads/Hackathon work/Bus Stops_points.gpkg"},"geometry":{"type":"Point","coordinates":[-74.0879239,40.7053871]}},
{"type":"Feature","properties":{"fid":416,"id":"node/13368128780","@id":"node/13368128780","bench":null,"bin":null,"bus":"yes","construction":null,"covered":null,"description":null,"fixme":null,"gtfs:stop_id":null,"gtfs_stop_code":null,"highway":"bus_stop","level":null,"lit":null,"local_ref":null,"name":"Bergen Ave At Woodlawn Ave","network":"NJ Transit","network:short":"NJT","network:wikidata":"Q498553","network:wikipedia":null,"note":null,"operator":"NJ Transit","passenger_information_display":null,"public_transport":"platform","ref":"20553","route_ref":null,"shelter":"no","tactile_paving":null,"wheelchair":null,"asset_type":"Bus Stop","addr:city":null,"addr:housenumber":null,"addr:postcode":null,"addr:state":null,"addr:street":null,"addr:street:corner":null,"alt_name":null,"boundary":null,"ele":null,"gnis:feature_id":null,"leisure":null,"name:es":null,"opening_hours":null,"protect_class":null,"protection_title":null,"source":null,"type":null,"website":null,"wikidata":null,"wikipedia":null,"access":null,"barrier":null,"playground":null,"playground:theme":null,"survey:date":null,"place":null,"start_date":null,"surface":null,"amenity":null,"area":null,"denomination":null,"fax":null,"fence_type":null,"grades":null,"mascot":null,"name:en":null,"name:etymology:wikidata":null,"phone":null,"religion":null,"layer":"Bus Stops_points","path":"C:/Users/PMLS/Downloads/Hackathon work/Bus Stops_points.gpkg"},"geometry":{"type":"Point","coordinates":[-74.0883722,40.7049024]}},
{"type":"Feature","properties":{"fid":417,"id":"node/13368128781","@id":"node/13368128781","bench":null,"bin":null,"bus":"yes","construction":null,"covered":null,"description":null,"fixme":null,"gtfs:stop_id":null,"gtfs_stop_code":null,"highway":"bus_stop","level":null,"lit":null,"local_ref":null,"name":"Bergen Ave At Woodlawn Ave","network":"NJ Transit","network:short":"NJT","network:wikidata":"Q498553","network:wikipedia":null,"note":null,"operator":"NJ Transit","passenger_information_display":null,"public_transport":"platform","ref":"20606","route_ref":null,"shelter":"no","tactile_paving":null,"wheelchair":null,"asset_type":"Bus Stop","addr:city":null,"addr:housenumber":null,"addr:postcode":null,"addr:state":null,"addr:street":null,"addr:street:corner":null,"alt_name":null,"boundary":null,"ele":null,"gnis:feature_id":null,"leisure":null,"name:es":null,"opening_hours":null,"protect_class":null,"protection_title":null,"source":null,"type":null,"website":null,"wikidata":null,"wikipedia":null,"access":null,"barrier":null,"playground":null,"playground:theme":null,"survey:date":null,"place":null,"start_date":null,"surface":null,"amenity":null,"area":null,"denomination":null,"fax":null,"fence_type":null,"grades":null,"mascot":null,"name:en":null,"name:etymology:wikidata":null,"phone":null,"religion":null,"layer":"Bus Stops_points","path":"C:/Users/PMLS/Downloads/Hackathon work/Bus Stops_points.gpkg"},"geometry":{"type":"Point","coordinates":[-74.0885941,40.7048765]}},
{"type":"Feature","properties":{"fid":418,"id":"node/13368128782","@id":"node/13368128782","bench":null,"bin":null,"bus":"yes","construction":null,"covered":null,"description":null,"fixme":null,"gtfs:stop_id":null,"gtfs_stop_code":null,"highway":"bus_stop","level":null,"lit":null,"local_ref":null,"name":"Bergen Ave At Van Nostrand Ave","network":"NJ Transit","network:short":"NJT","network:wikidata":"Q498553","network:wikipedia":null,"note":null,"operator":"NJ Transit","passenger_information_display":null,"public_transport":"platform","ref":"20552","route_ref":null,"shelter":"no","tactile_paving":null,"wheelchair":null,"asset_type":"Bus Stop","addr:city":null,"addr:housenumber":null,"addr:postcode":null,"addr:state":null,"addr:street":null,"addr:street:corner":null,"alt_name":null,"boundary":null,"ele":null,"gnis:feature_id":null,"leisure":null,"name:es":null,"opening_hours":null,"protect_class":null,"protection_title":null,"source":null,"type":null,"website":null,"wikidata":null,"wikipedia":null,"access":null,"barrier":null,"playground":null,"playground:theme":null,"survey:date":null,"place":null,"start_date":null,"surface":null,"amenity":null,"area":null,"denomination":null,"fax":null,"fence_type":null,"grades":null,"mascot":null,"name:en":null,"name:etymology:wikidata":null,"phone":null,"religion":null,"layer":"Bus Stops_points","path":"C:/Users/PMLS/Downloads/Hackathon work/Bus Stops_points.gpkg"},"geometry":{"type":"Point","coordinates":[-74.0900513,40.7036328]}},
{"type":"Feature","properties":{"fid":419,"id":"node/13369841154","@id":"node/13369841154","bench":null,"bin":null,"bus":"yes","construction":null,"covered":null,"description":null,"fixme":null,"gtfs:stop_id":null,"gtfs_stop_code":null,"highway":"bus_stop","level":null,"lit":null,"local_ref":null,"name":"Old Bergen Rd At Macadoo Ave","network":null,"network:short":null,"network:wikidata":null,"network:wikipedia":null,"note":null,"operator":null,"passenger_information_display":null,"public_transport":"platform","ref":"21036","route_ref":null,"shelter":null,"tactile_paving":null,"wheelchair":null,"asset_type":"Bus Stop","addr:city":null,"addr:housenumber":null,"addr:postcode":null,"addr:state":null,"addr:street":null,"addr:street:corner":null,"alt_name":null,"boundary":null,"ele":null,"gnis:feature_id":null,"leisure":null,"name:es":null,"opening_hours":null,"protect_class":null,"protection_title":null,"source":null,"type":null,"website":null,"wikidata":null,"wikipedia":null,"access":null,"barrier":null,"playground":null,"playground:theme":null,"survey:date":null,"place":null,"start_date":null,"surface":null,"amenity":null,"area":null,"denomination":null,"fax":null,"fence_type":null,"grades":null,"mascot":null,"name:en":null,"name:etymology:wikidata":null,"phone":null,"religion":null,"layer":"Bus Stops_points","path":"C:/Users/PMLS/Downloads/Hackathon work/Bus Stops_points.gpkg"},"geometry":{"type":"Point","coordinates":[-74.092169,40.7012917]}},
{"type":"Feature","properties":{"fid":420,"id":"node/13369841155","@id":"node/13369841155","bench":null,"bin":null,"bus":"yes","construction":null,"covered":null,"description":null,"fixme":null,"gtfs:stop_id":null,"gtfs_stop_code":null,"highway":"bus_stop","level":null,"lit":null,"local_ref":null,"name":"Old Bergen Rd At Macadoo Ave","network":"NJ Transit","network:short":"NJT","network:wikidata":"Q498553","network:wikipedia":null,"note":null,"operator":"NJ Transit","passenger_information_display":null,"public_transport":"platform","ref":"21037","route_ref":null,"shelter":"no","tactile_paving":null,"wheelchair":null,"asset_type":"Bus Stop","addr:city":null,"addr:housenumber":null,"addr:postcode":null,"addr:state":null,"addr:street":null,"addr:street:corner":null,"alt_name":null,"boundary":null,"ele":null,"gnis:feature_id":null,"leisure":null,"name:es":null,"opening_hours":null,"protect_class":null,"protection_title":null,"source":null,"type":null,"website":null,"wikidata":null,"wikipedia":null,"access":null,"barrier":null,"playground":null,"playground:theme":null,"survey:date":null,"place":null,"start_date":null,"surface":null,"amenity":null,"area":null,"denomination":null,"fax":null,"fence_type":null,"grades":null,"mascot":null,"name:en":null,"name:etymology:wikidata":null,"phone":null,"religion":null,"layer":"Bus Stops_points","path":"C:/Users/PMLS/Downloads/Hackathon work/Bus Stops_points.gpkg"},"geometry":{"type":"Point","coordinates":[-74.0923047,40.7012643]}},
{"type":"Feature","properties":{"fid":421,"id":"node/13369841156","@id":"node/13369841156","bench":null,"bin":null,"bus":"yes","construction":null,"covered":null,"description":null,"fixme":null,"gtfs:stop_id":null,"gtfs_stop_code":null,"highway":"bus_stop","level":null,"lit":null,"local_ref":null,"name":"Old Bergen Rd At Cator Ave","network":"NJ Transit","network:short":"NJT","network:wikidata":"Q498553","network:wikipedia":null,"note":null,"operator":"NJ Transit","passenger_information_display":null,"public_transport":"platform","ref":"21038","route_ref":null,"shelter":"no","tactile_paving":null,"wheelchair":null,"asset_type":"Bus Stop","addr:city":null,"addr:housenumber":null,"addr:postcode":null,"addr:state":null,"addr:street":null,"addr:street:corner":null,"alt_name":null,"boundary":null,"ele":null,"gnis:feature_id":null,"leisure":null,"name:es":null,"opening_hours":null,"protect_class":null,"protection_title":null,"source":null,"type":null,"website":null,"wikidata":null,"wikipedia":null,"access":null,"barrier":null,"playground":null,"playground:theme":null,"survey:date":null,"place":null,"start_date":null,"surface":null,"amenity":null,"area":null,"denomination":null,"fax":null,"fence_type":null,"grades":null,"mascot":null,"name:en":null,"name:etymology:wikidata":null,"phone":null,"religion":null,"layer":"Bus Stops_points","path":"C:/Users/PMLS/Downloads/Hackathon work/Bus Stops_points.gpkg"},"geometry":{"type":"Point","coordinates":[-74.0923361,40.6992307]}},
{"type":"Feature","properties":{"fid":422,"id":"node/13369841157","@id":"node/13369841157","bench":null,"bin":null,"bus":"yes","construction":null,"covered":null,"description":null,"fixme":null,"gtfs:stop_id":null,"gtfs_stop_code":null,"highway":"bus_stop","level":null,"lit":null,"local_ref":null,"name":"Old Bergen Rd At Cator Ave","network":"NJ Transit","network:short":"NJT","network:wikidata":"Q498553","network:wikipedia":null,"note":null,"operator":"NJ Transit","passenger_information_display":null,"public_transport":"platform","ref":"21035","route_ref":null,"shelter":"no","tactile_paving":null,"wheelchair":null,"asset_type":"Bus Stop","addr:city":null,"addr:housenumber":null,"addr:postcode":null,"addr:state":null,"addr:street":null,"addr:street:corner":null,"alt_name":null,"boundary":null,"ele":null,"gnis:feature_id":null,"leisure":null,"name:es":null,"opening_hours":null,"protect_class":null,"protection_title":null,"source":null,"type":null,"website":null,"wikidata":null,"wikipedia":null,"access":null,"barrier":null,"playground":null,"playground:theme":null,"survey:date":null,"place":null,"start_date":null,"surface":null,"amenity":null,"area":null,"denomination":null,"fax":null,"fence_type":null,"grades":null,"mascot":null,"name:en":null,"name:etymology:wikidata":null,"phone":null,"religion":null,"layer":"Bus Stops_points","path":"C:/Users/PMLS/Downloads/Hackathon work/Bus Stops_points.gpkg"},"geometry":{"type":"Point","coordinates":[-74.0922482,40.6987738]}},
{"type":"Feature","properties":{"fid":423,"id":"node/13369841158","@id":"node/13369841158","bench":null,"bin":null,"bus":"yes","construction":null,"covered":null,"description":null,"fixme":null,"gtfs:stop_id":null,"gtfs_stop_code":null,"highway":"bus_stop","level":null,"lit":null,"local_ref":null,"name":"Old Bergen Rd At Danforth Ave","network":"NJ Transit","network:short":"NJT","network:wikidata":"Q498553","network:wikipedia":null,"note":null,"operator":"NJ Transit","passenger_information_display":null,"public_transport":"platform","ref":"21039","route_ref":null,"shelter":"no","tactile_paving":null,"wheelchair":null,"asset_type":"Bus Stop","addr:city":null,"addr:housenumber":null,"addr:postcode":null,"addr:state":null,"addr:street":null,"addr:street:corner":null,"alt_name":null,"boundary":null,"ele":null,"gnis:feature_id":null,"leisure":null,"name:es":null,"opening_hours":null,"protect_class":null,"protection_title":null,"source":null,"type":null,"website":null,"wikidata":null,"wikipedia":null,"access":null,"barrier":null,"playground":null,"playground:theme":null,"survey:date":null,"place":null,"start_date":null,"surface":null,"amenity":null,"area":null,"denomination":null,"fax":null,"fence_type":null,"grades":null,"mascot":null,"name:en":null,"name:etymology:wikidata":null,"phone":null,"religion":null,"layer":"Bus Stops_points","path":"C:/Users/PMLS/Downloads/Hackathon work/Bus Stops_points.gpkg"},"geometry":{"type":"Point","coordinates":[-74.0926008,40.6982321]}},
{"type":"Feature","properties":{"fid":424,"id":"node/13369861830","@id":"node/13369861830","bench":null,"bin":null,"bus":"yes","construction":null,"covered":null,"description":null,"fixme":null,"gtfs:stop_id":null,"gtfs_stop_code":null,"highway":"bus_stop","level":null,"lit":null,"local_ref":null,"name":"Neptune Ave At Old Bergen Rd","network":"NJ Transit","network:short":"NJT","network:wikidata":"Q498553","network:wikipedia":null,"note":null,"operator":"NJ Transit","passenger_information_display":null,"public_transport":"platform","ref":"20950","route_ref":null,"shelter":"no","tactile_paving":null,"wheelchair":null,"asset_type":"Bus Stop","addr:city":null,"addr:housenumber":null,"addr:postcode":null,"addr:state":null,"addr:street":null,"addr:street:corner":null,"alt_name":null,"boundary":null,"ele":null,"gnis:feature_id":null,"leisure":null,"name:es":null,"opening_hours":null,"protect_class":null,"protection_title":null,"source":null,"type":null,"website":null,"wikidata":null,"wikipedia":null,"access":null,"barrier":null,"playground":null,"playground:theme":null,"survey:date":null,"place":null,"start_date":null,"surface":null,"amenity":null,"area":null,"denomination":null,"fax":null,"fence_type":null,"grades":null,"mascot":null,"name:en":null,"name:etymology:wikidata":null,"phone":null,"religion":null,"layer":"Bus Stops_points","path":"C:/Users/PMLS/Downloads/Hackathon work/Bus Stops_points.gpkg"},"geometry":{"type":"Point","coordinates":[-74.09585,40.6932696]}},
{"type":"Feature","properties":{"fid":425,"id":"node/13369861831","@id":"node/13369861831","bench":null,"bin":null,"bus":"yes","construction":null,"covered":null,"description":null,"fixme":null,"gtfs:stop_id":null,"gtfs_stop_code":null,"highway":"bus_stop","level":null,"lit":null,"local_ref":null,"name":"Neptune Ave At Old Bergen Rd","network":"NJ Transit","network:short":"NJT","network:wikidata":"Q498553","network:wikipedia":null,"note":null,"operator":"NJ Transit","passenger_information_display":null,"public_transport":"platform","ref":"20945","route_ref":null,"shelter":"no","tactile_paving":null,"wheelchair":null,"asset_type":"Bus Stop","addr:city":null,"addr:housenumber":null,"addr:postcode":null,"addr:state":null,"addr:street":null,"addr:street:corner":null,"alt_name":null,"boundary":null,"ele":null,"gnis:feature_id":null,"leisure":null,"name:es":null,"opening_hours":null,"protect_class":null,"protection_title":null,"source":null,"type":null,"website":null,"wikidata":null,"wikipedia":null,"access":null,"barrier":null,"playground":null,"playground:theme":null,"survey:date":null,"place":null,"start_date":null,"surface":null,"amenity":null,"area":null,"denomination":null,"fax":null,"fence_type":null,"grades":null,"mascot":null,"name:en":null,"name:etymology:wikidata":null,"phone":null,"religion":null,"layer":"Bus Stops_points","path":"C:/Users/PMLS/Downloads/Hackathon work/Bus Stops_points.gpkg"},"geometry":{"type":"Point","coordinates":[-74.0958011,40.6930329]}},
{"type":"Feature","properties":{"fid":426,"id":"node/13369861832","@id":"node/13369861832","bench":null,"bin":null,"bus":"yes","construction":null,"covered":null,"description":null,"fixme":null,"gtfs:stop_id":null,"gtfs_stop_code":null,"highway":"bus_stop","level":null,"lit":null,"local_ref":null,"name":"Neptune Ave At Ocean Ave","network":"NJ Transit","network:short":"NJT","network:wikidata":"Q498553","network:wikipedia":null,"note":null,"operator":"NJ Transit","passenger_information_display":null,"public_transport":"platform","ref":"20946","route_ref":null,"shelter":"no","tactile_paving":null,"wheelchair":null,"asset_type":"Bus Stop","addr:city":null,"addr:housenumber":null,"addr:postcode":null,"addr:state":null,"addr:street":null,"addr:street:corner":null,"alt_name":null,"boundary":null,"ele":null,"gnis:feature_id":null,"leisure":null,"name:es":null,"opening_hours":null,"protect_class":null,"protection_title":null,"source":null,"type":null,"website":null,"wikidata":null,"wikipedia":null,"access":null,"barrier":null,"playground":null,"playground:theme":null,"survey:date":null,"place":null,"start_date":null,"surface":null,"amenity":null,"area":null,"denomination":null,"fax":null,"fence_type":null,"grades":null,"mascot":null,"name:en":null,"name:etymology:wikidata":null,"phone":null,"religion":null,"layer":"Bus Stops_points","path":"C:/Users/PMLS/Downloads/Hackathon work/Bus Stops_points.gpkg"},"geometry":{"type":"Point","coordinates":[-74.0950482,40.6921831]}},
{"type":"Feature","properties":{"fid":427,"id":"node/13369861833","@id":"node/13369861833","bench":null,"bin":null,"bus":"yes","construction":null,"covered":null,"description":null,"fixme":null,"gtfs:stop_id":null,"gtfs_stop_code":null,"highway":"bus_stop","level":null,"lit":null,"local_ref":null,"name":"Neptune Ave At Ocean Ave","network":"NJ Transit","network:short":"NJT","network:wikidata":"Q498553","network:wikipedia":null,"note":null,"operator":"NJ Transit","passenger_information_display":null,"public_transport":"platform","ref":"20949","route_ref":null,"shelter":"no","tactile_paving":null,"wheelchair":null,"asset_type":"Bus Stop","addr:city":null,"addr:housenumber":null,"addr:postcode":null,"addr:state":null,"addr:street":null,"addr:street:corner":null,"alt_name":null,"boundary":null,"ele":null,"gnis:feature_id":null,"leisure":null,"name:es":null,"opening_hours":null,"protect_class":null,"protection_title":null,"source":null,"type":null,"website":null,"wikidata":null,"wikipedia":null,"access":null,"barrier":null,"playground":null,"playground:theme":null,"survey:date":null,"place":null,"start_date":null,"surface":null,"amenity":null,"area":null,"denomination":null,"fax":null,"fence_type":null,"grades":null,"mascot":null,"name:en":null,"name:etymology:wikidata":null,"phone":null,"religion":null,"layer":"Bus Stops_points","path":"C:/Users/PMLS/Downloads/Hackathon work/Bus Stops_points.gpkg"},"geometry":{"type":"Point","coordinates":[-74.0947659,40.6920478]}},
{"type":"Feature","properties":{"fid":428,"id":"node/13369861834","@id":"node/13369861834","bench":null,"bin":null,"bus":"yes","construction":null,"covered":null,"description":null,"fixme":null,"gtfs:stop_id":null,"gtfs_stop_code":null,"highway":"bus_stop","level":null,"lit":null,"local_ref":null,"name":"Neptune Ave At Garfield Ave","network":"NJ Transit","network:short":"NJT","network:wikidata":"Q498553","network:wikipedia":null,"note":null,"operator":"NJ Transit","passenger_information_display":null,"public_transport":"platform","ref":"20947","route_ref":null,"shelter":"no","tactile_paving":null,"wheelchair":null,"asset_type":"Bus Stop","addr:city":null,"addr:housenumber":null,"addr:postcode":null,"addr:state":null,"addr:street":null,"addr:street:corner":null,"alt_name":null,"boundary":null,"ele":null,"gnis:feature_id":null,"leisure":null,"name:es":null,"opening_hours":null,"protect_class":null,"protection_title":null,"source":null,"type":null,"website":null,"wikidata":null,"wikipedia":null,"access":null,"barrier":null,"playground":null,"playground:theme":null,"survey:date":null,"place":null,"start_date":null,"surface":null,"amenity":null,"area":null,"denomination":null,"fax":null,"fence_type":null,"grades":null,"mascot":null,"name:en":null,"name:etymology:wikidata":null,"phone":null,"religion":null,"layer":"Bus Stops_points","path":"C:/Users/PMLS/Downloads/Hackathon work/Bus Stops_points.gpkg"},"geometry":{"type":"Point","coordinates":[-74.0938712,40.6908442]}},
{"type":"Feature","properties":{"fid":429,"id":"node/13369861835","@id":"node/13369861835","bench":null,"bin":null,"bus":"yes","construction":null,"covered":null,"description":null,"fixme":null,"gtfs:stop_id":null,"gtfs_stop_code":null,"highway":"bus_stop","level":null,"lit":null,"local_ref":null,"name":"Neptune Ave At Garfield Ave","network":"NJ Transit","network:short":"NJT","network:wikidata":"Q498553","network:wikipedia":null,"note":null,"operator":"NJ Transit","passenger_information_display":null,"public_transport":"platform","ref":"20948","route_ref":null,"shelter":"no","tactile_paving":null,"wheelchair":null,"asset_type":"Bus Stop","addr:city":null,"addr:housenumber":null,"addr:postcode":null,"addr:state":null,"addr:street":null,"addr:street:corner":null,"alt_name":null,"boundary":null,"ele":null,"gnis:feature_id":null,"leisure":null,"name:es":null,"opening_hours":null,"protect_class":null,"protection_title":null,"source":null,"type":null,"website":null,"wikidata":null,"wikipedia":null,"access":null,"barrier":null,"playground":null,"playground:theme":null,"survey:date":null,"place":null,"start_date":null,"surface":null,"amenity":null,"area":null,"denomination":null,"fax":null,"fence_type":null,"grades":null,"mascot":null,"name:en":null,"name:etymology:wikidata":null,"phone":null,"religion":null,"layer":"Bus Stops_points","path":"C:/Users/PMLS/Downloads/Hackathon work/Bus Stops_points.gpkg"},"geometry":{"type":"Point","coordinates":[-74.0938896,40.6910603]}},
{"type":"Feature","properties":{"fid":430,"id":"node/13369861836","@id":"node/13369861836","bench":null,"bin":null,"bus":"yes","construction":null,"covered":null,"description":null,"fixme":null,"gtfs:stop_id":null,"gtfs_stop_code":null,"highway":"bus_stop","level":null,"lit":null,"local_ref":null,"name":"Garfield Ave At Gates Ave","network":"NJ Transit","network:short":"NJT","network:wikidata":"Q498553","network:wikipedia":null,"note":null,"operator":"NJ Transit","passenger_information_display":null,"public_transport":"platform","ref":"33343","route_ref":null,"shelter":"no","tactile_paving":null,"wheelchair":null,"asset_type":"Bus Stop","addr:city":null,"addr:housenumber":null,"addr:postcode":null,"addr:state":null,"addr:street":null,"addr:street:corner":null,"alt_name":null,"boundary":null,"ele":null,"gnis:feature_id":null,"leisure":null,"name:es":null,"opening_hours":null,"protect_class":null,"protection_title":null,"source":null,"type":null,"website":null,"wikidata":null,"wikipedia":null,"access":null,"barrier":null,"playground":null,"playground:theme":null,"survey:date":null,"place":null,"start_date":null,"surface":null,"amenity":null,"area":null,"denomination":null,"fax":null,"fence_type":null,"grades":null,"mascot":null,"name:en":null,"name:etymology:wikidata":null,"phone":null,"religion":null,"layer":"Bus Stops_points","path":"C:/Users/PMLS/Downloads/Hackathon work/Bus Stops_points.gpkg"},"geometry":{"type":"Point","coordinates":[-74.095331,40.6900145]}},
{"type":"Feature","properties":{"fid":431,"id":"node/13369861837","@id":"node/13369861837","bench":null,"bin":null,"bus":"yes","construction":null,"covered":null,"description":null,"fixme":"confirm location","gtfs:stop_id":null,"gtfs_stop_code":null,"highway":"bus_stop","level":null,"lit":null,"local_ref":null,"name":"Garfield Ave At Gates Ave","network":"NJ Transit","network:short":"NJT","network:wikidata":"Q498553","network:wikipedia":null,"note":null,"operator":"NJ Transit","passenger_information_display":null,"public_transport":"platform","ref":"33344","route_ref":null,"shelter":"no","tactile_paving":null,"wheelchair":null,"asset_type":"Bus Stop","addr:city":null,"addr:housenumber":null,"addr:postcode":null,"addr:state":null,"addr:street":null,"addr:street:corner":null,"alt_name":null,"boundary":null,"ele":null,"gnis:feature_id":null,"leisure":null,"name:es":null,"opening_hours":null,"protect_class":null,"protection_title":null,"source":null,"type":null,"website":null,"wikidata":null,"wikipedia":null,"access":null,"barrier":null,"playground":null,"playground:theme":null,"survey:date":null,"place":null,"start_date":null,"surface":null,"amenity":null,"area":null,"denomination":null,"fax":null,"fence_type":null,"grades":null,"mascot":null,"name:en":null,"name:etymology:wikidata":null,"phone":null,"religion":null,"layer":"Bus Stops_points","path":"C:/Users/PMLS/Downloads/Hackathon work/Bus Stops_points.gpkg"},"geometry":{"type":"Point","coordinates":[-74.0958638,40.6899229]}},
{"type":"Feature","properties":{"fid":432,"id":"node/13389587674","@id":"node/13389587674","bench":null,"bin":null,"bus":"yes","construction":null,"covered":null,"description":null,"fixme":null,"gtfs:stop_id":null,"gtfs_stop_code":null,"highway":"bus_stop","level":null,"lit":null,"local_ref":null,"name":"West Side Ave At Stegman Pkwy","network":"NJ Transit","network:short":"NJT","network:wikidata":"Q498553","network:wikipedia":null,"note":null,"operator":"NJ Transit","passenger_information_display":null,"public_transport":"platform","ref":"21178","route_ref":null,"shelter":"no","tactile_paving":null,"wheelchair":null,"asset_type":"Bus Stop","addr:city":null,"addr:housenumber":null,"addr:postcode":null,"addr:state":null,"addr:street":null,"addr:street:corner":null,"alt_name":null,"boundary":null,"ele":null,"gnis:feature_id":null,"leisure":null,"name:es":null,"opening_hours":null,"protect_class":null,"protection_title":null,"source":null,"type":null,"website":null,"wikidata":null,"wikipedia":null,"access":null,"barrier":null,"playground":null,"playground:theme":null,"survey:date":null,"place":null,"start_date":null,"surface":null,"amenity":null,"area":null,"denomination":null,"fax":null,"fence_type":null,"grades":null,"mascot":null,"name:en":null,"name:etymology:wikidata":null,"phone":null,"religion":null,"layer":"Bus Stops_points","path":"C:/Users/PMLS/Downloads/Hackathon work/Bus Stops_points.gpkg"},"geometry":{"type":"Point","coordinates":[-74.0936211,40.7109319]}},
{"type":"Feature","properties":{"fid":433,"id":"node/13409151319","@id":"node/13409151319","bench":null,"bin":null,"bus":"yes","construction":null,"covered":null,"description":null,"fixme":null,"gtfs:stop_id":null,"gtfs_stop_code":null,"highway":"bus_stop","level":null,"lit":null,"local_ref":null,"name":"Montgomery Street At John F. Kennedy Boulevard","network":"NJ Transit","network:short":"NJT","network:wikidata":"Q498553","network:wikipedia":null,"note":null,"operator":"NJ Transit","passenger_information_display":null,"public_transport":"platform","ref":"20893","route_ref":null,"shelter":"no","tactile_paving":null,"wheelchair":null,"asset_type":"Bus Stop","addr:city":null,"addr:housenumber":null,"addr:postcode":null,"addr:state":null,"addr:street":null,"addr:street:corner":null,"alt_name":null,"boundary":null,"ele":null,"gnis:feature_id":null,"leisure":null,"name:es":null,"opening_hours":null,"protect_class":null,"protection_title":null,"source":null,"type":null,"website":null,"wikidata":null,"wikipedia":null,"access":null,"barrier":null,"playground":null,"playground:theme":null,"survey:date":null,"place":null,"start_date":null,"surface":null,"amenity":null,"area":null,"denomination":null,"fax":null,"fence_type":null,"grades":null,"mascot":null,"name:en":null,"name:etymology:wikidata":null,"phone":null,"religion":null,"layer":"Bus Stops_points","path":"C:/Users/PMLS/Downloads/Hackathon work/Bus Stops_points.gpkg"},"geometry":{"type":"Point","coordinates":[-74.0715534,40.7266396]}},
{"type":"Feature","properties":{"fid":434,"id":"node/13409151320","@id":"node/13409151320","bench":null,"bin":null,"bus":"yes","construction":null,"covered":null,"description":null,"fixme":null,"gtfs:stop_id":null,"gtfs_stop_code":null,"highway":"bus_stop","level":null,"lit":null,"local_ref":null,"name":"Montgomery Street At John F. Kennedy Boulevard","network":"NJ Transit","network:short":"NJT","network:wikidata":"Q498553","network:wikipedia":null,"note":null,"operator":"NJ Transit","passenger_information_display":null,"public_transport":"platform","ref":"20930","route_ref":null,"shelter":"no","tactile_paving":null,"wheelchair":null,"asset_type":"Bus Stop","addr:city":null,"addr:housenumber":null,"addr:postcode":null,"addr:state":null,"addr:street":null,"addr:street:corner":null,"alt_name":null,"boundary":null,"ele":null,"gnis:feature_id":null,"leisure":null,"name:es":null,"opening_hours":null,"protect_class":null,"protection_title":null,"source":null,"type":null,"website":null,"wikidata":null,"wikipedia":null,"access":null,"barrier":null,"playground":null,"playground:theme":null,"survey:date":null,"place":null,"start_date":null,"surface":null,"amenity":null,"area":null,"denomination":null,"fax":null,"fence_type":null,"grades":null,"mascot":null,"name:en":null,"name:etymology:wikidata":null,"phone":null,"religion":null,"layer":"Bus Stops_points","path":"C:/Users/PMLS/Downloads/Hackathon work/Bus Stops_points.gpkg"},"geometry":{"type":"Point","coordinates":[-74.0711282,40.7265906]}},
{"type":"Feature","properties":{"fid":435,"id":"node/13409151321","@id":"node/13409151321","bench":null,"bin":null,"bus":"yes","construction":null,"covered":null,"description":null,"fixme":null,"gtfs:stop_id":null,"gtfs_stop_code":null,"highway":"bus_stop","level":null,"lit":null,"local_ref":null,"name":"Montgomery Street At Bergen Avenue","network":"NJ Transit","network:short":"NJT","network:wikidata":"Q498553","network:wikipedia":null,"note":null,"operator":"NJ Transit","passenger_information_display":null,"public_transport":"platform","ref":"20896","route_ref":null,"shelter":"no","tactile_paving":null,"wheelchair":null,"asset_type":"Bus Stop","addr:city":null,"addr:housenumber":null,"addr:postcode":null,"addr:state":null,"addr:street":null,"addr:street:corner":null,"alt_name":null,"boundary":null,"ele":null,"gnis:feature_id":null,"leisure":null,"name:es":null,"opening_hours":null,"protect_class":null,"protection_title":null,"source":null,"type":null,"website":null,"wikidata":null,"wikipedia":null,"access":null,"barrier":null,"playground":null,"playground:theme":null,"survey:date":null,"place":null,"start_date":null,"surface":null,"amenity":null,"area":null,"denomination":null,"fax":null,"fence_type":null,"grades":null,"mascot":null,"name:en":null,"name:etymology:wikidata":null,"phone":null,"religion":null,"layer":"Bus Stops_points","path":"C:/Users/PMLS/Downloads/Hackathon work/Bus Stops_points.gpkg"},"geometry":{"type":"Point","coordinates":[-74.0675164,40.7249084]}},
{"type":"Feature","properties":{"fid":436,"id":"node/13409151322","@id":"node/13409151322","bench":null,"bin":null,"bus":"yes","construction":null,"covered":null,"description":null,"fixme":null,"gtfs:stop_id":null,"gtfs_stop_code":null,"highway":"bus_stop","level":null,"lit":null,"local_ref":null,"name":"Montgomery Street At Jordan Avenue","network":"NJ Transit","network:short":"NJT","network:wikidata":"Q498553","network:wikipedia":null,"note":null,"operator":"NJ Transit","passenger_information_display":null,"public_transport":"platform","ref":"20897","route_ref":null,"shelter":"no","tactile_paving":null,"wheelchair":null,"asset_type":"Bus Stop","addr:city":null,"addr:housenumber":null,"addr:postcode":null,"addr:state":null,"addr:street":null,"addr:street:corner":null,"alt_name":null,"boundary":null,"ele":null,"gnis:feature_id":null,"leisure":null,"name:es":null,"opening_hours":null,"protect_class":null,"protection_title":null,"source":null,"type":null,"website":null,"wikidata":null,"wikipedia":null,"access":null,"barrier":null,"playground":null,"playground:theme":null,"survey:date":null,"place":null,"start_date":null,"surface":null,"amenity":null,"area":null,"denomination":null,"fax":null,"fence_type":null,"grades":null,"mascot":null,"name:en":null,"name:etymology:wikidata":null,"phone":null,"religion":null,"layer":"Bus Stops_points","path":"C:/Users/PMLS/Downloads/Hackathon work/Bus Stops_points.gpkg"},"geometry":{"type":"Point","coordinates":[-74.0664285,40.724455]}},
{"type":"Feature","properties":{"fid":437,"id":"node/13409151323","@id":"node/13409151323","bench":null,"bin":null,"bus":"yes","construction":null,"covered":null,"description":null,"fixme":null,"gtfs:stop_id":null,"gtfs_stop_code":null,"highway":"bus_stop","level":null,"lit":null,"local_ref":null,"name":"Montgomery Street At Jordan Avenue","network":"NJ Transit","network:short":"NJT","network:wikidata":"Q498553","network:wikipedia":null,"note":null,"operator":"NJ Transit","passenger_information_display":null,"public_transport":"platform","ref":"20927","route_ref":null,"shelter":"no","tactile_paving":null,"wheelchair":null,"asset_type":"Bus Stop","addr:city":null,"addr:housenumber":null,"addr:postcode":null,"addr:state":null,"addr:street":null,"addr:street:corner":null,"alt_name":null,"boundary":null,"ele":null,"gnis:feature_id":null,"leisure":null,"name:es":null,"opening_hours":null,"protect_class":null,"protection_title":null,"source":null,"type":null,"website":null,"wikidata":null,"wikipedia":null,"access":null,"barrier":null,"playground":null,"playground:theme":null,"survey:date":null,"place":null,"start_date":null,"surface":null,"amenity":null,"area":null,"denomination":null,"fax":null,"fence_type":null,"grades":null,"mascot":null,"name:en":null,"name:etymology:wikidata":null,"phone":null,"religion":null,"layer":"Bus Stops_points","path":"C:/Users/PMLS/Downloads/Hackathon work/Bus Stops_points.gpkg"},"geometry":{"type":"Point","coordinates":[-74.0659938,40.7244935]}},
{"type":"Feature","properties":{"fid":438,"id":"node/13409151324","@id":"node/13409151324","bench":null,"bin":null,"bus":"yes","construction":null,"covered":null,"description":null,"fixme":null,"gtfs:stop_id":null,"gtfs_stop_code":null,"highway":"bus_stop","level":null,"lit":null,"local_ref":null,"name":"Montgomery Street At Baldwin Avenue","network":"NJ Transit","network:short":"NJT","network:wikidata":"Q498553","network:wikipedia":null,"note":null,"operator":"NJ Transit","passenger_information_display":null,"public_transport":"platform","ref":"20899","route_ref":null,"shelter":"no","tactile_paving":null,"wheelchair":null,"asset_type":"Bus Stop","addr:city":null,"addr:housenumber":null,"addr:postcode":null,"addr:state":null,"addr:street":null,"addr:street:corner":null,"alt_name":null,"boundary":null,"ele":null,"gnis:feature_id":null,"leisure":null,"name:es":null,"opening_hours":null,"protect_class":null,"protection_title":null,"source":null,"type":null,"website":null,"wikidata":null,"wikipedia":null,"access":null,"barrier":null,"playground":null,"playground:theme":null,"survey:date":null,"place":null,"start_date":null,"surface":null,"amenity":null,"area":null,"denomination":null,"fax":null,"fence_type":null,"grades":null,"mascot":null,"name:en":null,"name:etymology:wikidata":null,"phone":null,"religion":null,"layer":"Bus Stops_points","path":"C:/Users/PMLS/Downloads/Hackathon work/Bus Stops_points.gpkg"},"geometry":{"type":"Point","coordinates":[-74.0644309,40.7237808]}},
{"type":"Feature","properties":{"fid":439,"id":"node/13409151325","@id":"node/13409151325","bench":null,"bin":null,"bus":"yes","construction":null,"covered":null,"description":null,"fixme":null,"gtfs:stop_id":null,"gtfs_stop_code":null,"highway":"bus_stop","level":null,"lit":null,"local_ref":null,"name":"Montgomery Street At Baldwin Avenue","network":"NJ Transit","network:short":"NJT","network:wikidata":"Q498553","network:wikipedia":null,"note":null,"operator":"NJ Transit","passenger_information_display":null,"public_transport":"platform","ref":"31101","route_ref":null,"shelter":"no","tactile_paving":null,"wheelchair":null,"asset_type":"Bus Stop","addr:city":null,"addr:housenumber":null,"addr:postcode":null,"addr:state":null,"addr:street":null,"addr:street:corner":null,"alt_name":null,"boundary":null,"ele":null,"gnis:feature_id":null,"leisure":null,"name:es":null,"opening_hours":null,"protect_class":null,"protection_title":null,"source":null,"type":null,"website":null,"wikidata":null,"wikipedia":null,"access":null,"barrier":null,"playground":null,"playground:theme":null,"survey:date":null,"place":null,"start_date":null,"surface":null,"amenity":null,"area":null,"denomination":null,"fax":null,"fence_type":null,"grades":null,"mascot":null,"name:en":null,"name:etymology:wikidata":null,"phone":null,"religion":null,"layer":"Bus Stops_points","path":"C:/Users/PMLS/Downloads/Hackathon work/Bus Stops_points.gpkg"},"geometry":{"type":"Point","coordinates":[-74.0644598,40.7239781]}},
{"type":"Feature","properties":{"fid":440,"id":"node/13416610498","@id":"node/13416610498","bench":null,"bin":null,"bus":"yes","construction":null,"covered":null,"description":null,"fixme":null,"gtfs:stop_id":null,"gtfs_stop_code":null,"highway":"bus_stop","level":null,"lit":null,"local_ref":null,"name":"Montgomery St At Florence St","network":"NJ Transit","network:short":"NJT","network:wikidata":"Q498553","network:wikipedia":null,"note":null,"operator":"NJ Transit","passenger_information_display":null,"public_transport":"platform","ref":"20901","route_ref":null,"shelter":"no","tactile_paving":null,"wheelchair":null,"asset_type":"Bus Stop","addr:city":null,"addr:housenumber":null,"addr:postcode":null,"addr:state":null,"addr:street":null,"addr:street:corner":null,"alt_name":null,"boundary":null,"ele":null,"gnis:feature_id":null,"leisure":null,"name:es":null,"opening_hours":null,"protect_class":null,"protection_title":null,"source":null,"type":null,"website":null,"wikidata":null,"wikipedia":null,"access":null,"barrier":null,"playground":null,"playground:theme":null,"survey:date":null,"place":null,"start_date":null,"surface":null,"amenity":null,"area":null,"denomination":null,"fax":null,"fence_type":null,"grades":null,"mascot":null,"name:en":null,"name:etymology:wikidata":null,"phone":null,"religion":null,"layer":"Bus Stops_points","path":"C:/Users/PMLS/Downloads/Hackathon work/Bus Stops_points.gpkg"},"geometry":{"type":"Point","coordinates":[-74.0600833,40.7223973]}},
{"type":"Feature","properties":{"fid":441,"id":"node/13416610499","@id":"node/13416610499","bench":null,"bin":null,"bus":"yes","construction":null,"covered":null,"description":null,"fixme":null,"gtfs:stop_id":null,"gtfs_stop_code":null,"highway":"bus_stop","level":null,"lit":null,"local_ref":null,"name":"Montgomery St At Florence St","network":"NJ Transit","network:short":"NJT","network:wikidata":"Q498553","network:wikipedia":null,"note":null,"operator":"NJ Transit","passenger_information_display":null,"public_transport":"platform","ref":"20925","route_ref":null,"shelter":"no","tactile_paving":null,"wheelchair":null,"asset_type":"Bus Stop","addr:city":null,"addr:housenumber":null,"addr:postcode":null,"addr:state":null,"addr:street":null,"addr:street:corner":null,"alt_name":null,"boundary":null,"ele":null,"gnis:feature_id":null,"leisure":null,"name:es":null,"opening_hours":null,"protect_class":null,"protection_title":null,"source":null,"type":null,"website":null,"wikidata":null,"wikipedia":null,"access":null,"barrier":null,"playground":null,"playground:theme":null,"survey:date":null,"place":null,"start_date":null,"surface":null,"amenity":null,"area":null,"denomination":null,"fax":null,"fence_type":null,"grades":null,"mascot":null,"name:en":null,"name:etymology:wikidata":null,"phone":null,"religion":null,"layer":"Bus Stops_points","path":"C:/Users/PMLS/Downloads/Hackathon work/Bus Stops_points.gpkg"},"geometry":{"type":"Point","coordinates":[-74.059598,40.7224438]}},
{"type":"Feature","properties":{"fid":442,"id":"node/13416610500","@id":"node/13416610500","bench":null,"bin":null,"bus":"yes","construction":null,"covered":null,"description":null,"fixme":null,"gtfs:stop_id":null,"gtfs_stop_code":null,"highway":"bus_stop","level":null,"lit":null,"local_ref":null,"name":"Montgomery St At Ristaino Dr","network":"NJ Transit","network:short":"NJT","network:wikidata":"Q498553","network:wikipedia":null,"note":null,"operator":"NJ Transit","passenger_information_display":null,"public_transport":"platform","ref":"20902","route_ref":null,"shelter":"no","tactile_paving":null,"wheelchair":null,"asset_type":"Bus Stop","addr:city":null,"addr:housenumber":null,"addr:postcode":null,"addr:state":null,"addr:street":null,"addr:street:corner":null,"alt_name":null,"boundary":null,"ele":null,"gnis:feature_id":null,"leisure":null,"name:es":null,"opening_hours":null,"protect_class":null,"protection_title":null,"source":null,"type":null,"website":null,"wikidata":null,"wikipedia":null,"access":null,"barrier":null,"playground":null,"playground:theme":null,"survey:date":null,"place":null,"start_date":null,"surface":null,"amenity":null,"area":null,"denomination":null,"fax":null,"fence_type":null,"grades":null,"mascot":null,"name:en":null,"name:etymology:wikidata":null,"phone":null,"religion":null,"layer":"Bus Stops_points","path":"C:/Users/PMLS/Downloads/Hackathon work/Bus Stops_points.gpkg"},"geometry":{"type":"Point","coordinates":[-74.0587872,40.7219895]}},
{"type":"Feature","properties":{"fid":443,"id":"node/13416682401","@id":"node/13416682401","bench":null,"bin":null,"bus":"yes","construction":null,"covered":null,"description":null,"fixme":null,"gtfs:stop_id":null,"gtfs_stop_code":null,"highway":"bus_stop","level":null,"lit":null,"local_ref":null,"name":"Montgomery St At Ristaino Dr","network":"NJ Transit","network:short":"NJT","network:wikidata":"Q498553","network:wikipedia":null,"note":null,"operator":"NJ Transit","passenger_information_display":null,"public_transport":"platform","ref":"20924","route_ref":null,"shelter":"no","tactile_paving":null,"wheelchair":null,"asset_type":"Bus Stop","addr:city":null,"addr:housenumber":null,"addr:postcode":null,"addr:state":null,"addr:street":null,"addr:street:corner":null,"alt_name":null,"boundary":null,"ele":null,"gnis:feature_id":null,"leisure":null,"name:es":null,"opening_hours":null,"protect_class":null,"protection_title":null,"source":null,"type":null,"website":null,"wikidata":null,"wikipedia":null,"access":null,"barrier":null,"playground":null,"playground:theme":null,"survey:date":null,"place":null,"start_date":null,"surface":null,"amenity":null,"area":null,"denomination":null,"fax":null,"fence_type":null,"grades":null,"mascot":null,"name:en":null,"name:etymology:wikidata":null,"phone":null,"religion":null,"layer":"Bus Stops_points","path":"C:/Users/PMLS/Downloads/Hackathon work/Bus Stops_points.gpkg"},"geometry":{"type":"Point","coordinates":[-74.0582317,40.7220134]}},
{"type":"Feature","properties":{"fid":444,"id":"node/13416682402","@id":"node/13416682402","bench":null,"bin":null,"bus":"yes","construction":null,"covered":null,"description":null,"fixme":null,"gtfs:stop_id":null,"gtfs_stop_code":null,"highway":"bus_stop","level":null,"lit":null,"local_ref":null,"name":"Montgomery St At Merseles St","network":"NJ Transit","network:short":"NJT","network:wikidata":"Q498553","network:wikipedia":null,"note":null,"operator":"NJ Transit","passenger_information_display":null,"public_transport":"platform","ref":"20903","route_ref":null,"shelter":"no","tactile_paving":null,"wheelchair":null,"asset_type":"Bus Stop","addr:city":null,"addr:housenumber":null,"addr:postcode":null,"addr:state":null,"addr:street":null,"addr:street:corner":null,"alt_name":null,"boundary":null,"ele":null,"gnis:feature_id":null,"leisure":null,"name:es":null,"opening_hours":null,"protect_class":null,"protection_title":null,"source":null,"type":null,"website":null,"wikidata":null,"wikipedia":null,"access":null,"barrier":null,"playground":null,"playground:theme":null,"survey:date":null,"place":null,"start_date":null,"surface":null,"amenity":null,"area":null,"denomination":null,"fax":null,"fence_type":null,"grades":null,"mascot":null,"name:en":null,"name:etymology:wikidata":null,"phone":null,"religion":null,"layer":"Bus Stops_points","path":"C:/Users/PMLS/Downloads/Hackathon work/Bus Stops_points.gpkg"},"geometry":{"type":"Point","coordinates":[-74.055625,40.7210069]}},
{"type":"Feature","properties":{"fid":445,"id":"node/13416682403","@id":"node/13416682403","bench":null,"bin":null,"bus":"yes","construction":null,"covered":null,"description":null,"fixme":null,"gtfs:stop_id":null,"gtfs_stop_code":null,"highway":"bus_stop","level":null,"lit":null,"local_ref":null,"name":"Montgomery St At Colgate St","network":"NJ Transit","network:short":"NJT","network:wikidata":"Q498553","network:wikipedia":null,"note":null,"operator":"NJ Transit","passenger_information_display":null,"public_transport":"platform","ref":"20922","route_ref":null,"shelter":"no","tactile_paving":null,"wheelchair":null,"asset_type":"Bus Stop","addr:city":null,"addr:housenumber":null,"addr:postcode":null,"addr:state":null,"addr:street":null,"addr:street:corner":null,"alt_name":null,"boundary":null,"ele":null,"gnis:feature_id":null,"leisure":null,"name:es":null,"opening_hours":null,"protect_class":null,"protection_title":null,"source":null,"type":null,"website":null,"wikidata":null,"wikipedia":null,"access":null,"barrier":null,"playground":null,"playground:theme":null,"survey:date":null,"place":null,"start_date":null,"surface":null,"amenity":null,"area":null,"denomination":null,"fax":null,"fence_type":null,"grades":null,"mascot":null,"name:en":null,"name:etymology:wikidata":null,"phone":null,"religion":null,"layer":"Bus Stops_points","path":"C:/Users/PMLS/Downloads/Hackathon work/Bus Stops_points.gpkg"},"geometry":{"type":"Point","coordinates":[-74.0537279,40.7205896]}},
{"type":"Feature","properties":{"fid":446,"id":"node/13416682404","@id":"node/13416682404","bench":null,"bin":null,"bus":"yes","construction":null,"covered":null,"description":null,"fixme":null,"gtfs:stop_id":null,"gtfs_stop_code":null,"highway":"bus_stop","level":null,"lit":null,"local_ref":null,"name":"Montgomery St At Brunswick St","network":"NJ Transit","network:short":"NJT","network:wikidata":"Q498553","network:wikipedia":null,"note":null,"operator":"NJ Transit","passenger_information_display":null,"public_transport":"platform","ref":"20904","route_ref":null,"shelter":"no","tactile_paving":null,"wheelchair":null,"asset_type":"Bus Stop","addr:city":null,"addr:housenumber":null,"addr:postcode":null,"addr:state":null,"addr:street":null,"addr:street:corner":null,"alt_name":null,"boundary":null,"ele":null,"gnis:feature_id":null,"leisure":null,"name:es":null,"opening_hours":null,"protect_class":null,"protection_title":null,"source":null,"type":null,"website":null,"wikidata":null,"wikipedia":null,"access":null,"barrier":null,"playground":null,"playground:theme":null,"survey:date":null,"place":null,"start_date":null,"surface":null,"amenity":null,"area":null,"denomination":null,"fax":null,"fence_type":null,"grades":null,"mascot":null,"name:en":null,"name:etymology:wikidata":null,"phone":null,"religion":null,"layer":"Bus Stops_points","path":"C:/Users/PMLS/Downloads/Hackathon work/Bus Stops_points.gpkg"},"geometry":{"type":"Point","coordinates":[-74.0525295,40.7200341]}},
{"type":"Feature","properties":{"fid":447,"id":"node/13416682405","@id":"node/13416682405","bench":null,"bin":null,"bus":"yes","construction":null,"covered":null,"description":null,"fixme":null,"gtfs:stop_id":null,"gtfs_stop_code":null,"highway":"bus_stop","level":null,"lit":null,"local_ref":null,"name":"Montgomery St At Brunswick St","network":"NJ Transit","network:short":"NJT","network:wikidata":"Q498553","network:wikipedia":null,"note":null,"operator":"NJ Transit","passenger_information_display":null,"public_transport":"platform","ref":"20921","route_ref":null,"shelter":"no","tactile_paving":null,"wheelchair":null,"asset_type":"Bus Stop","addr:city":null,"addr:housenumber":null,"addr:postcode":null,"addr:state":null,"addr:street":null,"addr:street:corner":null,"alt_name":null,"boundary":null,"ele":null,"gnis:feature_id":null,"leisure":null,"name:es":null,"opening_hours":null,"protect_class":null,"protection_title":null,"source":null,"type":null,"website":null,"wikidata":null,"wikipedia":null,"access":null,"barrier":null,"playground":null,"playground:theme":null,"survey:date":null,"place":null,"start_date":null,"surface":null,"amenity":null,"area":null,"denomination":null,"fax":null,"fence_type":null,"grades":null,"mascot":null,"name:en":null,"name:etymology:wikidata":null,"phone":null,"religion":null,"layer":"Bus Stops_points","path":"C:/Users/PMLS/Downloads/Hackathon work/Bus Stops_points.gpkg"},"geometry":{"type":"Point","coordinates":[-74.0521689,40.7200898]}},
{"type":"Feature","properties":{"fid":448,"id":"node/13416682406","@id":"node/13416682406","bench":null,"bin":null,"bus":"yes","construction":null,"covered":null,"description":null,"fixme":null,"gtfs:stop_id":null,"gtfs_stop_code":null,"highway":"bus_stop","level":null,"lit":null,"local_ref":null,"name":"Montgomery St At Monmouth St","network":"NJ Transit","network:short":"NJT","network:wikidata":"Q498553","network:wikipedia":null,"note":null,"operator":"NJ Transit","passenger_information_display":null,"public_transport":"platform","ref":"20905","route_ref":null,"shelter":"no","tactile_paving":null,"wheelchair":null,"asset_type":"Bus Stop","addr:city":null,"addr:housenumber":null,"addr:postcode":null,"addr:state":null,"addr:street":null,"addr:street:corner":null,"alt_name":null,"boundary":null,"ele":null,"gnis:feature_id":null,"leisure":null,"name:es":null,"opening_hours":null,"protect_class":null,"protection_title":null,"source":null,"type":null,"website":null,"wikidata":null,"wikipedia":null,"access":null,"barrier":null,"playground":null,"playground:theme":null,"survey:date":null,"place":null,"start_date":null,"surface":null,"amenity":null,"area":null,"denomination":null,"fax":null,"fence_type":null,"grades":null,"mascot":null,"name:en":null,"name:etymology:wikidata":null,"phone":null,"religion":null,"layer":"Bus Stops_points","path":"C:/Users/PMLS/Downloads/Hackathon work/Bus Stops_points.gpkg"},"geometry":{"type":"Point","coordinates":[-74.0510038,40.7195535]}},
{"type":"Feature","properties":{"fid":449,"id":"node/13416682407","@id":"node/13416682407","bench":null,"bin":null,"bus":"yes","construction":null,"covered":null,"description":null,"fixme":null,"gtfs:stop_id":null,"gtfs_stop_code":null,"highway":"bus_stop","level":null,"lit":null,"local_ref":null,"name":"Montgomery St At Monmouth St","network":"NJ Transit","network:short":"NJT","network:wikidata":"Q498553","network:wikipedia":null,"note":null,"operator":"NJ Transit","passenger_information_display":null,"public_transport":"platform","ref":"20920","route_ref":null,"shelter":"no","tactile_paving":null,"wheelchair":null,"asset_type":"Bus Stop","addr:city":null,"addr:housenumber":null,"addr:postcode":null,"addr:state":null,"addr:street":null,"addr:street:corner":null,"alt_name":null,"boundary":null,"ele":null,"gnis:feature_id":null,"leisure":null,"name:es":null,"opening_hours":null,"protect_class":null,"protection_title":null,"source":null,"type":null,"website":null,"wikidata":null,"wikipedia":null,"access":null,"barrier":null,"playground":null,"playground:theme":null,"survey:date":null,"place":null,"start_date":null,"surface":null,"amenity":null,"area":null,"denomination":null,"fax":null,"fence_type":null,"grades":null,"mascot":null,"name:en":null,"name:etymology:wikidata":null,"phone":null,"religion":null,"layer":"Bus Stops_points","path":"C:/Users/PMLS/Downloads/Hackathon work/Bus Stops_points.gpkg"},"geometry":{"type":"Point","coordinates":[-74.050631,40.7196114]}},
{"type":"Feature","properties":{"fid":450,"id":"node/13416682408","@id":"node/13416682408","bench":null,"bin":null,"bus":"yes","construction":null,"covered":null,"description":null,"fixme":null,"gtfs:stop_id":null,"gtfs_stop_code":null,"highway":"bus_stop","level":null,"lit":null,"local_ref":null,"name":"Montgomery St At Varick St","network":"NJ Transit","network:short":"NJT","network:wikidata":"Q498553","network:wikipedia":null,"note":null,"operator":"NJ Transit","passenger_information_display":null,"public_transport":"platform","ref":"20906","route_ref":null,"shelter":"no","tactile_paving":null,"wheelchair":null,"asset_type":"Bus Stop","addr:city":null,"addr:housenumber":null,"addr:postcode":null,"addr:state":null,"addr:street":null,"addr:street:corner":null,"alt_name":null,"boundary":null,"ele":null,"gnis:feature_id":null,"leisure":null,"name:es":null,"opening_hours":null,"protect_class":null,"protection_title":null,"source":null,"type":null,"website":null,"wikidata":null,"wikipedia":null,"access":null,"barrier":null,"playground":null,"playground:theme":null,"survey:date":null,"place":null,"start_date":null,"surface":null,"amenity":null,"area":null,"denomination":null,"fax":null,"fence_type":null,"grades":null,"mascot":null,"name:en":null,"name:etymology:wikidata":null,"phone":null,"religion":null,"layer":"Bus Stops_points","path":"C:/Users/PMLS/Downloads/Hackathon work/Bus Stops_points.gpkg"},"geometry":{"type":"Point","coordinates":[-74.0494686,40.7190589]}},
{"type":"Feature","properties":{"fid":451,"id":"node/13416682409","@id":"node/13416682409","bench":null,"bin":null,"bus":"yes","construction":null,"covered":null,"description":null,"fixme":null,"gtfs:stop_id":null,"gtfs_stop_code":null,"highway":"bus_stop","level":null,"lit":null,"local_ref":null,"name":"Montgomery St At Varick St","network":"NJ Transit","network:short":"NJT","network:wikidata":"Q498553","network:wikipedia":null,"note":null,"operator":"NJ Transit","passenger_information_display":null,"public_transport":"platform","ref":"31103","route_ref":null,"shelter":"no","tactile_paving":null,"wheelchair":null,"asset_type":"Bus Stop","addr:city":null,"addr:housenumber":null,"addr:postcode":null,"addr:state":null,"addr:street":null,"addr:street:corner":null,"alt_name":null,"boundary":null,"ele":null,"gnis:feature_id":null,"leisure":null,"name:es":null,"opening_hours":null,"protect_class":null,"protection_title":null,"source":null,"type":null,"website":null,"wikidata":null,"wikipedia":null,"access":null,"barrier":null,"playground":null,"playground:theme":null,"survey:date":null,"place":null,"start_date":null,"surface":null,"amenity":null,"area":null,"denomination":null,"fax":null,"fence_type":null,"grades":null,"mascot":null,"name:en":null,"name:etymology:wikidata":null,"phone":null,"religion":null,"layer":"Bus Stops_points","path":"C:/Users/PMLS/Downloads/Hackathon work/Bus Stops_points.gpkg"},"geometry":{"type":"Point","coordinates":[-74.0491106,40.7191348]}},
{"type":"Feature","properties":{"fid":452,"id":"node/13416682410","@id":"node/13416682410","bench":null,"bin":null,"bus":"yes","construction":null,"covered":null,"description":null,"fixme":null,"gtfs:stop_id":null,"gtfs_stop_code":null,"highway":"bus_stop","level":null,"lit":null,"local_ref":null,"name":"Montgomery St 202'E Of Varick/jersey","network":"NJ Transit","network:short":"NJT","network:wikidata":"Q498553","network:wikipedia":null,"note":null,"operator":"NJ Transit","passenger_information_display":null,"public_transport":"platform","ref":"20907","route_ref":null,"shelter":"no","tactile_paving":null,"wheelchair":null,"asset_type":"Bus Stop","addr:city":null,"addr:housenumber":null,"addr:postcode":null,"addr:state":null,"addr:street":null,"addr:street:corner":null,"alt_name":null,"boundary":null,"ele":null,"gnis:feature_id":null,"leisure":null,"name:es":null,"opening_hours":null,"protect_class":null,"protection_title":null,"source":null,"type":null,"website":null,"wikidata":null,"wikipedia":null,"access":null,"barrier":null,"playground":null,"playground:theme":null,"survey:date":null,"place":null,"start_date":null,"surface":null,"amenity":null,"area":null,"denomination":null,"fax":null,"fence_type":null,"grades":null,"mascot":null,"name:en":null,"name:etymology:wikidata":null,"phone":null,"religion":null,"layer":"Bus Stops_points","path":"C:/Users/PMLS/Downloads/Hackathon work/Bus Stops_points.gpkg"},"geometry":{"type":"Point","coordinates":[-74.0484512,40.718738]}},
{"type":"Feature","properties":{"fid":453,"id":"node/13460861163","@id":"node/13460861163","bench":null,"bin":null,"bus":"yes","construction":null,"covered":null,"description":null,"fixme":null,"gtfs:stop_id":null,"gtfs_stop_code":null,"highway":"bus_stop","level":null,"lit":null,"local_ref":null,"name":"Jfk Blvd East Of Tonnelle Ave","network":"NJ Transit","network:short":"NJT","network:wikidata":"Q498553","network:wikipedia":null,"note":null,"operator":null,"passenger_information_display":null,"public_transport":"platform","ref":"30232","route_ref":null,"shelter":"no","tactile_paving":null,"wheelchair":null,"asset_type":"Bus Stop","addr:city":null,"addr:housenumber":null,"addr:postcode":null,"addr:state":null,"addr:street":null,"addr:street:corner":null,"alt_name":null,"boundary":null,"ele":null,"gnis:feature_id":null,"leisure":null,"name:es":null,"opening_hours":null,"protect_class":null,"protection_title":null,"source":null,"type":null,"website":null,"wikidata":null,"wikipedia":null,"access":null,"barrier":null,"playground":null,"playground:theme":null,"survey:date":null,"place":null,"start_date":null,"surface":null,"amenity":null,"area":null,"denomination":null,"fax":null,"fence_type":null,"grades":null,"mascot":null,"name:en":null,"name:etymology:wikidata":null,"phone":null,"religion":null,"layer":"Bus Stops_points","path":"C:/Users/PMLS/Downloads/Hackathon work/Bus Stops_points.gpkg"},"geometry":{"type":"Point","coordinates":[-74.0656538,40.7318073]}},
{"type":"Feature","properties":{"fid":454,"id":"node/13583002804","@id":"node/13583002804","bench":null,"bin":null,"bus":"yes","construction":null,"covered":null,"description":null,"fixme":null,"gtfs:stop_id":null,"gtfs_stop_code":null,"highway":"bus_stop","level":null,"lit":null,"local_ref":null,"name":"Jfk Blvd At Pamrapo Ave","network":"NJ Transit","network:short":"NJT","network:wikidata":"Q498553","network:wikipedia":null,"note":null,"operator":null,"passenger_information_display":null,"public_transport":"platform","ref":"20882","route_ref":null,"shelter":"no","tactile_paving":null,"wheelchair":null,"asset_type":"Bus Stop","addr:city":null,"addr:housenumber":null,"addr:postcode":null,"addr:state":null,"addr:street":null,"addr:street:corner":null,"alt_name":null,"boundary":null,"ele":null,"gnis:feature_id":null,"leisure":null,"name:es":null,"opening_hours":null,"protect_class":null,"protection_title":null,"source":null,"type":null,"website":null,"wikidata":null,"wikipedia":null,"access":null,"barrier":null,"playground":null,"playground:theme":null,"survey:date":null,"place":null,"start_date":null,"surface":null,"amenity":null,"area":null,"denomination":null,"fax":null,"fence_type":null,"grades":null,"mascot":null,"name:en":null,"name:etymology:wikidata":null,"phone":null,"religion":null,"layer":"Bus Stops_points","path":"C:/Users/PMLS/Downloads/Hackathon work/Bus Stops_points.gpkg"},"geometry":{"type":"Point","coordinates":[-74.1012942,40.6936527]}},
{"type":"Feature","properties":{"fid":455,"id":"relation/8262630","@id":"relation/8262630","bench":null,"bin":null,"bus":null,"construction":null,"covered":null,"description":null,"fixme":null,"gtfs:stop_id":null,"gtfs_stop_code":null,"highway":null,"level":null,"lit":null,"local_ref":null,"name":"Liberty State Park","network":null,"network:short":null,"network:wikidata":null,"network:wikipedia":null,"note":null,"operator":null,"passenger_information_display":null,"public_transport":null,"ref":null,"route_ref":null,"shelter":null,"tactile_paving":null,"wheelchair":null,"asset_type":"Park","addr:city":null,"addr:housenumber":null,"addr:postcode":null,"addr:state":null,"addr:street":null,"addr:street:corner":null,"alt_name":null,"boundary":"protected_area","ele":null,"gnis:feature_id":null,"leisure":"park","name:es":"Parque Estatal Libertad","opening_hours":null,"protect_class":"21","protection_title":"State Park","source":null,"type":"multipolygon","website":"https://www.nj.gov/dep/parksandforests/parks/libertystatepark.html","wikidata":"Q3363986","wikipedia":"en:Liberty State Park","access":null,"barrier":null,"playground":null,"playground:theme":null,"survey:date":null,"place":null,"start_date":null,"surface":null,"amenity":null,"area":null,"denomination":null,"fax":null,"fence_type":null,"grades":null,"mascot":null,"name:en":null,"name:etymology:wikidata":null,"phone":null,"religion":null,"layer":"parks_points","path":"C:/Users/PMLS/Downloads/Hackathon work/parks_points.gpkg"},"geometry":{"type":"Point","coordinates":[-74.049174323631647,40.70127905]}},
{"type":"Feature","properties":{"fid":456,"id":"way/24582243","@id":"way/24582243","bench":null,"bin":null,"bus":null,"construction":null,"covered":null,"description":null,"fixme":null,"gtfs:stop_id":null,"gtfs_stop_code":null,"highway":null,"level":null,"lit":null,"local_ref":null,"name":"Van Vorst Park","network":null,"network:short":null,"network:wikidata":null,"network:wikipedia":null,"note":null,"operator":null,"passenger_information_display":null,"public_transport":null,"ref":null,"route_ref":null,"shelter":null,"tactile_paving":null,"wheelchair":null,"asset_type":"Park","addr:city":null,"addr:housenumber":null,"addr:postcode":null,"addr:state":null,"addr:street":null,"addr:street:corner":null,"alt_name":null,"boundary":null,"ele":null,"gnis:feature_id":"2059193","leisure":"park","name:es":null,"opening_hours":null,"protect_class":null,"protection_title":null,"source":null,"type":null,"website":null,"wikidata":"Q7913747","wikipedia":"en:Van Vorst Park","access":null,"barrier":null,"playground":null,"playground:theme":null,"survey:date":null,"place":null,"start_date":null,"surface":null,"amenity":null,"area":null,"denomination":null,"fax":null,"fence_type":null,"grades":null,"mascot":null,"name:en":null,"name:etymology:wikidata":null,"phone":null,"religion":null,"layer":"parks_points","path":"C:/Users/PMLS/Downloads/Hackathon work/parks_points.gpkg"},"geometry":{"type":"Point","coordinates":[-74.047157017533891,40.71806585]}},
{"type":"Feature","properties":{"fid":457,"id":"way/27459282","@id":"way/27459282","bench":null,"bin":null,"bus":null,"construction":null,"covered":null,"description":null,"fixme":null,"gtfs:stop_id":null,"gtfs_stop_code":null,"highway":null,"level":null,"lit":null,"local_ref":null,"name":"Enos Jones Park","network":null,"network:short":null,"network:wikidata":null,"network:wikipedia":null,"note":null,"operator":null,"passenger_information_display":null,"public_transport":null,"ref":null,"route_ref":null,"shelter":null,"tactile_paving":null,"wheelchair":null,"asset_type":"Park","addr:city":null,"addr:housenumber":null,"addr:postcode":null,"addr:state":null,"addr:street":null,"addr:street:corner":null,"alt_name":null,"boundary":null,"ele":"3","gnis:feature_id":"2059178","leisure":"park","name:es":null,"opening_hours":null,"protect_class":null,"protection_title":null,"source":null,"type":null,"website":null,"wikidata":"Q49508725","wikipedia":null,"access":null,"barrier":null,"playground":null,"playground:theme":null,"survey:date":null,"place":null,"start_date":null,"surface":null,"amenity":null,"area":null,"denomination":null,"fax":null,"fence_type":null,"grades":null,"mascot":null,"name:en":null,"name:etymology:wikidata":null,"phone":null,"religion":null,"layer":"parks_points","path":"C:/Users/PMLS/Downloads/Hackathon work/parks_points.gpkg"},"geometry":{"type":"Point","coordinates":[-74.051257235507677,40.72836455]}},
{"type":"Feature","properties":{"fid":458,"id":"way/27459283","@id":"way/27459283","bench":null,"bin":null,"bus":null,"construction":null,"covered":null,"description":null,"fixme":null,"gtfs:stop_id":null,"gtfs_stop_code":null,"highway":null,"level":null,"lit":null,"local_ref":null,"name":"Mary Benson Park","network":null,"network:short":null,"network:wikidata":null,"network:wikipedia":null,"note":null,"operator":null,"passenger_information_display":null,"public_transport":null,"ref":null,"route_ref":null,"shelter":null,"tactile_paving":null,"wheelchair":null,"asset_type":"Park","addr:city":null,"addr:housenumber":null,"addr:postcode":null,"addr:state":null,"addr:street":null,"addr:street:corner":null,"alt_name":null,"boundary":null,"ele":"7","gnis:feature_id":"2059196","leisure":"park","name:es":null,"opening_hours":null,"protect_class":null,"protection_title":null,"source":null,"type":null,"website":null,"wikidata":"Q34847006","wikipedia":null,"access":null,"barrier":null,"playground":null,"playground:theme":null,"survey:date":null,"place":null,"start_date":null,"surface":null,"amenity":null,"area":null,"denomination":null,"fax":null,"fence_type":null,"grades":null,"mascot":null,"name:en":null,"name:etymology:wikidata":null,"phone":null,"religion":null,"layer":"parks_points","path":"C:/Users/PMLS/Downloads/Hackathon work/parks_points.gpkg"},"geometry":{"type":"Point","coordinates":[-74.052922112373636,40.72528125]}},
{"type":"Feature","properties":{"fid":459,"id":"way/27459348","@id":"way/27459348","bench":null,"bin":null,"bus":null,"construction":null,"covered":null,"description":null,"fixme":null,"gtfs:stop_id":null,"gtfs_stop_code":null,"highway":null,"level":null,"lit":null,"local_ref":null,"name":"Lincoln Park","network":null,"network:short":null,"network:wikidata":null,"network:wikipedia":null,"note":null,"operator":null,"passenger_information_display":null,"public_transport":null,"ref":null,"route_ref":null,"shelter":null,"tactile_paving":null,"wheelchair":null,"asset_type":"Park","addr:city":null,"addr:housenumber":null,"addr:postcode":null,"addr:state":null,"addr:street":null,"addr:street:corner":null,"alt_name":null,"boundary":null,"ele":"3","gnis:feature_id":"877766","leisure":"park","name:es":null,"opening_hours":null,"protect_class":null,"protection_title":null,"source":null,"type":null,"website":null,"wikidata":"Q6550917","wikipedia":null,"access":null,"barrier":null,"playground":null,"playground:theme":null,"survey:date":null,"place":null,"start_date":null,"surface":null,"amenity":null,"area":null,"denomination":null,"fax":null,"fence_type":null,"grades":null,"mascot":null,"name:en":null,"name:etymology:wikidata":null,"phone":null,"religion":null,"layer":"parks_points","path":"C:/Users/PMLS/Downloads/Hackathon work/parks_points.gpkg"},"geometry":{"type":"Point","coordinates":[-74.089075669655628,40.72748685]}},
{"type":"Feature","properties":{"fid":460,"id":"way/27459371","@id":"way/27459371","bench":null,"bin":null,"bus":null,"construction":null,"covered":null,"description":null,"fixme":null,"gtfs:stop_id":null,"gtfs_stop_code":null,"highway":null,"level":null,"lit":null,"local_ref":null,"name":"Cochrane Field","network":null,"network:short":null,"network:wikidata":null,"network:wikipedia":null,"note":null,"operator":null,"passenger_information_display":null,"public_transport":null,"ref":null,"route_ref":null,"shelter":null,"tactile_paving":null,"wheelchair":null,"asset_type":"Park","addr:city":null,"addr:housenumber":null,"addr:postcode":null,"addr:state":null,"addr:street":null,"addr:street:corner":null,"alt_name":null,"boundary":null,"ele":null,"gnis:feature_id":null,"leisure":"park","name:es":null,"opening_hours":null,"protect_class":null,"protection_title":null,"source":null,"type":null,"website":null,"wikidata":null,"wikipedia":null,"access":null,"barrier":null,"playground":null,"playground:theme":null,"survey:date":null,"place":null,"start_date":null,"surface":null,"amenity":null,"area":null,"denomination":null,"fax":null,"fence_type":null,"grades":null,"mascot":null,"name:en":null,"name:etymology:wikidata":null,"phone":null,"religion":null,"layer":"parks_points","path":"C:/Users/PMLS/Downloads/Hackathon work/parks_points.gpkg"},"geometry":{"type":"Point","coordinates":[-74.081515351005066,40.6924241]}},
{"type":"Feature","properties":{"fid":461,"id":"way/27459456","@id":"way/27459456","bench":null,"bin":null,"bus":null,"construction":null,"covered":null,"description":null,"fixme":null,"gtfs:stop_id":null,"gtfs_stop_code":null,"highway":null,"level":null,"lit":null,"local_ref":null,"name":"Thomas M. Gerrity Athletic Complex","network":null,"network:short":null,"network:wikidata":null,"network:wikipedia":null,"note":null,"operator":null,"passenger_information_display":null,"public_transport":null,"ref":null,"route_ref":null,"shelter":null,"tactile_paving":null,"wheelchair":null,"asset_type":"Park","addr:city":null,"addr:housenumber":null,"addr:postcode":null,"addr:state":null,"addr:street":null,"addr:street:corner":null,"alt_name":null,"boundary":null,"ele":"3","gnis:feature_id":"2059191","leisure":"park","name:es":null,"opening_hours":null,"protect_class":null,"protection_title":null,"source":null,"type":null,"website":null,"wikidata":"Q49570675","wikipedia":null,"access":null,"barrier":null,"playground":null,"playground:theme":null,"survey:date":null,"place":null,"start_date":null,"surface":null,"amenity":null,"area":null,"denomination":null,"fax":null,"fence_type":null,"grades":null,"mascot":null,"name:en":null,"name:etymology:wikidata":null,"phone":null,"religion":null,"layer":"parks_points","path":"C:/Users/PMLS/Downloads/Hackathon work/parks_points.gpkg"},"geometry":{"type":"Point","coordinates":[-74.102523085021573,40.70428405]}},
{"type":"Feature","properties":{"fid":462,"id":"way/27459485","@id":"way/27459485","bench":null,"bin":null,"bus":null,"construction":null,"covered":null,"description":null,"fixme":null,"gtfs:stop_id":null,"gtfs_stop_code":null,"highway":null,"level":null,"lit":null,"local_ref":null,"name":"Mary Benson Park","network":null,"network:short":null,"network:wikidata":null,"network:wikipedia":null,"note":null,"operator":null,"passenger_information_display":null,"public_transport":null,"ref":null,"route_ref":null,"shelter":null,"tactile_paving":null,"wheelchair":null,"asset_type":"Park","addr:city":null,"addr:housenumber":null,"addr:postcode":null,"addr:state":null,"addr:street":null,"addr:street:corner":null,"alt_name":null,"boundary":null,"ele":null,"gnis:feature_id":null,"leisure":"park","name:es":null,"opening_hours":null,"protect_class":null,"protection_title":null,"source":null,"type":null,"website":null,"wikidata":null,"wikipedia":null,"access":null,"barrier":null,"playground":null,"playground:theme":null,"survey:date":null,"place":null,"start_date":null,"surface":null,"amenity":null,"area":null,"denomination":null,"fax":null,"fence_type":null,"grades":null,"mascot":null,"name:en":null,"name:etymology:wikidata":null,"phone":null,"religion":null,"layer":"parks_points","path":"C:/Users/PMLS/Downloads/Hackathon work/parks_points.gpkg"},"geometry":{"type":"Point","coordinates":[-74.056947169685472,40.71906015]}},
{"type":"Feature","properties":{"fid":463,"id":"way/27459499","@id":"way/27459499","bench":null,"bin":null,"bus":null,"construction":null,"covered":null,"description":null,"fixme":null,"gtfs:stop_id":null,"gtfs_stop_code":null,"highway":null,"level":null,"lit":null,"local_ref":null,"name":"Lafayette Park","network":null,"network:short":null,"network:wikidata":null,"network:wikipedia":null,"note":null,"operator":null,"passenger_information_display":null,"public_transport":null,"ref":null,"route_ref":null,"shelter":null,"tactile_paving":null,"wheelchair":null,"asset_type":"Park","addr:city":null,"addr:housenumber":null,"addr:postcode":null,"addr:state":null,"addr:street":null,"addr:street:corner":null,"alt_name":null,"boundary":null,"ele":"3","gnis:feature_id":"877625","leisure":"park","name:es":null,"opening_hours":null,"protect_class":null,"protection_title":null,"source":null,"type":null,"website":null,"wikidata":"Q49512741","wikipedia":null,"access":null,"barrier":null,"playground":null,"playground:theme":null,"survey:date":null,"place":null,"start_date":null,"surface":null,"amenity":null,"area":null,"denomination":null,"fax":null,"fence_type":null,"grades":null,"mascot":null,"name:en":null,"name:etymology:wikidata":null,"phone":null,"religion":null,"layer":"parks_points","path":"C:/Users/PMLS/Downloads/Hackathon work/parks_points.gpkg"},"geometry":{"type":"Point","coordinates":[-74.062738368379797,40.7142978]}},
{"type":"Feature","properties":{"fid":464,"id":"way/27459519","@id":"way/27459519","bench":null,"bin":null,"bus":null,"construction":null,"covered":null,"description":null,"fixme":null,"gtfs:stop_id":null,"gtfs_stop_code":null,"highway":null,"level":null,"lit":null,"local_ref":null,"name":"Arlington Park","network":null,"network:short":null,"network:wikidata":null,"network:wikipedia":null,"note":null,"operator":null,"passenger_information_display":null,"public_transport":null,"ref":null,"route_ref":null,"shelter":null,"tactile_paving":null,"wheelchair":null,"asset_type":"Park","addr:city":null,"addr:housenumber":null,"addr:postcode":null,"addr:state":null,"addr:street":null,"addr:street:corner":null,"alt_name":null,"boundary":null,"ele":"16","gnis:feature_id":"874377","leisure":"park","name:es":null,"opening_hours":null,"protect_class":null,"protection_title":null,"source":null,"type":null,"website":null,"wikidata":"Q34809381","wikipedia":null,"access":null,"barrier":null,"playground":null,"playground:theme":null,"survey:date":null,"place":null,"start_date":null,"surface":null,"amenity":null,"area":null,"denomination":null,"fax":null,"fence_type":null,"grades":null,"mascot":null,"name:en":null,"name:etymology:wikidata":null,"phone":null,"religion":null,"layer":"parks_points","path":"C:/Users/PMLS/Downloads/Hackathon work/parks_points.gpkg"},"geometry":{"type":"Point","coordinates":[-74.071011800478203,40.7142059]}},
{"type":"Feature","properties":{"fid":465,"id":"way/39681160","@id":"way/39681160","bench":null,"bin":null,"bus":null,"construction":null,"covered":null,"description":null,"fixme":null,"gtfs:stop_id":null,"gtfs_stop_code":null,"highway":null,"level":null,"lit":null,"local_ref":null,"name":"Hamilton Park","network":null,"network:short":null,"network:wikidata":null,"network:wikipedia":null,"note":null,"operator":null,"passenger_information_display":null,"public_transport":null,"ref":null,"route_ref":null,"shelter":null,"tactile_paving":null,"wheelchair":null,"asset_type":"Park","addr:city":null,"addr:housenumber":null,"addr:postcode":null,"addr:state":null,"addr:street":null,"addr:street:corner":null,"alt_name":null,"boundary":null,"ele":"6","gnis:feature_id":"876907","leisure":"park","name:es":null,"opening_hours":null,"protect_class":null,"protection_title":null,"source":"NJ2002LULC","type":null,"website":null,"wikidata":"Q5645088","wikipedia":"en:Hamilton Park, Jersey City","access":null,"barrier":null,"playground":null,"playground:theme":null,"survey:date":null,"place":null,"start_date":null,"surface":null,"amenity":null,"area":null,"denomination":null,"fax":null,"fence_type":null,"grades":null,"mascot":null,"name:en":null,"name:etymology:wikidata":null,"phone":null,"religion":null,"layer":"parks_points","path":"C:/Users/PMLS/Downloads/Hackathon work/parks_points.gpkg"},"geometry":{"type":"Point","coordinates":[-74.045094308121776,40.7276649]}},
{"type":"Feature","properties":{"fid":466,"id":"way/39681960","@id":"way/39681960","bench":null,"bin":null,"bus":null,"construction":null,"covered":null,"description":null,"fixme":null,"gtfs:stop_id":null,"gtfs_stop_code":null,"highway":null,"level":null,"lit":null,"local_ref":null,"name":"Mercer County Park","network":null,"network:short":null,"network:wikidata":null,"network:wikipedia":null,"note":null,"operator":null,"passenger_information_display":null,"public_transport":null,"ref":null,"route_ref":null,"shelter":null,"tactile_paving":null,"wheelchair":null,"asset_type":"Park","addr:city":null,"addr:housenumber":null,"addr:postcode":null,"addr:state":null,"addr:street":null,"addr:street:corner":null,"alt_name":null,"boundary":null,"ele":"10","gnis:feature_id":"2059183","leisure":"park","name:es":null,"opening_hours":null,"protect_class":null,"protection_title":null,"source":"NJ2002LULC","type":null,"website":null,"wikidata":"Q34849175","wikipedia":null,"access":null,"barrier":null,"playground":null,"playground:theme":null,"survey:date":null,"place":null,"start_date":null,"surface":null,"amenity":null,"area":null,"denomination":null,"fax":null,"fence_type":null,"grades":null,"mascot":null,"name:en":null,"name:etymology:wikidata":null,"phone":null,"religion":null,"layer":"parks_points","path":"C:/Users/PMLS/Downloads/Hackathon work/parks_points.gpkg"},"geometry":{"type":"Point","coordinates":[-74.101992928591415,40.6922881]}},
{"type":"Feature","properties":{"fid":467,"id":"way/40165046","@id":"way/40165046","bench":null,"bin":null,"bus":null,"construction":null,"covered":null,"description":null,"fixme":null,"gtfs:stop_id":null,"gtfs_stop_code":null,"highway":null,"level":null,"lit":null,"local_ref":null,"name":"Bayside Park","network":null,"network:short":null,"network:wikidata":null,"network:wikipedia":null,"note":null,"operator":null,"passenger_information_display":null,"public_transport":null,"ref":null,"route_ref":null,"shelter":null,"tactile_paving":null,"wheelchair":null,"asset_type":"Park","addr:city":null,"addr:housenumber":null,"addr:postcode":null,"addr:state":null,"addr:street":null,"addr:street:corner":null,"alt_name":null,"boundary":null,"ele":"5","gnis:feature_id":"874557","leisure":"park","name:es":null,"opening_hours":null,"protect_class":null,"protection_title":null,"source":"NJ2002LULC","type":null,"website":null,"wikidata":"Q34821052","wikipedia":null,"access":null,"barrier":null,"playground":null,"playground:theme":null,"survey:date":null,"place":null,"start_date":null,"surface":null,"amenity":null,"area":null,"denomination":null,"fax":null,"fence_type":null,"grades":null,"mascot":null,"name:en":null,"name:etymology:wikidata":null,"phone":null,"religion":null,"layer":"parks_points","path":"C:/Users/PMLS/Downloads/Hackathon work/parks_points.gpkg"},"geometry":{"type":"Point","coordinates":[-74.081413517848034,40.6982444]}},
{"type":"Feature","properties":{"fid":468,"id":"way/40698218","@id":"way/40698218","bench":null,"bin":null,"bus":null,"construction":null,"covered":null,"description":null,"fixme":null,"gtfs:stop_id":null,"gtfs_stop_code":null,"highway":null,"level":null,"lit":null,"local_ref":null,"name":null,"network":null,"network:short":null,"network:wikidata":null,"network:wikipedia":null,"note":null,"operator":null,"passenger_information_display":null,"public_transport":null,"ref":null,"route_ref":null,"shelter":null,"tactile_paving":null,"wheelchair":null,"asset_type":"Park","addr:city":null,"addr:housenumber":null,"addr:postcode":null,"addr:state":null,"addr:street":null,"addr:street:corner":null,"alt_name":null,"boundary":null,"ele":null,"gnis:feature_id":null,"leisure":"park","name:es":null,"opening_hours":null,"protect_class":null,"protection_title":null,"source":null,"type":null,"website":null,"wikidata":null,"wikipedia":null,"access":null,"barrier":null,"playground":null,"playground:theme":null,"survey:date":null,"place":null,"start_date":null,"surface":null,"amenity":null,"area":null,"denomination":null,"fax":null,"fence_type":null,"grades":null,"mascot":null,"name:en":null,"name:etymology:wikidata":null,"phone":null,"religion":null,"layer":"parks_points","path":"C:/Users/PMLS/Downloads/Hackathon work/parks_points.gpkg"},"geometry":{"type":"Point","coordinates":[-74.106227787680496,40.70975545]}},
{"type":"Feature","properties":{"fid":469,"id":"way/40698224","@id":"way/40698224","bench":null,"bin":null,"bus":null,"construction":null,"covered":null,"description":null,"fixme":null,"gtfs:stop_id":null,"gtfs_stop_code":null,"highway":null,"level":null,"lit":null,"local_ref":null,"name":null,"network":null,"network:short":null,"network:wikidata":null,"network:wikipedia":null,"note":null,"operator":null,"passenger_information_display":null,"public_transport":null,"ref":null,"route_ref":null,"shelter":null,"tactile_paving":null,"wheelchair":null,"asset_type":"Park","addr:city":null,"addr:housenumber":null,"addr:postcode":null,"addr:state":null,"addr:street":null,"addr:street:corner":null,"alt_name":null,"boundary":null,"ele":null,"gnis:feature_id":null,"leisure":"park","name:es":null,"opening_hours":null,"protect_class":null,"protection_title":null,"source":null,"type":null,"website":null,"wikidata":null,"wikipedia":null,"access":null,"barrier":null,"playground":null,"playground:theme":null,"survey:date":null,"place":null,"start_date":null,"surface":null,"amenity":null,"area":null,"denomination":null,"fax":null,"fence_type":null,"grades":null,"mascot":null,"name:en":null,"name:etymology:wikidata":null,"phone":null,"religion":null,"layer":"parks_points","path":"C:/Users/PMLS/Downloads/Hackathon work/parks_points.gpkg"},"geometry":{"type":"Point","coordinates":[-74.103699875,40.71152925]}},
{"type":"Feature","properties":{"fid":470,"id":"way/232066608","@id":"way/232066608","bench":null,"bin":null,"bus":null,"construction":null,"covered":null,"description":null,"fixme":null,"gtfs:stop_id":null,"gtfs_stop_code":null,"highway":null,"level":null,"lit":null,"local_ref":null,"name":null,"network":null,"network:short":null,"network:wikidata":null,"network:wikipedia":null,"note":null,"operator":null,"passenger_information_display":null,"public_transport":null,"ref":null,"route_ref":null,"shelter":null,"tactile_paving":null,"wheelchair":null,"asset_type":"Park","addr:city":null,"addr:housenumber":null,"addr:postcode":null,"addr:state":null,"addr:street":null,"addr:street:corner":null,"alt_name":null,"boundary":null,"ele":null,"gnis:feature_id":null,"leisure":"park","name:es":null,"opening_hours":null,"protect_class":null,"protection_title":null,"source":null,"type":null,"website":null,"wikidata":null,"wikipedia":null,"access":null,"barrier":null,"playground":null,"playground:theme":null,"survey:date":null,"place":null,"start_date":null,"surface":null,"amenity":null,"area":null,"denomination":null,"fax":null,"fence_type":null,"grades":null,"mascot":null,"name:en":null,"name:etymology:wikidata":null,"phone":null,"religion":null,"layer":"parks_points","path":"C:/Users/PMLS/Downloads/Hackathon work/parks_points.gpkg"},"geometry":{"type":"Point","coordinates":[-74.066662192875441,40.6986345]}},
{"type":"Feature","properties":{"fid":471,"id":"way/308157834","@id":"way/308157834","bench":null,"bin":null,"bus":null,"construction":null,"covered":null,"description":null,"fixme":null,"gtfs:stop_id":null,"gtfs_stop_code":null,"highway":null,"level":null,"lit":null,"local_ref":null,"name":"Morris Square Park","network":null,"network:short":null,"network:wikidata":null,"network:wikipedia":null,"note":null,"operator":null,"passenger_information_display":null,"public_transport":null,"ref":null,"route_ref":null,"shelter":null,"tactile_paving":null,"wheelchair":null,"asset_type":"Park","addr:city":null,"addr:housenumber":null,"addr:postcode":null,"addr:state":null,"addr:street":null,"addr:street:corner":null,"alt_name":null,"boundary":null,"ele":null,"gnis:feature_id":null,"leisure":"park","name:es":null,"opening_hours":null,"protect_class":null,"protection_title":null,"source":null,"type":null,"website":null,"wikidata":null,"wikipedia":null,"access":null,"barrier":null,"playground":null,"playground:theme":null,"survey:date":null,"place":null,"start_date":null,"surface":null,"amenity":null,"area":null,"denomination":null,"fax":null,"fence_type":null,"grades":null,"mascot":null,"name:en":null,"name:etymology:wikidata":null,"phone":null,"religion":null,"layer":"parks_points","path":"C:/Users/PMLS/Downloads/Hackathon work/parks_points.gpkg"},"geometry":{"type":"Point","coordinates":[-74.044838732729616,40.71502435]}},
{"type":"Feature","properties":{"fid":472,"id":"way/354423615","@id":"way/354423615","bench":null,"bin":null,"bus":null,"construction":null,"covered":null,"description":null,"fixme":null,"gtfs:stop_id":null,"gtfs_stop_code":null,"highway":null,"level":null,"lit":null,"local_ref":null,"name":null,"network":null,"network:short":null,"network:wikidata":null,"network:wikipedia":null,"note":null,"operator":null,"passenger_information_display":null,"public_transport":null,"ref":null,"route_ref":null,"shelter":null,"tactile_paving":null,"wheelchair":null,"asset_type":"Park","addr:city":null,"addr:housenumber":null,"addr:postcode":null,"addr:state":null,"addr:street":null,"addr:street:corner":null,"alt_name":null,"boundary":null,"ele":null,"gnis:feature_id":null,"leisure":"park","name:es":null,"opening_hours":null,"protect_class":null,"protection_title":null,"source":null,"type":null,"website":null,"wikidata":null,"wikipedia":null,"access":null,"barrier":null,"playground":null,"playground:theme":null,"survey:date":null,"place":null,"start_date":null,"surface":null,"amenity":null,"area":null,"denomination":null,"fax":null,"fence_type":null,"grades":null,"mascot":null,"name:en":null,"name:etymology:wikidata":null,"phone":null,"religion":null,"layer":"parks_points","path":"C:/Users/PMLS/Downloads/Hackathon work/parks_points.gpkg"},"geometry":{"type":"Point","coordinates":[-74.0584811158881,40.71270955]}},
{"type":"Feature","properties":{"fid":473,"id":"way/354424921","@id":"way/354424921","bench":null,"bin":null,"bus":null,"construction":null,"covered":null,"description":null,"fixme":null,"gtfs:stop_id":null,"gtfs_stop_code":null,"highway":null,"level":null,"lit":null,"local_ref":null,"name":"Berry Lane Park","network":null,"network:short":null,"network:wikidata":null,"network:wikipedia":null,"note":null,"operator":null,"passenger_information_display":null,"public_transport":null,"ref":null,"route_ref":null,"shelter":null,"tactile_paving":null,"wheelchair":null,"asset_type":"Park","addr:city":null,"addr:housenumber":null,"addr:postcode":null,"addr:state":null,"addr:street":null,"addr:street:corner":null,"alt_name":null,"boundary":null,"ele":null,"gnis:feature_id":null,"leisure":"park","name:es":null,"opening_hours":null,"protect_class":null,"protection_title":null,"source":"http://berrylanepark.com/","type":null,"website":null,"wikidata":"Q17182644","wikipedia":null,"access":null,"barrier":null,"playground":null,"playground:theme":null,"survey:date":null,"place":null,"start_date":null,"surface":null,"amenity":null,"area":null,"denomination":null,"fax":null,"fence_type":null,"grades":null,"mascot":null,"name:en":null,"name:etymology:wikidata":null,"phone":null,"religion":null,"layer":"parks_points","path":"C:/Users/PMLS/Downloads/Hackathon work/parks_points.gpkg"},"geometry":{"type":"Point","coordinates":[-74.068277709322274,40.7113404]}},
{"type":"Feature","properties":{"fid":474,"id":"way/354428840","@id":"way/354428840","bench":null,"bin":null,"bus":null,"construction":null,"covered":null,"description":null,"fixme":null,"gtfs:stop_id":null,"gtfs_stop_code":null,"highway":null,"level":null,"lit":null,"local_ref":null,"name":"McGovern Park","network":null,"network:short":null,"network:wikidata":null,"network:wikipedia":null,"note":null,"operator":null,"passenger_information_display":null,"public_transport":null,"ref":null,"route_ref":null,"shelter":null,"tactile_paving":null,"wheelchair":null,"asset_type":"Park","addr:city":null,"addr:housenumber":null,"addr:postcode":null,"addr:state":null,"addr:street":null,"addr:street:corner":null,"alt_name":null,"boundary":null,"ele":"3","gnis:feature_id":"2059181","leisure":"park","name:es":null,"opening_hours":null,"protect_class":null,"protection_title":null,"source":null,"type":null,"website":null,"wikidata":"Q49523620","wikipedia":null,"access":null,"barrier":null,"playground":null,"playground:theme":null,"survey:date":null,"place":null,"start_date":null,"surface":null,"amenity":null,"area":null,"denomination":null,"fax":null,"fence_type":null,"grades":null,"mascot":null,"name:en":null,"name:etymology:wikidata":null,"phone":null,"religion":null,"layer":"parks_points","path":"C:/Users/PMLS/Downloads/Hackathon work/parks_points.gpkg"},"geometry":{"type":"Point","coordinates":[-74.102667607527394,40.6962806]}},
{"type":"Feature","properties":{"fid":475,"id":"way/407064508","@id":"way/407064508","bench":null,"bin":null,"bus":null,"construction":null,"covered":null,"description":null,"fixme":null,"gtfs:stop_id":null,"gtfs_stop_code":null,"highway":null,"level":null,"lit":null,"local_ref":null,"name":"Angel Ramos Park","network":null,"network:short":null,"network:wikidata":null,"network:wikipedia":null,"note":null,"operator":null,"passenger_information_display":null,"public_transport":null,"ref":null,"route_ref":null,"shelter":null,"tactile_paving":null,"wheelchair":null,"asset_type":"Park","addr:city":null,"addr:housenumber":null,"addr:postcode":null,"addr:state":null,"addr:street":null,"addr:street:corner":null,"alt_name":null,"boundary":null,"ele":null,"gnis:feature_id":null,"leisure":"park","name:es":null,"opening_hours":null,"protect_class":null,"protection_title":null,"source":null,"type":null,"website":null,"wikidata":null,"wikipedia":null,"access":null,"barrier":null,"playground":null,"playground:theme":null,"survey:date":null,"place":null,"start_date":null,"surface":null,"amenity":null,"area":null,"denomination":null,"fax":null,"fence_type":null,"grades":null,"mascot":null,"name:en":null,"name:etymology:wikidata":null,"phone":null,"religion":null,"layer":"parks_points","path":"C:/Users/PMLS/Downloads/Hackathon work/parks_points.gpkg"},"geometry":{"type":"Point","coordinates":[-74.046053699761572,40.71989195]}},
{"type":"Feature","properties":{"fid":476,"id":"way/407580299","@id":"way/407580299","bench":null,"bin":null,"bus":null,"construction":null,"covered":null,"description":null,"fixme":null,"gtfs:stop_id":null,"gtfs_stop_code":null,"highway":null,"level":null,"lit":null,"local_ref":null,"name":"Village Park","network":null,"network:short":null,"network:wikidata":null,"network:wikipedia":null,"note":null,"operator":null,"passenger_information_display":null,"public_transport":null,"ref":null,"route_ref":null,"shelter":null,"tactile_paving":null,"wheelchair":null,"asset_type":"Park","addr:city":null,"addr:housenumber":null,"addr:postcode":null,"addr:state":null,"addr:street":null,"addr:street:corner":null,"alt_name":null,"boundary":null,"ele":null,"gnis:feature_id":null,"leisure":"park","name:es":null,"opening_hours":null,"protect_class":null,"protection_title":null,"source":null,"type":null,"website":null,"wikidata":null,"wikipedia":null,"access":null,"barrier":null,"playground":null,"playground:theme":null,"survey:date":null,"place":null,"start_date":null,"surface":null,"amenity":null,"area":null,"denomination":null,"fax":null,"fence_type":null,"grades":null,"mascot":null,"name:en":null,"name:etymology:wikidata":null,"phone":null,"religion":null,"layer":"parks_points","path":"C:/Users/PMLS/Downloads/Hackathon work/parks_points.gpkg"},"geometry":{"type":"Point","coordinates":[-74.051630314609042,40.722844]}},
{"type":"Feature","properties":{"fid":477,"id":"way/410890151","@id":"way/410890151","bench":null,"bin":null,"bus":null,"construction":null,"covered":null,"description":null,"fixme":null,"gtfs:stop_id":null,"gtfs_stop_code":null,"highway":null,"level":null,"lit":null,"local_ref":null,"name":null,"network":null,"network:short":null,"network:wikidata":null,"network:wikipedia":null,"note":null,"operator":null,"passenger_information_display":null,"public_transport":null,"ref":null,"route_ref":null,"shelter":null,"tactile_paving":null,"wheelchair":null,"asset_type":"Park","addr:city":null,"addr:housenumber":null,"addr:postcode":null,"addr:state":null,"addr:street":null,"addr:street:corner":null,"alt_name":null,"boundary":null,"ele":null,"gnis:feature_id":null,"leisure":"park","name:es":null,"opening_hours":null,"protect_class":null,"protection_title":null,"source":null,"type":null,"website":null,"wikidata":null,"wikipedia":null,"access":null,"barrier":null,"playground":null,"playground:theme":null,"survey:date":null,"place":null,"start_date":null,"surface":null,"amenity":null,"area":null,"denomination":null,"fax":null,"fence_type":null,"grades":null,"mascot":null,"name:en":null,"name:etymology:wikidata":null,"phone":null,"religion":null,"layer":"parks_points","path":"C:/Users/PMLS/Downloads/Hackathon work/parks_points.gpkg"},"geometry":{"type":"Point","coordinates":[-74.074789779056033,40.69011435]}},
{"type":"Feature","properties":{"fid":478,"id":"way/469526016","@id":"way/469526016","bench":null,"bin":null,"bus":null,"construction":null,"covered":null,"description":null,"fixme":null,"gtfs:stop_id":null,"gtfs_stop_code":null,"highway":null,"level":null,"lit":null,"local_ref":null,"name":"Columbia Park","network":null,"network:short":null,"network:wikidata":null,"network:wikipedia":null,"note":null,"operator":null,"passenger_information_display":null,"public_transport":null,"ref":null,"route_ref":null,"shelter":null,"tactile_paving":null,"wheelchair":null,"asset_type":"Park","addr:city":null,"addr:housenumber":null,"addr:postcode":null,"addr:state":null,"addr:street":null,"addr:street:corner":null,"alt_name":null,"boundary":null,"ele":"18","gnis:feature_id":"876805","leisure":"park","name:es":null,"opening_hours":null,"protect_class":null,"protection_title":null,"source":null,"type":null,"website":null,"wikidata":"Q49479336","wikipedia":null,"access":null,"barrier":null,"playground":null,"playground:theme":null,"survey:date":null,"place":null,"start_date":null,"surface":null,"amenity":null,"area":null,"denomination":null,"fax":null,"fence_type":null,"grades":null,"mascot":null,"name:en":null,"name:etymology:wikidata":null,"phone":null,"religion":null,"layer":"parks_points","path":"C:/Users/PMLS/Downloads/Hackathon work/parks_points.gpkg"},"geometry":{"type":"Point","coordinates":[-74.095964778854039,40.6953023]}},
{"type":"Feature","properties":{"fid":479,"id":"way/484528829","@id":"way/484528829","bench":null,"bin":null,"bus":null,"construction":null,"covered":null,"description":null,"fixme":null,"gtfs:stop_id":null,"gtfs_stop_code":null,"highway":null,"level":null,"lit":null,"local_ref":null,"name":"Alexander F. Santora Park","network":null,"network:short":null,"network:wikidata":null,"network:wikipedia":null,"note":null,"operator":null,"passenger_information_display":null,"public_transport":null,"ref":null,"route_ref":null,"shelter":null,"tactile_paving":null,"wheelchair":null,"asset_type":"Park","addr:city":null,"addr:housenumber":null,"addr:postcode":null,"addr:state":null,"addr:street":null,"addr:street:corner":null,"alt_name":"Meluso Park","boundary":null,"ele":null,"gnis:feature_id":"2059182","leisure":"park","name:es":null,"opening_hours":null,"protect_class":null,"protection_title":null,"source":null,"type":null,"website":null,"wikidata":"Q34848612","wikipedia":null,"access":null,"barrier":null,"playground":null,"playground:theme":null,"survey:date":null,"place":null,"start_date":null,"surface":null,"amenity":null,"area":null,"denomination":null,"fax":null,"fence_type":null,"grades":null,"mascot":null,"name:en":null,"name:etymology:wikidata":null,"phone":null,"religion":null,"layer":"parks_points","path":"C:/Users/PMLS/Downloads/Hackathon work/parks_points.gpkg"},"geometry":{"type":"Point","coordinates":[-74.050242571163295,40.71694265]}},
{"type":"Feature","properties":{"fid":480,"id":"way/487523973","@id":"way/487523973","bench":null,"bin":null,"bus":null,"construction":null,"covered":null,"description":null,"fixme":null,"gtfs:stop_id":null,"gtfs_stop_code":null,"highway":null,"level":null,"lit":null,"local_ref":null,"name":"Ferris Park","network":null,"network:short":null,"network:wikidata":null,"network:wikipedia":null,"note":null,"operator":null,"passenger_information_display":null,"public_transport":null,"ref":null,"route_ref":null,"shelter":null,"tactile_paving":null,"wheelchair":null,"asset_type":"Park","addr:city":null,"addr:housenumber":null,"addr:postcode":null,"addr:state":null,"addr:street":null,"addr:street:corner":null,"alt_name":null,"boundary":null,"ele":"23","gnis:feature_id":"876317","leisure":"park","name:es":null,"opening_hours":null,"protect_class":null,"protection_title":null,"source":null,"type":null,"website":null,"wikidata":"Q49488778","wikipedia":null,"access":null,"barrier":null,"playground":null,"playground:theme":null,"survey:date":null,"place":null,"start_date":null,"surface":null,"amenity":null,"area":null,"denomination":null,"fax":null,"fence_type":null,"grades":null,"mascot":null,"name:en":null,"name:etymology:wikidata":null,"phone":null,"religion":null,"layer":"parks_points","path":"C:/Users/PMLS/Downloads/Hackathon work/parks_points.gpkg"},"geometry":{"type":"Point","coordinates":[-74.092194225809408,40.69864015]}},
{"type":"Feature","properties":{"fid":481,"id":"way/581017174","@id":"way/581017174","bench":null,"bin":null,"bus":null,"construction":null,"covered":null,"description":null,"fixme":null,"gtfs:stop_id":null,"gtfs_stop_code":null,"highway":null,"level":null,"lit":null,"local_ref":null,"name":"Skinner Park","network":null,"network:short":null,"network:wikidata":null,"network:wikipedia":null,"note":null,"operator":null,"passenger_information_display":null,"public_transport":null,"ref":null,"route_ref":null,"shelter":null,"tactile_paving":null,"wheelchair":null,"asset_type":"Park","addr:city":null,"addr:housenumber":null,"addr:postcode":null,"addr:state":null,"addr:street":null,"addr:street:corner":null,"alt_name":null,"boundary":null,"ele":"16","gnis:feature_id":"880629","leisure":"park","name:es":null,"opening_hours":null,"protect_class":null,"protection_title":null,"source":null,"type":null,"website":null,"wikidata":"Q34862093","wikipedia":null,"access":null,"barrier":null,"playground":null,"playground:theme":null,"survey:date":null,"place":null,"start_date":null,"surface":null,"amenity":null,"area":null,"denomination":null,"fax":null,"fence_type":null,"grades":null,"mascot":null,"name:en":null,"name:etymology:wikidata":null,"phone":null,"religion":null,"layer":"parks_points","path":"C:/Users/PMLS/Downloads/Hackathon work/parks_points.gpkg"},"geometry":{"type":"Point","coordinates":[-74.076148409078115,40.7043289]}},
{"type":"Feature","properties":{"fid":482,"id":"way/581017195","@id":"way/581017195","bench":null,"bin":null,"bus":null,"construction":null,"covered":null,"description":null,"fixme":null,"gtfs:stop_id":null,"gtfs_stop_code":null,"highway":null,"level":null,"lit":null,"local_ref":null,"name":"Fulton Avenue Park","network":null,"network:short":null,"network:wikidata":null,"network:wikipedia":null,"note":null,"operator":null,"passenger_information_display":null,"public_transport":null,"ref":null,"route_ref":null,"shelter":null,"tactile_paving":null,"wheelchair":null,"asset_type":"Park","addr:city":null,"addr:housenumber":null,"addr:postcode":null,"addr:state":null,"addr:street":null,"addr:street:corner":null,"alt_name":null,"boundary":null,"ele":"24","gnis:feature_id":"2059176","leisure":"park","name:es":null,"opening_hours":null,"protect_class":null,"protection_title":null,"source":null,"type":null,"website":null,"wikidata":"Q49492419","wikipedia":null,"access":null,"barrier":null,"playground":null,"playground:theme":null,"survey:date":null,"place":null,"start_date":null,"surface":null,"amenity":null,"area":null,"denomination":null,"fax":null,"fence_type":null,"grades":null,"mascot":null,"name:en":null,"name:etymology:wikidata":null,"phone":null,"religion":null,"layer":"parks_points","path":"C:/Users/PMLS/Downloads/Hackathon work/parks_points.gpkg"},"geometry":{"type":"Point","coordinates":[-74.086751930367214,40.7052474]}},
{"type":"Feature","properties":{"fid":483,"id":"way/581017198","@id":"way/581017198","bench":null,"bin":null,"bus":null,"construction":null,"covered":null,"description":null,"fixme":null,"gtfs:stop_id":null,"gtfs_stop_code":null,"highway":null,"level":null,"lit":null,"local_ref":null,"name":"Courtney Fricchione Park","network":null,"network:short":null,"network:wikidata":null,"network:wikipedia":null,"note":null,"operator":null,"passenger_information_display":null,"public_transport":null,"ref":null,"route_ref":null,"shelter":null,"tactile_paving":null,"wheelchair":null,"asset_type":"Park","addr:city":null,"addr:housenumber":null,"addr:postcode":null,"addr:state":null,"addr:street":null,"addr:street:corner":null,"alt_name":null,"boundary":null,"ele":"5","gnis:feature_id":"2059174","leisure":"park","name:es":null,"opening_hours":null,"protect_class":null,"protection_title":null,"source":null,"type":null,"website":null,"wikidata":null,"wikipedia":null,"access":null,"barrier":null,"playground":null,"playground:theme":null,"survey:date":null,"place":null,"start_date":null,"surface":null,"amenity":null,"area":null,"denomination":null,"fax":null,"fence_type":null,"grades":null,"mascot":null,"name:en":null,"name:etymology:wikidata":null,"phone":null,"religion":null,"layer":"parks_points","path":"C:/Users/PMLS/Downloads/Hackathon work/parks_points.gpkg"},"geometry":{"type":"Point","coordinates":[-74.094807170864385,40.71014025]}},
{"type":"Feature","properties":{"fid":484,"id":"way/581018075","@id":"way/581018075","bench":null,"bin":null,"bus":null,"construction":null,"covered":null,"description":null,"fixme":null,"gtfs:stop_id":null,"gtfs_stop_code":null,"highway":null,"level":null,"lit":null,"local_ref":null,"name":"Boyd-McGuiness Park","network":null,"network:short":null,"network:wikidata":null,"network:wikipedia":null,"note":null,"operator":null,"passenger_information_display":null,"public_transport":null,"ref":null,"route_ref":null,"shelter":null,"tactile_paving":null,"wheelchair":null,"asset_type":"Park","addr:city":null,"addr:housenumber":null,"addr:postcode":null,"addr:state":null,"addr:street":null,"addr:street:corner":null,"alt_name":null,"boundary":null,"ele":"26","gnis:feature_id":"2059172","leisure":"park","name:es":null,"opening_hours":null,"protect_class":null,"protection_title":null,"source":null,"type":null,"website":null,"wikidata":"Q34904651","wikipedia":null,"access":null,"barrier":null,"playground":null,"playground:theme":null,"survey:date":null,"place":null,"start_date":null,"surface":null,"amenity":null,"area":null,"denomination":null,"fax":null,"fence_type":null,"grades":null,"mascot":null,"name:en":null,"name:etymology:wikidata":null,"phone":null,"religion":null,"layer":"parks_points","path":"C:/Users/PMLS/Downloads/Hackathon work/parks_points.gpkg"},"geometry":{"type":"Point","coordinates":[-74.073970242536333,40.72520965]}},
{"type":"Feature","properties":{"fid":485,"id":"way/581023002","@id":"way/581023002","bench":null,"bin":null,"bus":null,"construction":null,"covered":null,"description":null,"fixme":null,"gtfs:stop_id":null,"gtfs_stop_code":null,"highway":null,"level":null,"lit":null,"local_ref":null,"name":"Muhammad Ali Park","network":null,"network:short":null,"network:wikidata":null,"network:wikipedia":null,"note":null,"operator":null,"passenger_information_display":null,"public_transport":null,"ref":null,"route_ref":null,"shelter":null,"tactile_paving":null,"wheelchair":null,"asset_type":"Park","addr:city":null,"addr:housenumber":null,"addr:postcode":null,"addr:state":null,"addr:street":null,"addr:street:corner":null,"alt_name":null,"boundary":null,"ele":"24","gnis:feature_id":"2059185","leisure":"park","name:es":null,"opening_hours":null,"protect_class":null,"protection_title":null,"source":null,"type":null,"website":null,"wikidata":"Q49529530","wikipedia":null,"access":null,"barrier":null,"playground":null,"playground:theme":null,"survey:date":null,"place":null,"start_date":null,"surface":null,"amenity":null,"area":null,"denomination":null,"fax":null,"fence_type":null,"grades":null,"mascot":null,"name:en":null,"name:etymology:wikidata":null,"phone":null,"religion":null,"layer":"parks_points","path":"C:/Users/PMLS/Downloads/Hackathon work/parks_points.gpkg"},"geometry":{"type":"Point","coordinates":[-74.085029803005341,40.7009699]}},
{"type":"Feature","properties":{"fid":486,"id":"way/659290811","@id":"way/659290811","bench":null,"bin":null,"bus":null,"construction":null,"covered":null,"description":null,"fixme":null,"gtfs:stop_id":null,"gtfs_stop_code":null,"highway":null,"level":null,"lit":null,"local_ref":null,"name":"Plaza Rizal","network":null,"network:short":null,"network:wikidata":null,"network:wikipedia":null,"note":null,"operator":null,"passenger_information_display":null,"public_transport":null,"ref":null,"route_ref":null,"shelter":null,"tactile_paving":null,"wheelchair":null,"asset_type":"Park","addr:city":"Jersey City","addr:housenumber":"272","addr:postcode":null,"addr:state":null,"addr:street":"Christopher Columbus Drive","addr:street:corner":"Brunswick Street","alt_name":null,"boundary":null,"ele":null,"gnis:feature_id":null,"leisure":"park","name:es":null,"opening_hours":null,"protect_class":null,"protection_title":null,"source":null,"type":null,"website":null,"wikidata":null,"wikipedia":null,"access":null,"barrier":null,"playground":null,"playground:theme":null,"survey:date":null,"place":null,"start_date":null,"surface":null,"amenity":null,"area":null,"denomination":null,"fax":null,"fence_type":null,"grades":null,"mascot":null,"name:en":null,"name:etymology:wikidata":null,"phone":null,"religion":null,"layer":"parks_points","path":"C:/Users/PMLS/Downloads/Hackathon work/parks_points.gpkg"},"geometry":{"type":"Point","coordinates":[-74.051002852631569,40.7221258]}},
{"type":"Feature","properties":{"fid":487,"id":"way/736364279","@id":"way/736364279","bench":null,"bin":null,"bus":null,"construction":null,"covered":null,"description":null,"fixme":null,"gtfs:stop_id":null,"gtfs_stop_code":null,"highway":null,"level":null,"lit":null,"local_ref":null,"name":"Hudson County Community College Park","network":null,"network:short":null,"network:wikidata":null,"network:wikipedia":null,"note":null,"operator":null,"passenger_information_display":null,"public_transport":null,"ref":null,"route_ref":null,"shelter":null,"tactile_paving":null,"wheelchair":null,"asset_type":"Park","addr:city":"Jersey City","addr:housenumber":"41","addr:postcode":"07306","addr:state":"NJ","addr:street":"Sip Avenue","addr:street:corner":null,"alt_name":null,"boundary":null,"ele":null,"gnis:feature_id":null,"leisure":"park","name:es":null,"opening_hours":null,"protect_class":null,"protection_title":null,"source":"Mapbox","type":null,"website":null,"wikidata":null,"wikipedia":null,"access":null,"barrier":null,"playground":null,"playground:theme":null,"survey:date":null,"place":null,"start_date":null,"surface":null,"amenity":null,"area":null,"denomination":null,"fax":null,"fence_type":null,"grades":null,"mascot":null,"name:en":null,"name:etymology:wikidata":null,"phone":null,"religion":null,"layer":"parks_points","path":"C:/Users/PMLS/Downloads/Hackathon work/parks_points.gpkg"},"geometry":{"type":"Point","coordinates":[-74.065457246284382,40.73077585]}},
{"type":"Feature","properties":{"fid":488,"id":"way/923989630","@id":"way/923989630","bench":null,"bin":null,"bus":null,"construction":null,"covered":null,"description":null,"fixme":null,"gtfs:stop_id":null,"gtfs_stop_code":null,"highway":null,"level":null,"lit":null,"local_ref":null,"name":"Bergen Hill Park","network":null,"network:short":null,"network:wikidata":null,"network:wikipedia":null,"note":null,"operator":"City of Jersey City","passenger_information_display":null,"public_transport":null,"ref":null,"route_ref":null,"shelter":null,"tactile_paving":null,"wheelchair":null,"asset_type":"Park","addr:city":"Jersey City","addr:housenumber":"52","addr:postcode":"07304","addr:state":"NJ","addr:street":"Summit Avenue","addr:street:corner":null,"alt_name":null,"boundary":null,"ele":null,"gnis:feature_id":null,"leisure":"park","name:es":null,"opening_hours":"24/7","protect_class":null,"protection_title":null,"source":null,"type":null,"website":"https://jerseycitynj.gov/community/parks","wikidata":null,"wikipedia":null,"access":null,"barrier":null,"playground":null,"playground:theme":null,"survey:date":null,"place":null,"start_date":null,"surface":null,"amenity":null,"area":null,"denomination":null,"fax":null,"fence_type":null,"grades":null,"mascot":null,"name:en":null,"name:etymology:wikidata":null,"phone":null,"religion":null,"layer":"parks_points","path":"C:/Users/PMLS/Downloads/Hackathon work/parks_points.gpkg"},"geometry":{"type":"Point","coordinates":[-74.067047865472489,40.7169437]}},
{"type":"Feature","properties":{"fid":489,"id":"way/1031012083","@id":"way/1031012083","bench":null,"bin":null,"bus":null,"construction":null,"covered":null,"description":null,"fixme":null,"gtfs:stop_id":null,"gtfs_stop_code":null,"highway":null,"level":null,"lit":null,"local_ref":null,"name":null,"network":null,"network:short":null,"network:wikidata":null,"network:wikipedia":null,"note":null,"operator":null,"passenger_information_display":null,"public_transport":null,"ref":null,"route_ref":null,"shelter":null,"tactile_paving":null,"wheelchair":null,"asset_type":"Park","addr:city":null,"addr:housenumber":null,"addr:postcode":null,"addr:state":null,"addr:street":null,"addr:street:corner":null,"alt_name":null,"boundary":null,"ele":null,"gnis:feature_id":null,"leisure":"park","name:es":null,"opening_hours":null,"protect_class":null,"protection_title":null,"source":null,"type":null,"website":null,"wikidata":null,"wikipedia":null,"access":null,"barrier":null,"playground":null,"playground:theme":null,"survey:date":null,"place":null,"start_date":null,"surface":null,"amenity":null,"area":null,"denomination":null,"fax":null,"fence_type":null,"grades":null,"mascot":null,"name:en":null,"name:etymology:wikidata":null,"phone":null,"religion":null,"layer":"parks_points","path":"C:/Users/PMLS/Downloads/Hackathon work/parks_points.gpkg"},"geometry":{"type":"Point","coordinates":[-74.081075217385859,40.7070215]}},
{"type":"Feature","properties":{"fid":490,"id":"way/1331647313","@id":"way/1331647313","bench":null,"bin":null,"bus":null,"construction":null,"covered":null,"description":null,"fixme":null,"gtfs:stop_id":null,"gtfs_stop_code":null,"highway":null,"level":null,"lit":null,"local_ref":null,"name":null,"network":null,"network:short":null,"network:wikidata":null,"network:wikipedia":null,"note":null,"operator":null,"passenger_information_display":null,"public_transport":null,"ref":null,"route_ref":null,"shelter":null,"tactile_paving":null,"wheelchair":null,"asset_type":"Park","addr:city":null,"addr:housenumber":null,"addr:postcode":null,"addr:state":null,"addr:street":null,"addr:street:corner":null,"alt_name":null,"boundary":null,"ele":null,"gnis:feature_id":null,"leisure":"park","name:es":null,"opening_hours":null,"protect_class":null,"protection_title":null,"source":null,"type":null,"website":null,"wikidata":null,"wikipedia":null,"access":null,"barrier":null,"playground":null,"playground:theme":null,"survey:date":null,"place":null,"start_date":null,"surface":null,"amenity":null,"area":null,"denomination":null,"fax":null,"fence_type":null,"grades":null,"mascot":null,"name:en":null,"name:etymology:wikidata":null,"phone":null,"religion":null,"layer":"parks_points","path":"C:/Users/PMLS/Downloads/Hackathon work/parks_points.gpkg"},"geometry":{"type":"Point","coordinates":[-74.063283447880849,40.7300376]}},
{"type":"Feature","properties":{"fid":491,"id":"way/1332668009","@id":"way/1332668009","bench":null,"bin":null,"bus":null,"construction":null,"covered":null,"description":null,"fixme":null,"gtfs:stop_id":null,"gtfs_stop_code":null,"highway":null,"level":null,"lit":null,"local_ref":null,"name":"Sgt. Anthony Park","network":null,"network:short":null,"network:wikidata":null,"network:wikipedia":null,"note":null,"operator":null,"passenger_information_display":null,"public_transport":null,"ref":null,"route_ref":null,"shelter":null,"tactile_paving":null,"wheelchair":null,"asset_type":"Park","addr:city":"Jersey City","addr:housenumber":"90","addr:postcode":"07306","addr:state":"NJ","addr:street":"Palisade Avenue","addr:street:corner":null,"alt_name":null,"boundary":null,"ele":null,"gnis:feature_id":null,"leisure":"park","name:es":null,"opening_hours":"Mo-Su 08:00-22:00","protect_class":null,"protection_title":null,"source":null,"type":null,"website":null,"wikidata":null,"wikipedia":null,"access":null,"barrier":null,"playground":null,"playground:theme":null,"survey:date":null,"place":null,"start_date":null,"surface":null,"amenity":null,"area":null,"denomination":null,"fax":null,"fence_type":null,"grades":null,"mascot":null,"name:en":null,"name:etymology:wikidata":null,"phone":null,"religion":null,"layer":"parks_points","path":"C:/Users/PMLS/Downloads/Hackathon work/parks_points.gpkg"},"geometry":{"type":"Point","coordinates":[-74.051616643528575,40.73230545]}},
{"type":"Feature","properties":{"fid":492,"id":"way/1362623211","@id":"way/1362623211","bench":null,"bin":null,"bus":null,"construction":null,"covered":null,"description":null,"fixme":null,"gtfs:stop_id":null,"gtfs_stop_code":null,"highway":null,"level":null,"lit":null,"local_ref":null,"name":"Coles Park","network":null,"network:short":null,"network:wikidata":null,"network:wikipedia":null,"note":null,"operator":null,"passenger_information_display":null,"public_transport":null,"ref":null,"route_ref":null,"shelter":null,"tactile_paving":null,"wheelchair":null,"asset_type":"Park","addr:city":"Jersey City","addr:housenumber":"305","addr:postcode":"07310","addr:state":"NJ","addr:street":"Coles Street","addr:street:corner":null,"alt_name":null,"boundary":null,"ele":null,"gnis:feature_id":null,"leisure":"park","name:es":null,"opening_hours":null,"protect_class":null,"protection_title":null,"source":null,"type":null,"website":null,"wikidata":null,"wikipedia":null,"access":null,"barrier":null,"playground":null,"playground:theme":null,"survey:date":null,"place":null,"start_date":null,"surface":null,"amenity":null,"area":null,"denomination":null,"fax":null,"fence_type":null,"grades":null,"mascot":null,"name:en":null,"name:etymology:wikidata":null,"phone":null,"religion":null,"layer":"parks_points","path":"C:/Users/PMLS/Downloads/Hackathon work/parks_points.gpkg"},"geometry":{"type":"Point","coordinates":[-74.04615503971317,40.7342717]}},
{"type":"Feature","properties":{"fid":493,"id":"way/1539072136","@id":"way/1539072136","bench":null,"bin":null,"bus":null,"construction":null,"covered":null,"description":null,"fixme":null,"gtfs:stop_id":null,"gtfs_stop_code":null,"highway":null,"level":null,"lit":null,"local_ref":null,"name":"Olive Pea Park","network":null,"network:short":null,"network:wikidata":null,"network:wikipedia":null,"note":null,"operator":"Jersey City","passenger_information_display":null,"public_transport":null,"ref":null,"route_ref":null,"shelter":null,"tactile_paving":null,"wheelchair":null,"asset_type":"Park","addr:city":"Jersey City","addr:housenumber":"95","addr:postcode":"07302","addr:state":"NJ","addr:street":"Mill Road","addr:street:corner":null,"alt_name":null,"boundary":null,"ele":null,"gnis:feature_id":null,"leisure":"park","name:es":null,"opening_hours":null,"protect_class":null,"protection_title":null,"source":null,"type":null,"website":null,"wikidata":null,"wikipedia":null,"access":null,"barrier":null,"playground":null,"playground:theme":null,"survey:date":null,"place":null,"start_date":null,"surface":null,"amenity":null,"area":null,"denomination":null,"fax":null,"fence_type":null,"grades":null,"mascot":null,"name:en":null,"name:etymology:wikidata":null,"phone":null,"religion":null,"layer":"parks_points","path":"C:/Users/PMLS/Downloads/Hackathon work/parks_points.gpkg"},"geometry":{"type":"Point","coordinates":[-74.061458390956489,40.7256729]}},
{"type":"Feature","properties":{"fid":494,"id":"way/77705617","@id":"way/77705617","bench":null,"bin":null,"bus":null,"construction":null,"covered":null,"description":null,"fixme":null,"gtfs:stop_id":null,"gtfs_stop_code":null,"highway":null,"level":null,"lit":null,"local_ref":null,"name":null,"network":null,"network:short":null,"network:wikidata":null,"network:wikipedia":null,"note":null,"operator":null,"passenger_information_display":null,"public_transport":null,"ref":null,"route_ref":null,"shelter":null,"tactile_paving":null,"wheelchair":null,"asset_type":"Playground","addr:city":null,"addr:housenumber":null,"addr:postcode":null,"addr:state":null,"addr:street":null,"addr:street:corner":null,"alt_name":null,"boundary":null,"ele":null,"gnis:feature_id":null,"leisure":"playground","name:es":null,"opening_hours":null,"protect_class":null,"protection_title":null,"source":null,"type":null,"website":null,"wikidata":null,"wikipedia":null,"access":"yes","barrier":null,"playground":null,"playground:theme":null,"survey:date":"2021-12-19","place":null,"start_date":null,"surface":null,"amenity":null,"area":null,"denomination":null,"fax":null,"fence_type":null,"grades":null,"mascot":null,"name:en":null,"name:etymology:wikidata":null,"phone":null,"religion":null,"layer":"playgrounds_point","path":"C:/Users/PMLS/Downloads/Hackathon work/playgrounds_point.gpkg"},"geometry":{"type":"Point","coordinates":[-74.044747443320489,40.70481065]}},
{"type":"Feature","properties":{"fid":495,"id":"way/225187581","@id":"way/225187581","bench":null,"bin":null,"bus":null,"construction":null,"covered":null,"description":null,"fixme":null,"gtfs:stop_id":null,"gtfs_stop_code":null,"highway":null,"level":null,"lit":null,"local_ref":null,"name":null,"network":null,"network:short":null,"network:wikidata":null,"network:wikipedia":null,"note":null,"operator":null,"passenger_information_display":null,"public_transport":null,"ref":null,"route_ref":null,"shelter":null,"tactile_paving":null,"wheelchair":null,"asset_type":"Playground","addr:city":null,"addr:housenumber":null,"addr:postcode":null,"addr:state":null,"addr:street":null,"addr:street:corner":null,"alt_name":null,"boundary":null,"ele":null,"gnis:feature_id":null,"leisure":"playground","name:es":null,"opening_hours":null,"protect_class":null,"protection_title":null,"source":null,"type":null,"website":null,"wikidata":null,"wikipedia":null,"access":null,"barrier":"fence","playground":null,"playground:theme":null,"survey:date":null,"place":null,"start_date":null,"surface":null,"amenity":null,"area":null,"denomination":null,"fax":null,"fence_type":null,"grades":null,"mascot":null,"name:en":null,"name:etymology:wikidata":null,"phone":null,"religion":null,"layer":"playgrounds_point","path":"C:/Users/PMLS/Downloads/Hackathon work/playgrounds_point.gpkg"},"geometry":{"type":"Point","coordinates":[-74.105690684313714,40.70424915]}},
{"type":"Feature","properties":{"fid":496,"id":"way/354382740","@id":"way/354382740","bench":null,"bin":null,"bus":null,"construction":null,"covered":null,"description":null,"fixme":null,"gtfs:stop_id":null,"gtfs_stop_code":null,"highway":null,"level":null,"lit":null,"local_ref":null,"name":null,"network":null,"network:short":null,"network:wikidata":null,"network:wikipedia":null,"note":null,"operator":null,"passenger_information_display":null,"public_transport":null,"ref":null,"route_ref":null,"shelter":null,"tactile_paving":null,"wheelchair":null,"asset_type":"Playground","addr:city":null,"addr:housenumber":null,"addr:postcode":null,"addr:state":null,"addr:street":null,"addr:street:corner":null,"alt_name":null,"boundary":null,"ele":null,"gnis:feature_id":null,"leisure":"playground","name:es":null,"opening_hours":null,"protect_class":null,"protection_title":null,"source":null,"type":null,"website":null,"wikidata":null,"wikipedia":null,"access":"yes","barrier":null,"playground":null,"playground:theme":null,"survey:date":"2021-12-19","place":null,"start_date":null,"surface":null,"amenity":null,"area":null,"denomination":null,"fax":null,"fence_type":null,"grades":null,"mascot":null,"name:en":null,"name:etymology:wikidata":null,"phone":null,"religion":null,"layer":"playgrounds_point","path":"C:/Users/PMLS/Downloads/Hackathon work/playgrounds_point.gpkg"},"geometry":{"type":"Point","coordinates":[-74.057064959196993,40.69227525]}},
{"type":"Feature","properties":{"fid":497,"id":"way/354394026","@id":"way/354394026","bench":null,"bin":null,"bus":null,"construction":null,"covered":null,"description":null,"fixme":null,"gtfs:stop_id":null,"gtfs_stop_code":null,"highway":null,"level":null,"lit":null,"local_ref":null,"name":"Wildlife Challenge","network":null,"network:short":null,"network:wikidata":null,"network:wikipedia":null,"note":null,"operator":null,"passenger_information_display":null,"public_transport":null,"ref":null,"route_ref":null,"shelter":null,"tactile_paving":null,"wheelchair":null,"asset_type":"Playground","addr:city":null,"addr:housenumber":null,"addr:postcode":null,"addr:state":null,"addr:street":null,"addr:street:corner":null,"alt_name":null,"boundary":null,"ele":null,"gnis:feature_id":null,"leisure":"playground","name:es":null,"opening_hours":null,"protect_class":null,"protection_title":null,"source":null,"type":null,"website":null,"wikidata":null,"wikipedia":null,"access":null,"barrier":"fence","playground":null,"playground:theme":null,"survey:date":null,"place":null,"start_date":null,"surface":null,"amenity":null,"area":null,"denomination":null,"fax":null,"fence_type":null,"grades":null,"mascot":null,"name:en":null,"name:etymology:wikidata":null,"phone":null,"religion":null,"layer":"playgrounds_point","path":"C:/Users/PMLS/Downloads/Hackathon work/playgrounds_point.gpkg"},"geometry":{"type":"Point","coordinates":[-74.053987935128802,40.70796795]}},
{"type":"Feature","properties":{"fid":498,"id":"way/354423618","@id":"way/354423618","bench":null,"bin":null,"bus":null,"construction":null,"covered":null,"description":null,"fixme":null,"gtfs:stop_id":null,"gtfs_stop_code":null,"highway":null,"level":null,"lit":null,"local_ref":null,"name":null,"network":null,"network:short":null,"network:wikidata":null,"network:wikipedia":null,"note":null,"operator":null,"passenger_information_display":null,"public_transport":null,"ref":null,"route_ref":null,"shelter":null,"tactile_paving":null,"wheelchair":null,"asset_type":"Playground","addr:city":null,"addr:housenumber":null,"addr:postcode":null,"addr:state":null,"addr:street":null,"addr:street:corner":null,"alt_name":null,"boundary":null,"ele":null,"gnis:feature_id":null,"leisure":"playground","name:es":null,"opening_hours":null,"protect_class":null,"protection_title":null,"source":null,"type":null,"website":null,"wikidata":null,"wikipedia":null,"access":"yes","barrier":null,"playground":null,"playground:theme":null,"survey:date":null,"place":null,"start_date":null,"surface":null,"amenity":null,"area":null,"denomination":null,"fax":null,"fence_type":null,"grades":null,"mascot":null,"name:en":null,"name:etymology:wikidata":null,"phone":null,"religion":null,"layer":"playgrounds_point","path":"C:/Users/PMLS/Downloads/Hackathon work/playgrounds_point.gpkg"},"geometry":{"type":"Point","coordinates":[-74.0587251788603,40.71279615]}},
{"type":"Feature","properties":{"fid":499,"id":"way/354426518","@id":"way/354426518","bench":null,"bin":null,"bus":null,"construction":null,"covered":null,"description":null,"fixme":null,"gtfs:stop_id":null,"gtfs_stop_code":null,"highway":null,"level":null,"lit":null,"local_ref":null,"name":"spray park","network":null,"network:short":null,"network:wikidata":null,"network:wikipedia":null,"note":null,"operator":null,"passenger_information_display":null,"public_transport":null,"ref":null,"route_ref":null,"shelter":null,"tactile_paving":null,"wheelchair":null,"asset_type":"Playground","addr:city":null,"addr:housenumber":null,"addr:postcode":null,"addr:state":null,"addr:street":null,"addr:street:corner":null,"alt_name":null,"boundary":null,"ele":null,"gnis:feature_id":null,"leisure":"playground","name:es":null,"opening_hours":null,"protect_class":null,"protection_title":null,"source":null,"type":null,"website":null,"wikidata":null,"wikipedia":null,"access":null,"barrier":null,"playground":"splash_pad","playground:theme":null,"survey:date":null,"place":null,"start_date":null,"surface":null,"amenity":null,"area":null,"denomination":null,"fax":null,"fence_type":null,"grades":null,"mascot":null,"name:en":null,"name:etymology:wikidata":null,"phone":null,"religion":null,"layer":"playgrounds_point","path":"C:/Users/PMLS/Downloads/Hackathon work/playgrounds_point.gpkg"},"geometry":{"type":"Point","coordinates":[-74.068734129949775,40.7118084]}},
{"type":"Feature","properties":{"fid":500,"id":"way/354426521","@id":"way/354426521","bench":null,"bin":null,"bus":null,"construction":null,"covered":null,"description":null,"fixme":null,"gtfs:stop_id":null,"gtfs_stop_code":null,"highway":null,"level":null,"lit":null,"local_ref":null,"name":null,"network":null,"network:short":null,"network:wikidata":null,"network:wikipedia":null,"note":null,"operator":null,"passenger_information_display":null,"public_transport":null,"ref":null,"route_ref":null,"shelter":null,"tactile_paving":null,"wheelchair":null,"asset_type":"Playground","addr:city":null,"addr:housenumber":null,"addr:postcode":null,"addr:state":null,"addr:street":null,"addr:street:corner":null,"alt_name":null,"boundary":null,"ele":null,"gnis:feature_id":null,"leisure":"playground","name:es":null,"opening_hours":null,"protect_class":null,"protection_title":null,"source":null,"type":null,"website":null,"wikidata":null,"wikipedia":null,"access":null,"barrier":null,"playground":null,"playground:theme":null,"survey:date":null,"place":null,"start_date":null,"surface":null,"amenity":null,"area":null,"denomination":null,"fax":null,"fence_type":null,"grades":null,"mascot":null,"name:en":null,"name:etymology:wikidata":null,"phone":null,"religion":null,"layer":"playgrounds_point","path":"C:/Users/PMLS/Downloads/Hackathon work/playgrounds_point.gpkg"},"geometry":{"type":"Point","coordinates":[-74.068386222968968,40.7123043]}},
{"type":"Feature","properties":{"fid":501,"id":"way/354429486","@id":"way/354429486","bench":null,"bin":null,"bus":null,"construction":null,"covered":null,"description":null,"fixme":null,"gtfs:stop_id":null,"gtfs_stop_code":null,"highway":null,"level":null,"lit":null,"local_ref":null,"name":null,"network":null,"network:short":null,"network:wikidata":null,"network:wikipedia":null,"note":null,"operator":null,"passenger_information_display":null,"public_transport":null,"ref":null,"route_ref":null,"shelter":null,"tactile_paving":null,"wheelchair":null,"asset_type":"Playground","addr:city":null,"addr:housenumber":null,"addr:postcode":null,"addr:state":null,"addr:street":null,"addr:street:corner":null,"alt_name":null,"boundary":null,"ele":null,"gnis:feature_id":null,"leisure":"playground","name:es":null,"opening_hours":null,"protect_class":null,"protection_title":null,"source":null,"type":null,"website":null,"wikidata":null,"wikipedia":null,"access":null,"barrier":null,"playground":null,"playground:theme":null,"survey:date":null,"place":null,"start_date":null,"surface":null,"amenity":null,"area":null,"denomination":null,"fax":null,"fence_type":null,"grades":null,"mascot":null,"name:en":null,"name:etymology:wikidata":null,"phone":null,"religion":null,"layer":"playgrounds_point","path":"C:/Users/PMLS/Downloads/Hackathon work/playgrounds_point.gpkg"},"geometry":{"type":"Point","coordinates":[-74.102165000126107,40.6969379]}},
{"type":"Feature","properties":{"fid":502,"id":"way/469526025","@id":"way/469526025","bench":null,"bin":null,"bus":null,"construction":null,"covered":null,"description":null,"fixme":"Tried my best to stay within the boder of the area, if anyone is better at it, please improve.","gtfs:stop_id":null,"gtfs_stop_code":null,"highway":null,"level":null,"lit":null,"local_ref":null,"name":null,"network":null,"network:short":null,"network:wikidata":null,"network:wikipedia":null,"note":null,"operator":null,"passenger_information_display":null,"public_transport":null,"ref":null,"route_ref":null,"shelter":null,"tactile_paving":null,"wheelchair":null,"asset_type":"Playground","addr:city":null,"addr:housenumber":null,"addr:postcode":null,"addr:state":null,"addr:street":null,"addr:street:corner":null,"alt_name":null,"boundary":null,"ele":null,"gnis:feature_id":null,"leisure":"playground","name:es":null,"opening_hours":null,"protect_class":null,"protection_title":null,"source":null,"type":null,"website":null,"wikidata":null,"wikipedia":null,"access":null,"barrier":null,"playground":null,"playground:theme":null,"survey:date":null,"place":null,"start_date":null,"surface":null,"amenity":null,"area":null,"denomination":null,"fax":null,"fence_type":null,"grades":null,"mascot":null,"name:en":null,"name:etymology:wikidata":null,"phone":null,"religion":null,"layer":"playgrounds_point","path":"C:/Users/PMLS/Downloads/Hackathon work/playgrounds_point.gpkg"},"geometry":{"type":"Point","coordinates":[-74.096896567424309,40.6964411]}},
{"type":"Feature","properties":{"fid":503,"id":"way/469530822","@id":"way/469530822","bench":null,"bin":null,"bus":null,"construction":null,"covered":null,"description":null,"fixme":null,"gtfs:stop_id":null,"gtfs_stop_code":null,"highway":null,"level":null,"lit":null,"local_ref":null,"name":"Mercer Park Playground","network":null,"network:short":null,"network:wikidata":null,"network:wikipedia":null,"note":null,"operator":null,"passenger_information_display":null,"public_transport":null,"ref":null,"route_ref":null,"shelter":null,"tactile_paving":null,"wheelchair":null,"asset_type":"Playground","addr:city":null,"addr:housenumber":null,"addr:postcode":null,"addr:state":null,"addr:street":null,"addr:street:corner":null,"alt_name":null,"boundary":null,"ele":null,"gnis:feature_id":null,"leisure":"playground","name:es":null,"opening_hours":null,"protect_class":null,"protection_title":null,"source":null,"type":null,"website":null,"wikidata":null,"wikipedia":null,"access":null,"barrier":null,"playground":null,"playground:theme":null,"survey:date":null,"place":null,"start_date":null,"surface":null,"amenity":null,"area":null,"denomination":null,"fax":null,"fence_type":null,"grades":null,"mascot":null,"name:en":null,"name:etymology:wikidata":null,"phone":null,"religion":null,"layer":"playgrounds_point","path":"C:/Users/PMLS/Downloads/Hackathon work/playgrounds_point.gpkg"},"geometry":{"type":"Point","coordinates":[-74.101693283112908,40.6924418]}},
{"type":"Feature","properties":{"fid":504,"id":"way/469532023","@id":"way/469532023","bench":null,"bin":null,"bus":null,"construction":null,"covered":null,"description":null,"fixme":null,"gtfs:stop_id":null,"gtfs_stop_code":null,"highway":null,"level":null,"lit":null,"local_ref":null,"name":null,"network":null,"network:short":null,"network:wikidata":null,"network:wikipedia":null,"note":null,"operator":null,"passenger_information_display":null,"public_transport":null,"ref":null,"route_ref":null,"shelter":null,"tactile_paving":null,"wheelchair":null,"asset_type":"Playground","addr:city":null,"addr:housenumber":null,"addr:postcode":null,"addr:state":null,"addr:street":null,"addr:street:corner":null,"alt_name":null,"boundary":null,"ele":null,"gnis:feature_id":null,"leisure":"playground","name:es":null,"opening_hours":null,"protect_class":null,"protection_title":null,"source":null,"type":null,"website":null,"wikidata":null,"wikipedia":null,"access":null,"barrier":null,"playground":null,"playground:theme":null,"survey:date":null,"place":null,"start_date":null,"surface":null,"amenity":null,"area":null,"denomination":null,"fax":null,"fence_type":null,"grades":null,"mascot":null,"name:en":null,"name:etymology:wikidata":null,"phone":null,"religion":null,"layer":"playgrounds_point","path":"C:/Users/PMLS/Downloads/Hackathon work/playgrounds_point.gpkg"},"geometry":{"type":"Point","coordinates":[-74.087011260732211,40.707258]}},
{"type":"Feature","properties":{"fid":505,"id":"way/469537729","@id":"way/469537729","bench":null,"bin":null,"bus":null,"construction":null,"covered":null,"description":null,"fixme":null,"gtfs:stop_id":null,"gtfs_stop_code":null,"highway":null,"level":null,"lit":null,"local_ref":null,"name":null,"network":null,"network:short":null,"network:wikidata":null,"network:wikipedia":null,"note":null,"operator":null,"passenger_information_display":null,"public_transport":null,"ref":null,"route_ref":null,"shelter":null,"tactile_paving":null,"wheelchair":null,"asset_type":"Playground","addr:city":null,"addr:housenumber":null,"addr:postcode":null,"addr:state":null,"addr:street":null,"addr:street:corner":null,"alt_name":null,"boundary":null,"ele":null,"gnis:feature_id":null,"leisure":"playground","name:es":null,"opening_hours":null,"protect_class":null,"protection_title":null,"source":null,"type":null,"website":null,"wikidata":null,"wikipedia":null,"access":null,"barrier":null,"playground":null,"playground:theme":null,"survey:date":null,"place":null,"start_date":null,"surface":null,"amenity":null,"area":null,"denomination":null,"fax":null,"fence_type":null,"grades":null,"mascot":null,"name:en":null,"name:etymology:wikidata":null,"phone":null,"religion":null,"layer":"playgrounds_point","path":"C:/Users/PMLS/Downloads/Hackathon work/playgrounds_point.gpkg"},"geometry":{"type":"Point","coordinates":[-74.080620023786253,40.69851425]}},
{"type":"Feature","properties":{"fid":506,"id":"way/469554020","@id":"way/469554020","bench":null,"bin":null,"bus":null,"construction":null,"covered":null,"description":null,"fixme":null,"gtfs:stop_id":null,"gtfs_stop_code":null,"highway":null,"level":null,"lit":null,"local_ref":null,"name":null,"network":null,"network:short":null,"network:wikidata":null,"network:wikipedia":null,"note":null,"operator":null,"passenger_information_display":null,"public_transport":null,"ref":null,"route_ref":null,"shelter":null,"tactile_paving":null,"wheelchair":"limited","asset_type":"Playground","addr:city":null,"addr:housenumber":null,"addr:postcode":null,"addr:state":null,"addr:street":null,"addr:street:corner":null,"alt_name":null,"boundary":null,"ele":null,"gnis:feature_id":null,"leisure":"playground","name:es":null,"opening_hours":null,"protect_class":null,"protection_title":null,"source":null,"type":null,"website":null,"wikidata":null,"wikipedia":null,"access":null,"barrier":null,"playground":null,"playground:theme":null,"survey:date":null,"place":null,"start_date":null,"surface":null,"amenity":null,"area":null,"denomination":null,"fax":null,"fence_type":null,"grades":null,"mascot":null,"name:en":null,"name:etymology:wikidata":null,"phone":null,"religion":null,"layer":"playgrounds_point","path":"C:/Users/PMLS/Downloads/Hackathon work/playgrounds_point.gpkg"},"geometry":{"type":"Point","coordinates":[-74.050282729749114,40.7282778]}},
{"type":"Feature","properties":{"fid":507,"id":"way/469597846","@id":"way/469597846","bench":null,"bin":null,"bus":null,"construction":null,"covered":null,"description":null,"fixme":null,"gtfs:stop_id":null,"gtfs_stop_code":null,"highway":null,"level":null,"lit":null,"local_ref":null,"name":null,"network":null,"network:short":null,"network:wikidata":null,"network:wikipedia":null,"note":null,"operator":null,"passenger_information_display":null,"public_transport":null,"ref":null,"route_ref":null,"shelter":null,"tactile_paving":null,"wheelchair":null,"asset_type":"Playground","addr:city":null,"addr:housenumber":null,"addr:postcode":null,"addr:state":null,"addr:street":null,"addr:street:corner":null,"alt_name":null,"boundary":null,"ele":null,"gnis:feature_id":null,"leisure":"playground","name:es":null,"opening_hours":null,"protect_class":null,"protection_title":null,"source":null,"type":null,"website":null,"wikidata":null,"wikipedia":null,"access":null,"barrier":null,"playground":null,"playground:theme":null,"survey:date":null,"place":null,"start_date":null,"surface":null,"amenity":null,"area":null,"denomination":null,"fax":null,"fence_type":null,"grades":null,"mascot":null,"name:en":null,"name:etymology:wikidata":null,"phone":null,"religion":null,"layer":"playgrounds_point","path":"C:/Users/PMLS/Downloads/Hackathon work/playgrounds_point.gpkg"},"geometry":{"type":"Point","coordinates":[-74.059007521428583,40.71939945]}},
{"type":"Feature","properties":{"fid":508,"id":"way/469597847","@id":"way/469597847","bench":null,"bin":null,"bus":null,"construction":null,"covered":null,"description":null,"fixme":null,"gtfs:stop_id":null,"gtfs_stop_code":null,"highway":null,"level":null,"lit":null,"local_ref":null,"name":null,"network":null,"network:short":null,"network:wikidata":null,"network:wikipedia":null,"note":null,"operator":null,"passenger_information_display":null,"public_transport":null,"ref":null,"route_ref":null,"shelter":null,"tactile_paving":null,"wheelchair":null,"asset_type":"Playground","addr:city":null,"addr:housenumber":null,"addr:postcode":null,"addr:state":null,"addr:street":null,"addr:street:corner":null,"alt_name":null,"boundary":null,"ele":null,"gnis:feature_id":null,"leisure":"playground","name:es":null,"opening_hours":null,"protect_class":null,"protection_title":null,"source":null,"type":null,"website":null,"wikidata":null,"wikipedia":null,"access":null,"barrier":null,"playground":null,"playground:theme":null,"survey:date":null,"place":null,"start_date":null,"surface":null,"amenity":null,"area":null,"denomination":null,"fax":null,"fence_type":null,"grades":null,"mascot":null,"name:en":null,"name:etymology:wikidata":null,"phone":null,"religion":null,"layer":"playgrounds_point","path":"C:/Users/PMLS/Downloads/Hackathon work/playgrounds_point.gpkg"},"geometry":{"type":"Point","coordinates":[-74.058504064901797,40.71925125]}},
{"type":"Feature","properties":{"fid":509,"id":"way/469610934","@id":"way/469610934","bench":null,"bin":null,"bus":null,"construction":null,"covered":null,"description":null,"fixme":null,"gtfs:stop_id":null,"gtfs_stop_code":null,"highway":null,"level":null,"lit":null,"local_ref":null,"name":null,"network":null,"network:short":null,"network:wikidata":null,"network:wikipedia":null,"note":null,"operator":null,"passenger_information_display":null,"public_transport":null,"ref":null,"route_ref":null,"shelter":null,"tactile_paving":null,"wheelchair":null,"asset_type":"Playground","addr:city":null,"addr:housenumber":null,"addr:postcode":null,"addr:state":null,"addr:street":null,"addr:street:corner":null,"alt_name":null,"boundary":null,"ele":null,"gnis:feature_id":null,"leisure":"playground","name:es":null,"opening_hours":null,"protect_class":null,"protection_title":null,"source":null,"type":null,"website":null,"wikidata":null,"wikipedia":null,"access":null,"barrier":null,"playground":null,"playground:theme":null,"survey:date":null,"place":null,"start_date":null,"surface":null,"amenity":null,"area":null,"denomination":null,"fax":null,"fence_type":null,"grades":null,"mascot":null,"name:en":null,"name:etymology:wikidata":null,"phone":null,"religion":null,"layer":"playgrounds_point","path":"C:/Users/PMLS/Downloads/Hackathon work/playgrounds_point.gpkg"},"geometry":{"type":"Point","coordinates":[-74.054418287201713,40.731232]}},
{"type":"Feature","properties":{"fid":510,"id":"way/469610935","@id":"way/469610935","bench":null,"bin":null,"bus":null,"construction":null,"covered":null,"description":null,"fixme":null,"gtfs:stop_id":null,"gtfs_stop_code":null,"highway":null,"level":null,"lit":null,"local_ref":null,"name":null,"network":null,"network:short":null,"network:wikidata":null,"network:wikipedia":null,"note":null,"operator":null,"passenger_information_display":null,"public_transport":null,"ref":null,"route_ref":null,"shelter":null,"tactile_paving":null,"wheelchair":null,"asset_type":"Playground","addr:city":null,"addr:housenumber":null,"addr:postcode":null,"addr:state":null,"addr:street":null,"addr:street:corner":null,"alt_name":null,"boundary":null,"ele":null,"gnis:feature_id":null,"leisure":"playground","name:es":null,"opening_hours":null,"protect_class":null,"protection_title":null,"source":null,"type":null,"website":null,"wikidata":null,"wikipedia":null,"access":null,"barrier":null,"playground":null,"playground:theme":null,"survey:date":null,"place":null,"start_date":null,"surface":null,"amenity":null,"area":null,"denomination":null,"fax":null,"fence_type":null,"grades":null,"mascot":null,"name:en":null,"name:etymology:wikidata":null,"phone":null,"religion":null,"layer":"playgrounds_point","path":"C:/Users/PMLS/Downloads/Hackathon work/playgrounds_point.gpkg"},"geometry":{"type":"Point","coordinates":[-74.054175954155852,40.7310471]}},
{"type":"Feature","properties":{"fid":511,"id":"way/469610947","@id":"way/469610947","bench":null,"bin":null,"bus":null,"construction":null,"covered":null,"description":null,"fixme":null,"gtfs:stop_id":null,"gtfs_stop_code":null,"highway":null,"level":null,"lit":null,"local_ref":null,"name":null,"network":null,"network:short":null,"network:wikidata":null,"network:wikipedia":null,"note":null,"operator":null,"passenger_information_display":null,"public_transport":null,"ref":null,"route_ref":null,"shelter":null,"tactile_paving":null,"wheelchair":null,"asset_type":"Playground","addr:city":null,"addr:housenumber":null,"addr:postcode":null,"addr:state":null,"addr:street":null,"addr:street:corner":null,"alt_name":null,"boundary":null,"ele":null,"gnis:feature_id":null,"leisure":"playground","name:es":null,"opening_hours":null,"protect_class":null,"protection_title":null,"source":null,"type":null,"website":null,"wikidata":null,"wikipedia":null,"access":null,"barrier":null,"playground":null,"playground:theme":null,"survey:date":null,"place":null,"start_date":null,"surface":null,"amenity":null,"area":null,"denomination":null,"fax":null,"fence_type":null,"grades":null,"mascot":null,"name:en":null,"name:etymology:wikidata":null,"phone":null,"religion":null,"layer":"playgrounds_point","path":"C:/Users/PMLS/Downloads/Hackathon work/playgrounds_point.gpkg"},"geometry":{"type":"Point","coordinates":[-74.054287776742427,40.7311302]}},
{"type":"Feature","properties":{"fid":512,"id":"way/470446463","@id":"way/470446463","bench":null,"bin":null,"bus":null,"construction":null,"covered":null,"description":null,"fixme":null,"gtfs:stop_id":null,"gtfs_stop_code":null,"highway":null,"level":null,"lit":null,"local_ref":null,"name":null,"network":null,"network:short":null,"network:wikidata":null,"network:wikipedia":null,"note":null,"operator":null,"passenger_information_display":null,"public_transport":null,"ref":null,"route_ref":null,"shelter":null,"tactile_paving":null,"wheelchair":null,"asset_type":"Playground","addr:city":null,"addr:housenumber":null,"addr:postcode":null,"addr:state":null,"addr:street":null,"addr:street:corner":null,"alt_name":null,"boundary":null,"ele":null,"gnis:feature_id":null,"leisure":"playground","name:es":null,"opening_hours":null,"protect_class":null,"protection_title":null,"source":null,"type":null,"website":null,"wikidata":null,"wikipedia":null,"access":null,"barrier":null,"playground":null,"playground:theme":null,"survey:date":null,"place":null,"start_date":null,"surface":null,"amenity":null,"area":null,"denomination":null,"fax":null,"fence_type":null,"grades":null,"mascot":null,"name:en":null,"name:etymology:wikidata":null,"phone":null,"religion":null,"layer":"playgrounds_point","path":"C:/Users/PMLS/Downloads/Hackathon work/playgrounds_point.gpkg"},"geometry":{"type":"Point","coordinates":[-74.045231821653786,40.72798165]}},
{"type":"Feature","properties":{"fid":513,"id":"way/576931759","@id":"way/576931759","bench":null,"bin":null,"bus":null,"construction":null,"covered":null,"description":null,"fixme":null,"gtfs:stop_id":null,"gtfs_stop_code":null,"highway":null,"level":null,"lit":null,"local_ref":null,"name":null,"network":null,"network:short":null,"network:wikidata":null,"network:wikipedia":null,"note":null,"operator":null,"passenger_information_display":null,"public_transport":null,"ref":null,"route_ref":null,"shelter":null,"tactile_paving":null,"wheelchair":null,"asset_type":"Playground","addr:city":null,"addr:housenumber":null,"addr:postcode":null,"addr:state":null,"addr:street":null,"addr:street:corner":null,"alt_name":null,"boundary":null,"ele":null,"gnis:feature_id":null,"leisure":"playground","name:es":null,"opening_hours":null,"protect_class":null,"protection_title":null,"source":null,"type":null,"website":null,"wikidata":null,"wikipedia":null,"access":null,"barrier":null,"playground":null,"playground:theme":null,"survey:date":null,"place":null,"start_date":null,"surface":null,"amenity":null,"area":null,"denomination":null,"fax":null,"fence_type":null,"grades":null,"mascot":null,"name:en":null,"name:etymology:wikidata":null,"phone":null,"religion":null,"layer":"playgrounds_point","path":"C:/Users/PMLS/Downloads/Hackathon work/playgrounds_point.gpkg"},"geometry":{"type":"Point","coordinates":[-74.062324319537254,40.71414275]}},
{"type":"Feature","properties":{"fid":514,"id":"way/576931761","@id":"way/576931761","bench":null,"bin":null,"bus":null,"construction":null,"covered":null,"description":null,"fixme":null,"gtfs:stop_id":null,"gtfs_stop_code":null,"highway":null,"level":null,"lit":null,"local_ref":null,"name":null,"network":null,"network:short":null,"network:wikidata":null,"network:wikipedia":null,"note":null,"operator":null,"passenger_information_display":null,"public_transport":null,"ref":null,"route_ref":null,"shelter":null,"tactile_paving":null,"wheelchair":null,"asset_type":"Playground","addr:city":null,"addr:housenumber":null,"addr:postcode":null,"addr:state":null,"addr:street":null,"addr:street:corner":null,"alt_name":null,"boundary":null,"ele":null,"gnis:feature_id":null,"leisure":"playground","name:es":null,"opening_hours":null,"protect_class":null,"protection_title":null,"source":null,"type":null,"website":null,"wikidata":null,"wikipedia":null,"access":null,"barrier":null,"playground":"water_sprayer","playground:theme":null,"survey:date":null,"place":null,"start_date":null,"surface":null,"amenity":null,"area":null,"denomination":null,"fax":null,"fence_type":null,"grades":null,"mascot":null,"name:en":null,"name:etymology:wikidata":null,"phone":null,"religion":null,"layer":"playgrounds_point","path":"C:/Users/PMLS/Downloads/Hackathon work/playgrounds_point.gpkg"},"geometry":{"type":"Point","coordinates":[-74.062567909508203,40.71400615]}},
{"type":"Feature","properties":{"fid":515,"id":"way/576931763","@id":"way/576931763","bench":null,"bin":null,"bus":null,"construction":null,"covered":null,"description":null,"fixme":null,"gtfs:stop_id":null,"gtfs_stop_code":null,"highway":null,"level":null,"lit":null,"local_ref":null,"name":null,"network":null,"network:short":null,"network:wikidata":null,"network:wikipedia":null,"note":null,"operator":null,"passenger_information_display":null,"public_transport":null,"ref":null,"route_ref":null,"shelter":null,"tactile_paving":null,"wheelchair":null,"asset_type":"Playground","addr:city":null,"addr:housenumber":null,"addr:postcode":null,"addr:state":null,"addr:street":null,"addr:street:corner":null,"alt_name":null,"boundary":null,"ele":null,"gnis:feature_id":null,"leisure":"playground","name:es":null,"opening_hours":null,"protect_class":null,"protection_title":null,"source":null,"type":null,"website":null,"wikidata":null,"wikipedia":null,"access":null,"barrier":null,"playground":null,"playground:theme":null,"survey:date":null,"place":null,"start_date":null,"surface":null,"amenity":null,"area":null,"denomination":null,"fax":null,"fence_type":null,"grades":null,"mascot":null,"name:en":null,"name:etymology:wikidata":null,"phone":null,"religion":null,"layer":"playgrounds_point","path":"C:/Users/PMLS/Downloads/Hackathon work/playgrounds_point.gpkg"},"geometry":{"type":"Point","coordinates":[-74.063287700746272,40.7145256]}},
{"type":"Feature","properties":{"fid":516,"id":"way/581018079","@id":"way/581018079","bench":null,"bin":null,"bus":null,"construction":null,"covered":null,"description":null,"fixme":null,"gtfs:stop_id":null,"gtfs_stop_code":null,"highway":null,"level":null,"lit":null,"local_ref":null,"name":null,"network":null,"network:short":null,"network:wikidata":null,"network:wikipedia":null,"note":null,"operator":null,"passenger_information_display":null,"public_transport":null,"ref":null,"route_ref":null,"shelter":null,"tactile_paving":null,"wheelchair":null,"asset_type":"Playground","addr:city":null,"addr:housenumber":null,"addr:postcode":null,"addr:state":null,"addr:street":null,"addr:street:corner":null,"alt_name":null,"boundary":null,"ele":null,"gnis:feature_id":null,"leisure":"playground","name:es":null,"opening_hours":null,"protect_class":null,"protection_title":null,"source":null,"type":null,"website":null,"wikidata":null,"wikipedia":null,"access":null,"barrier":null,"playground":null,"playground:theme":null,"survey:date":null,"place":null,"start_date":null,"surface":null,"amenity":null,"area":null,"denomination":null,"fax":null,"fence_type":null,"grades":null,"mascot":null,"name:en":null,"name:etymology:wikidata":null,"phone":null,"religion":null,"layer":"playgrounds_point","path":"C:/Users/PMLS/Downloads/Hackathon work/playgrounds_point.gpkg"},"geometry":{"type":"Point","coordinates":[-74.073944896827797,40.72523175]}},
{"type":"Feature","properties":{"fid":517,"id":"way/586108104","@id":"way/586108104","bench":null,"bin":null,"bus":null,"construction":null,"covered":null,"description":null,"fixme":null,"gtfs:stop_id":null,"gtfs_stop_code":null,"highway":null,"level":null,"lit":null,"local_ref":null,"name":null,"network":null,"network:short":null,"network:wikidata":null,"network:wikipedia":null,"note":null,"operator":null,"passenger_information_display":null,"public_transport":null,"ref":null,"route_ref":null,"shelter":null,"tactile_paving":null,"wheelchair":null,"asset_type":"Playground","addr:city":null,"addr:housenumber":null,"addr:postcode":null,"addr:state":null,"addr:street":null,"addr:street:corner":null,"alt_name":null,"boundary":null,"ele":null,"gnis:feature_id":null,"leisure":"playground","name:es":null,"opening_hours":null,"protect_class":null,"protection_title":null,"source":null,"type":null,"website":null,"wikidata":null,"wikipedia":null,"access":null,"barrier":null,"playground":null,"playground:theme":null,"survey:date":null,"place":null,"start_date":null,"surface":null,"amenity":null,"area":null,"denomination":null,"fax":null,"fence_type":null,"grades":null,"mascot":null,"name:en":null,"name:etymology:wikidata":null,"phone":null,"religion":null,"layer":"playgrounds_point","path":"C:/Users/PMLS/Downloads/Hackathon work/playgrounds_point.gpkg"},"geometry":{"type":"Point","coordinates":[-74.106697521724129,40.71201795]}},
{"type":"Feature","properties":{"fid":518,"id":"way/741915620","@id":"way/741915620","bench":null,"bin":null,"bus":null,"construction":null,"covered":null,"description":null,"fixme":null,"gtfs:stop_id":null,"gtfs_stop_code":null,"highway":null,"level":null,"lit":null,"local_ref":null,"name":null,"network":null,"network:short":null,"network:wikidata":null,"network:wikipedia":null,"note":null,"operator":null,"passenger_information_display":null,"public_transport":null,"ref":null,"route_ref":null,"shelter":null,"tactile_paving":null,"wheelchair":null,"asset_type":"Playground","addr:city":null,"addr:housenumber":null,"addr:postcode":null,"addr:state":null,"addr:street":null,"addr:street:corner":null,"alt_name":null,"boundary":null,"ele":null,"gnis:feature_id":null,"leisure":"playground","name:es":null,"opening_hours":null,"protect_class":null,"protection_title":null,"source":null,"type":null,"website":null,"wikidata":null,"wikipedia":null,"access":"yes","barrier":null,"playground":null,"playground:theme":null,"survey:date":null,"place":null,"start_date":null,"surface":null,"amenity":null,"area":null,"denomination":null,"fax":null,"fence_type":null,"grades":null,"mascot":null,"name:en":null,"name:etymology:wikidata":null,"phone":null,"religion":null,"layer":"playgrounds_point","path":"C:/Users/PMLS/Downloads/Hackathon work/playgrounds_point.gpkg"},"geometry":{"type":"Point","coordinates":[-74.046639154657356,40.71774055]}},
{"type":"Feature","properties":{"fid":519,"id":"way/1051663928","@id":"way/1051663928","bench":null,"bin":null,"bus":null,"construction":null,"covered":null,"description":null,"fixme":null,"gtfs:stop_id":null,"gtfs_stop_code":null,"highway":null,"level":null,"lit":null,"local_ref":null,"name":null,"network":null,"network:short":null,"network:wikidata":null,"network:wikipedia":null,"note":null,"operator":null,"passenger_information_display":null,"public_transport":null,"ref":null,"route_ref":null,"shelter":null,"tactile_paving":null,"wheelchair":null,"asset_type":"Playground","addr:city":null,"addr:housenumber":null,"addr:postcode":null,"addr:state":null,"addr:street":null,"addr:street:corner":null,"alt_name":null,"boundary":null,"ele":null,"gnis:feature_id":null,"leisure":"playground","name:es":null,"opening_hours":null,"protect_class":null,"protection_title":null,"source":null,"type":null,"website":null,"wikidata":null,"wikipedia":null,"access":null,"barrier":null,"playground":null,"playground:theme":"playground","survey:date":null,"place":null,"start_date":null,"surface":null,"amenity":null,"area":null,"denomination":null,"fax":null,"fence_type":null,"grades":null,"mascot":null,"name:en":null,"name:etymology:wikidata":null,"phone":null,"religion":null,"layer":"playgrounds_point","path":"C:/Users/PMLS/Downloads/Hackathon work/playgrounds_point.gpkg"},"geometry":{"type":"Point","coordinates":[-74.044854444976082,40.714935]}},
{"type":"Feature","properties":{"fid":520,"id":"way/1093180997","@id":"way/1093180997","bench":null,"bin":null,"bus":null,"construction":null,"covered":null,"description":null,"fixme":null,"gtfs:stop_id":null,"gtfs_stop_code":null,"highway":null,"level":null,"lit":null,"local_ref":null,"name":null,"network":null,"network:short":null,"network:wikidata":null,"network:wikipedia":null,"note":null,"operator":null,"passenger_information_display":null,"public_transport":null,"ref":null,"route_ref":null,"shelter":null,"tactile_paving":null,"wheelchair":null,"asset_type":"Playground","addr:city":null,"addr:housenumber":null,"addr:postcode":null,"addr:state":null,"addr:street":null,"addr:street:corner":null,"alt_name":null,"boundary":null,"ele":null,"gnis:feature_id":null,"leisure":"playground","name:es":null,"opening_hours":null,"protect_class":null,"protection_title":null,"source":null,"type":null,"website":null,"wikidata":null,"wikipedia":null,"access":null,"barrier":null,"playground":null,"playground:theme":null,"survey:date":null,"place":null,"start_date":null,"surface":null,"amenity":null,"area":null,"denomination":null,"fax":null,"fence_type":null,"grades":null,"mascot":null,"name:en":null,"name:etymology:wikidata":null,"phone":null,"religion":null,"layer":"playgrounds_point","path":"C:/Users/PMLS/Downloads/Hackathon work/playgrounds_point.gpkg"},"geometry":{"type":"Point","coordinates":[-74.081560766846167,40.72249585]}},
{"type":"Feature","properties":{"fid":521,"id":"way/1250443761","@id":"way/1250443761","bench":null,"bin":null,"bus":null,"construction":null,"covered":null,"description":null,"fixme":null,"gtfs:stop_id":null,"gtfs_stop_code":null,"highway":null,"level":null,"lit":null,"local_ref":null,"name":null,"network":null,"network:short":null,"network:wikidata":null,"network:wikipedia":null,"note":null,"operator":null,"passenger_information_display":null,"public_transport":null,"ref":null,"route_ref":null,"shelter":null,"tactile_paving":null,"wheelchair":null,"asset_type":"Playground","addr:city":null,"addr:housenumber":null,"addr:postcode":null,"addr:state":null,"addr:street":null,"addr:street:corner":null,"alt_name":null,"boundary":null,"ele":null,"gnis:feature_id":null,"leisure":"playground","name:es":null,"opening_hours":null,"protect_class":null,"protection_title":null,"source":null,"type":null,"website":null,"wikidata":null,"wikipedia":null,"access":null,"barrier":null,"playground":null,"playground:theme":null,"survey:date":null,"place":null,"start_date":null,"surface":null,"amenity":null,"area":null,"denomination":null,"fax":null,"fence_type":null,"grades":null,"mascot":null,"name:en":null,"name:etymology:wikidata":null,"phone":null,"religion":null,"layer":"playgrounds_point","path":"C:/Users/PMLS/Downloads/Hackathon work/playgrounds_point.gpkg"},"geometry":{"type":"Point","coordinates":[-74.083308819262243,40.7293664]}},
{"type":"Feature","properties":{"fid":522,"id":"way/1279587375","@id":"way/1279587375","bench":null,"bin":null,"bus":null,"construction":null,"covered":null,"description":null,"fixme":null,"gtfs:stop_id":null,"gtfs_stop_code":null,"highway":null,"level":null,"lit":null,"local_ref":null,"name":null,"network":null,"network:short":null,"network:wikidata":null,"network:wikipedia":null,"note":null,"operator":null,"passenger_information_display":null,"public_transport":null,"ref":null,"route_ref":null,"shelter":null,"tactile_paving":null,"wheelchair":null,"asset_type":"Playground","addr:city":null,"addr:housenumber":null,"addr:postcode":null,"addr:state":null,"addr:street":null,"addr:street:corner":null,"alt_name":null,"boundary":null,"ele":null,"gnis:feature_id":null,"leisure":"playground","name:es":null,"opening_hours":null,"protect_class":null,"protection_title":null,"source":null,"type":null,"website":null,"wikidata":null,"wikipedia":null,"access":null,"barrier":null,"playground":null,"playground:theme":null,"survey:date":null,"place":null,"start_date":null,"surface":null,"amenity":null,"area":null,"denomination":null,"fax":null,"fence_type":null,"grades":null,"mascot":null,"name:en":null,"name:etymology:wikidata":null,"phone":null,"religion":null,"layer":"playgrounds_point","path":"C:/Users/PMLS/Downloads/Hackathon work/playgrounds_point.gpkg"},"geometry":{"type":"Point","coordinates":[-74.070157359189722,40.71453925]}},
{"type":"Feature","properties":{"fid":523,"id":"way/1279587376","@id":"way/1279587376","bench":null,"bin":null,"bus":null,"construction":null,"covered":null,"description":null,"fixme":null,"gtfs:stop_id":null,"gtfs_stop_code":null,"highway":null,"level":null,"lit":null,"local_ref":null,"name":null,"network":null,"network:short":null,"network:wikidata":null,"network:wikipedia":null,"note":null,"operator":null,"passenger_information_display":null,"public_transport":null,"ref":null,"route_ref":null,"shelter":null,"tactile_paving":null,"wheelchair":null,"asset_type":"Playground","addr:city":null,"addr:housenumber":null,"addr:postcode":null,"addr:state":null,"addr:street":null,"addr:street:corner":null,"alt_name":null,"boundary":null,"ele":null,"gnis:feature_id":null,"leisure":"playground","name:es":null,"opening_hours":null,"protect_class":null,"protection_title":null,"source":null,"type":null,"website":null,"wikidata":null,"wikipedia":null,"access":null,"barrier":null,"playground":null,"playground:theme":null,"survey:date":null,"place":null,"start_date":null,"surface":null,"amenity":null,"area":null,"denomination":null,"fax":null,"fence_type":null,"grades":null,"mascot":null,"name:en":null,"name:etymology:wikidata":null,"phone":null,"religion":null,"layer":"playgrounds_point","path":"C:/Users/PMLS/Downloads/Hackathon work/playgrounds_point.gpkg"},"geometry":{"type":"Point","coordinates":[-74.070370900520118,40.71473945]}},
{"type":"Feature","properties":{"fid":524,"id":"way/1391249471","@id":"way/1391249471","bench":null,"bin":null,"bus":null,"construction":null,"covered":null,"description":null,"fixme":null,"gtfs:stop_id":null,"gtfs_stop_code":null,"highway":null,"level":null,"lit":null,"local_ref":null,"name":null,"network":null,"network:short":null,"network:wikidata":null,"network:wikipedia":null,"note":null,"operator":null,"passenger_information_display":null,"public_transport":null,"ref":null,"route_ref":null,"shelter":null,"tactile_paving":null,"wheelchair":null,"asset_type":"Playground","addr:city":null,"addr:housenumber":null,"addr:postcode":null,"addr:state":null,"addr:street":null,"addr:street:corner":null,"alt_name":null,"boundary":null,"ele":null,"gnis:feature_id":null,"leisure":"playground","name:es":null,"opening_hours":null,"protect_class":null,"protection_title":null,"source":null,"type":null,"website":null,"wikidata":null,"wikipedia":null,"access":null,"barrier":null,"playground":null,"playground:theme":null,"survey:date":null,"place":null,"start_date":null,"surface":null,"amenity":null,"area":null,"denomination":null,"fax":null,"fence_type":null,"grades":null,"mascot":null,"name:en":null,"name:etymology:wikidata":null,"phone":null,"religion":null,"layer":"playgrounds_point","path":"C:/Users/PMLS/Downloads/Hackathon work/playgrounds_point.gpkg"},"geometry":{"type":"Point","coordinates":[-74.063980470860074,40.6993683]}},
{"type":"Feature","properties":{"fid":525,"id":"way/582332649","@id":"way/582332649","bench":null,"bin":null,"bus":null,"construction":null,"covered":null,"description":null,"fixme":null,"gtfs:stop_id":null,"gtfs_stop_code":null,"highway":null,"level":null,"lit":"yes","local_ref":null,"name":"PATH Plaza","network":null,"network:short":null,"network:wikidata":null,"network:wikipedia":null,"note":null,"operator":null,"passenger_information_display":null,"public_transport":null,"ref":null,"route_ref":null,"shelter":null,"tactile_paving":null,"wheelchair":null,"asset_type":"Public Square","addr:city":null,"addr:housenumber":null,"addr:postcode":null,"addr:state":null,"addr:street":null,"addr:street:corner":null,"alt_name":null,"boundary":null,"ele":null,"gnis:feature_id":null,"leisure":null,"name:es":null,"opening_hours":null,"protect_class":null,"protection_title":null,"source":null,"type":null,"website":null,"wikidata":null,"wikipedia":null,"access":null,"barrier":null,"playground":null,"playground:theme":null,"survey:date":null,"place":"square","start_date":null,"surface":"concrete","amenity":null,"area":null,"denomination":null,"fax":null,"fence_type":null,"grades":null,"mascot":null,"name:en":null,"name:etymology:wikidata":null,"phone":null,"religion":null,"layer":"Public Square_points","path":"C:/Users/PMLS/Downloads/Hackathon work/Public Square_points.gpkg"},"geometry":{"type":"Point","coordinates":[-74.063509557032972,40.73189265]}},
{"type":"Feature","properties":{"fid":526,"id":"way/1283833151","@id":"way/1283833151","bench":null,"bin":null,"bus":null,"construction":null,"covered":null,"description":null,"fixme":null,"gtfs:stop_id":null,"gtfs_stop_code":null,"highway":null,"level":null,"lit":null,"local_ref":null,"name":"PATH Plaza","network":null,"network:short":null,"network:wikidata":null,"network:wikipedia":null,"note":null,"operator":null,"passenger_information_display":null,"public_transport":null,"ref":null,"route_ref":null,"shelter":null,"tactile_paving":null,"wheelchair":null,"asset_type":"Public Square","addr:city":null,"addr:housenumber":null,"addr:postcode":null,"addr:state":null,"addr:street":null,"addr:street:corner":null,"alt_name":null,"boundary":null,"ele":null,"gnis:feature_id":null,"leisure":null,"name:es":null,"opening_hours":null,"protect_class":null,"protection_title":null,"source":null,"type":null,"website":null,"wikidata":null,"wikipedia":null,"access":null,"barrier":null,"playground":null,"playground:theme":null,"survey:date":null,"place":"square","start_date":null,"surface":"concrete","amenity":null,"area":null,"denomination":null,"fax":null,"fence_type":null,"grades":null,"mascot":null,"name:en":null,"name:etymology:wikidata":null,"phone":null,"religion":null,"layer":"Public Square_points","path":"C:/Users/PMLS/Downloads/Hackathon work/Public Square_points.gpkg"},"geometry":{"type":"Point","coordinates":[-74.063166739293337,40.7323933]}},
{"type":"Feature","properties":{"fid":527,"id":"way/1334165518","@id":"way/1334165518","bench":null,"bin":null,"bus":null,"construction":null,"covered":null,"description":null,"fixme":null,"gtfs:stop_id":null,"gtfs_stop_code":null,"highway":null,"level":null,"lit":null,"local_ref":null,"name":"Bergen Square","network":null,"network:short":null,"network:wikidata":null,"network:wikipedia":null,"note":null,"operator":null,"passenger_information_display":null,"public_transport":null,"ref":null,"route_ref":null,"shelter":null,"tactile_paving":null,"wheelchair":null,"asset_type":"Public Square","addr:city":null,"addr:housenumber":null,"addr:postcode":null,"addr:state":null,"addr:street":null,"addr:street:corner":null,"alt_name":null,"boundary":null,"ele":null,"gnis:feature_id":null,"leisure":null,"name:es":null,"opening_hours":null,"protect_class":null,"protection_title":null,"source":null,"type":null,"website":null,"wikidata":null,"wikipedia":null,"access":null,"barrier":null,"playground":null,"playground:theme":null,"survey:date":null,"place":"square","start_date":"2024-07-24","surface":"paving_stones","amenity":null,"area":null,"denomination":null,"fax":null,"fence_type":null,"grades":null,"mascot":null,"name:en":null,"name:etymology:wikidata":null,"phone":null,"religion":null,"layer":"Public Square_points","path":"C:/Users/PMLS/Downloads/Hackathon work/Public Square_points.gpkg"},"geometry":{"type":"Point","coordinates":[-74.065918655063825,40.72964775]}},
{"type":"Feature","properties":{"fid":528,"id":"way/1334633122","@id":"way/1334633122","bench":null,"bin":null,"bus":null,"construction":null,"covered":null,"description":null,"fixme":null,"gtfs:stop_id":null,"gtfs_stop_code":null,"highway":null,"level":null,"lit":null,"local_ref":null,"name":"Bergen Square","network":null,"network:short":null,"network:wikidata":null,"network:wikipedia":null,"note":null,"operator":null,"passenger_information_display":null,"public_transport":null,"ref":null,"route_ref":null,"shelter":null,"tactile_paving":null,"wheelchair":null,"asset_type":"Public Square","addr:city":null,"addr:housenumber":null,"addr:postcode":null,"addr:state":null,"addr:street":null,"addr:street:corner":null,"alt_name":null,"boundary":null,"ele":null,"gnis:feature_id":null,"leisure":null,"name:es":null,"opening_hours":null,"protect_class":null,"protection_title":null,"source":null,"type":null,"website":null,"wikidata":null,"wikipedia":null,"access":null,"barrier":null,"playground":null,"playground:theme":null,"survey:date":null,"place":"square","start_date":"2024-07-24","surface":"paving_stones","amenity":null,"area":null,"denomination":null,"fax":null,"fence_type":null,"grades":null,"mascot":null,"name:en":null,"name:etymology:wikidata":null,"phone":null,"religion":null,"layer":"Public Square_points","path":"C:/Users/PMLS/Downloads/Hackathon work/Public Square_points.gpkg"},"geometry":{"type":"Point","coordinates":[-74.066258784899588,40.72938085]}},
{"type":"Feature","properties":{"fid":529,"id":"node/357724124","@id":"node/357724124","bench":null,"bin":null,"bus":null,"construction":null,"covered":null,"description":null,"fixme":null,"gtfs:stop_id":null,"gtfs_stop_code":null,"highway":null,"level":null,"lit":null,"local_ref":null,"name":"New Jersey City University","network":null,"network:short":null,"network:wikidata":null,"network:wikipedia":null,"note":null,"operator":null,"passenger_information_display":null,"public_transport":null,"ref":null,"route_ref":null,"shelter":null,"tactile_paving":null,"wheelchair":null,"asset_type":"School","addr:city":null,"addr:housenumber":null,"addr:postcode":null,"addr:state":null,"addr:street":null,"addr:street:corner":null,"alt_name":null,"boundary":null,"ele":"19","gnis:feature_id":"877452","leisure":null,"name:es":null,"opening_hours":null,"protect_class":null,"protection_title":null,"source":null,"type":null,"website":null,"wikidata":null,"wikipedia":null,"access":null,"barrier":null,"playground":null,"playground:theme":null,"survey:date":null,"place":null,"start_date":null,"surface":null,"amenity":"school","area":null,"denomination":null,"fax":null,"fence_type":null,"grades":null,"mascot":null,"name:en":null,"name:etymology:wikidata":null,"phone":null,"religion":null,"layer":"Schools_points","path":"C:/Users/PMLS/Downloads/Hackathon work/Schools_points.gpkg"},"geometry":{"type":"Point","coordinates":[-74.0862485,40.7098181]}},
{"type":"Feature","properties":{"fid":530,"id":"node/357724743","@id":"node/357724743","bench":null,"bin":null,"bus":null,"construction":null,"covered":null,"description":null,"fixme":null,"gtfs:stop_id":null,"gtfs_stop_code":null,"highway":null,"level":null,"lit":null,"local_ref":null,"name":"Lincoln High School","network":null,"network:short":null,"network:wikidata":null,"network:wikipedia":null,"note":null,"operator":null,"passenger_information_display":null,"public_transport":null,"ref":null,"route_ref":null,"shelter":null,"tactile_paving":null,"wheelchair":null,"asset_type":"School","addr:city":null,"addr:housenumber":null,"addr:postcode":null,"addr:state":null,"addr:street":null,"addr:street:corner":null,"alt_name":null,"boundary":null,"ele":"24","gnis:feature_id":"877762","leisure":null,"name:es":null,"opening_hours":null,"protect_class":null,"protection_title":null,"source":null,"type":null,"website":null,"wikidata":"Q6550724","wikipedia":null,"access":null,"barrier":null,"playground":null,"playground:theme":null,"survey:date":null,"place":null,"start_date":null,"surface":null,"amenity":"school","area":null,"denomination":null,"fax":null,"fence_type":null,"grades":null,"mascot":null,"name:en":null,"name:etymology:wikidata":null,"phone":null,"religion":null,"layer":"Schools_points","path":"C:/Users/PMLS/Downloads/Hackathon work/Schools_points.gpkg"},"geometry":{"type":"Point","coordinates":[-74.0698637,40.7259352]}},
{"type":"Feature","properties":{"fid":531,"id":"node/357725409","@id":"node/357725409","bench":null,"bin":null,"bus":null,"construction":null,"covered":null,"description":null,"fixme":null,"gtfs:stop_id":null,"gtfs_stop_code":null,"highway":null,"level":null,"lit":null,"local_ref":null,"name":"Marist High School","network":null,"network:short":null,"network:wikidata":null,"network:wikipedia":null,"note":null,"operator":null,"passenger_information_display":null,"public_transport":null,"ref":null,"route_ref":null,"shelter":null,"tactile_paving":null,"wheelchair":null,"asset_type":"School","addr:city":null,"addr:housenumber":null,"addr:postcode":null,"addr:state":null,"addr:street":null,"addr:street:corner":null,"alt_name":null,"boundary":null,"ele":"8","gnis:feature_id":"878122","leisure":null,"name:es":null,"opening_hours":null,"protect_class":null,"protection_title":null,"source":null,"type":null,"website":null,"wikidata":"Q6765679","wikipedia":null,"access":null,"barrier":null,"playground":null,"playground:theme":null,"survey:date":null,"place":null,"start_date":null,"surface":null,"amenity":"school","area":null,"denomination":null,"fax":null,"fence_type":null,"grades":null,"mascot":null,"name:en":null,"name:etymology:wikidata":null,"phone":null,"religion":null,"layer":"Schools_points","path":"C:/Users/PMLS/Downloads/Hackathon work/Schools_points.gpkg"},"geometry":{"type":"Point","coordinates":[-74.1060475,40.6904237]}},
{"type":"Feature","properties":{"fid":532,"id":"node/357726931","@id":"node/357726931","bench":null,"bin":null,"bus":null,"construction":null,"covered":null,"description":null,"fixme":null,"gtfs:stop_id":null,"gtfs_stop_code":null,"highway":null,"level":null,"lit":null,"local_ref":null,"name":"Our Lady of Mercy School","network":null,"network:short":null,"network:wikidata":null,"network:wikipedia":null,"note":null,"operator":null,"passenger_information_display":null,"public_transport":null,"ref":null,"route_ref":null,"shelter":null,"tactile_paving":null,"wheelchair":null,"asset_type":"School","addr:city":null,"addr:housenumber":null,"addr:postcode":null,"addr:state":null,"addr:street":null,"addr:street:corner":null,"alt_name":null,"boundary":null,"ele":"4","gnis:feature_id":"879045","leisure":null,"name:es":null,"opening_hours":null,"protect_class":null,"protection_title":null,"source":null,"type":null,"website":null,"wikidata":null,"wikipedia":null,"access":null,"barrier":null,"playground":null,"playground:theme":null,"survey:date":null,"place":null,"start_date":null,"surface":null,"amenity":"school","area":null,"denomination":null,"fax":null,"fence_type":null,"grades":null,"mascot":null,"name:en":null,"name:etymology:wikidata":null,"phone":null,"religion":null,"layer":"Schools_points","path":"C:/Users/PMLS/Downloads/Hackathon work/Schools_points.gpkg"},"geometry":{"type":"Point","coordinates":[-74.099031,40.7014912]}},
{"type":"Feature","properties":{"fid":533,"id":"node/357728226","@id":"node/357728226","bench":null,"bin":null,"bus":null,"construction":null,"covered":null,"description":null,"fixme":null,"gtfs:stop_id":null,"gtfs_stop_code":null,"highway":null,"level":null,"lit":null,"local_ref":null,"name":"Sacred Heart School","network":null,"network:short":null,"network:wikidata":null,"network:wikipedia":null,"note":null,"operator":null,"passenger_information_display":null,"public_transport":null,"ref":null,"route_ref":null,"shelter":null,"tactile_paving":null,"wheelchair":null,"asset_type":"School","addr:city":null,"addr:housenumber":null,"addr:postcode":null,"addr:state":null,"addr:street":null,"addr:street:corner":null,"alt_name":null,"boundary":null,"ele":"27","gnis:feature_id":"879889","leisure":null,"name:es":null,"opening_hours":null,"protect_class":null,"protection_title":null,"source":null,"type":null,"website":null,"wikidata":null,"wikipedia":null,"access":null,"barrier":null,"playground":null,"playground:theme":null,"survey:date":null,"place":null,"start_date":null,"surface":null,"amenity":"school","area":null,"denomination":null,"fax":null,"fence_type":null,"grades":null,"mascot":null,"name:en":null,"name:etymology:wikidata":null,"phone":null,"religion":null,"layer":"Schools_points","path":"C:/Users/PMLS/Downloads/Hackathon work/Schools_points.gpkg"},"geometry":{"type":"Point","coordinates":[-74.0829195,40.7070467]}},
{"type":"Feature","properties":{"fid":534,"id":"node/357728260","@id":"node/357728260","bench":null,"bin":null,"bus":null,"construction":null,"covered":null,"description":null,"fixme":null,"gtfs:stop_id":null,"gtfs_stop_code":null,"highway":null,"level":null,"lit":null,"local_ref":null,"name":"Saint Aedans School","network":null,"network:short":null,"network:wikidata":null,"network:wikipedia":null,"note":null,"operator":null,"passenger_information_display":null,"public_transport":null,"ref":null,"route_ref":null,"shelter":null,"tactile_paving":null,"wheelchair":null,"asset_type":"School","addr:city":null,"addr:housenumber":null,"addr:postcode":null,"addr:state":null,"addr:street":null,"addr:street:corner":null,"alt_name":null,"boundary":null,"ele":"25","gnis:feature_id":"879904","leisure":null,"name:es":null,"opening_hours":null,"protect_class":null,"protection_title":null,"source":null,"type":null,"website":null,"wikidata":null,"wikipedia":null,"access":null,"barrier":null,"playground":null,"playground:theme":null,"survey:date":null,"place":null,"start_date":null,"surface":null,"amenity":"school","area":null,"denomination":null,"fax":null,"fence_type":null,"grades":null,"mascot":null,"name:en":null,"name:etymology:wikidata":null,"phone":null,"religion":null,"layer":"Schools_points","path":"C:/Users/PMLS/Downloads/Hackathon work/Schools_points.gpkg"},"geometry":{"type":"Point","coordinates":[-74.0659747,40.7278797]}},
{"type":"Feature","properties":{"fid":535,"id":"node/357728277","@id":"node/357728277","bench":null,"bin":null,"bus":null,"construction":null,"covered":null,"description":null,"fixme":null,"gtfs:stop_id":null,"gtfs_stop_code":null,"highway":null,"level":null,"lit":null,"local_ref":null,"name":"Saint Aloysius Academy","network":null,"network:short":null,"network:wikidata":null,"network:wikipedia":null,"note":null,"operator":null,"passenger_information_display":null,"public_transport":null,"ref":null,"route_ref":null,"shelter":null,"tactile_paving":null,"wheelchair":null,"asset_type":"School","addr:city":null,"addr:housenumber":null,"addr:postcode":null,"addr:state":null,"addr:street":null,"addr:street:corner":null,"alt_name":null,"boundary":null,"ele":"25","gnis:feature_id":"879908","leisure":null,"name:es":null,"opening_hours":null,"protect_class":null,"protection_title":null,"source":null,"type":null,"website":null,"wikidata":null,"wikipedia":null,"access":null,"barrier":null,"playground":null,"playground:theme":null,"survey:date":null,"place":null,"start_date":null,"surface":null,"amenity":"school","area":null,"denomination":null,"fax":null,"fence_type":null,"grades":null,"mascot":null,"name:en":null,"name:etymology:wikidata":null,"phone":null,"religion":null,"layer":"Schools_points","path":"C:/Users/PMLS/Downloads/Hackathon work/Schools_points.gpkg"},"geometry":{"type":"Point","coordinates":[-74.0753931,40.7229153]}},
{"type":"Feature","properties":{"fid":536,"id":"node/357728280","@id":"node/357728280","bench":null,"bin":null,"bus":null,"construction":null,"covered":null,"description":null,"fixme":null,"gtfs:stop_id":null,"gtfs_stop_code":null,"highway":null,"level":null,"lit":null,"local_ref":null,"name":"Saint Aloysius School","network":null,"network:short":null,"network:wikidata":null,"network:wikipedia":null,"note":null,"operator":null,"passenger_information_display":null,"public_transport":null,"ref":null,"route_ref":null,"shelter":null,"tactile_paving":null,"wheelchair":null,"asset_type":"School","addr:city":null,"addr:housenumber":null,"addr:postcode":null,"addr:state":null,"addr:street":null,"addr:street:corner":null,"alt_name":null,"boundary":null,"ele":"12","gnis:feature_id":"879909","leisure":null,"name:es":null,"opening_hours":null,"protect_class":null,"protection_title":null,"source":null,"type":null,"website":null,"wikidata":"Q105821465","wikipedia":null,"access":null,"barrier":null,"playground":null,"playground:theme":null,"survey:date":null,"place":null,"start_date":null,"surface":null,"amenity":"school","area":null,"denomination":null,"fax":null,"fence_type":null,"grades":null,"mascot":null,"name:en":null,"name:etymology:wikidata":null,"phone":null,"religion":null,"layer":"Schools_points","path":"C:/Users/PMLS/Downloads/Hackathon work/Schools_points.gpkg"},"geometry":{"type":"Point","coordinates":[-74.0779194,40.7251019]}},
{"type":"Feature","properties":{"fid":537,"id":"node/357729162","@id":"node/357729162","bench":null,"bin":null,"bus":null,"construction":null,"covered":null,"description":null,"fixme":null,"gtfs:stop_id":null,"gtfs_stop_code":null,"highway":null,"level":null,"lit":null,"local_ref":null,"name":"Saint Patricks School","network":null,"network:short":null,"network:wikidata":null,"network:wikipedia":null,"note":null,"operator":null,"passenger_information_display":null,"public_transport":null,"ref":null,"route_ref":null,"shelter":null,"tactile_paving":null,"wheelchair":null,"asset_type":"School","addr:city":null,"addr:housenumber":null,"addr:postcode":null,"addr:state":null,"addr:street":null,"addr:street:corner":null,"alt_name":null,"boundary":null,"ele":"19","gnis:feature_id":"880154","leisure":null,"name:es":null,"opening_hours":null,"protect_class":null,"protection_title":null,"source":null,"type":null,"website":null,"wikidata":null,"wikipedia":null,"access":null,"barrier":null,"playground":null,"playground:theme":null,"survey:date":null,"place":null,"start_date":null,"surface":null,"amenity":"school","area":null,"denomination":null,"fax":null,"fence_type":null,"grades":null,"mascot":null,"name:en":null,"name:etymology:wikidata":null,"phone":null,"religion":null,"layer":"Schools_points","path":"C:/Users/PMLS/Downloads/Hackathon work/Schools_points.gpkg"},"geometry":{"type":"Point","coordinates":[-74.0723637,40.7137133]}},
{"type":"Feature","properties":{"fid":538,"id":"node/357729212","@id":"node/357729212","bench":null,"bin":null,"bus":null,"construction":null,"covered":null,"description":null,"fixme":null,"gtfs:stop_id":null,"gtfs_stop_code":null,"highway":null,"level":null,"lit":null,"local_ref":null,"name":"Saint Pauls School","network":null,"network:short":null,"network:wikidata":null,"network:wikipedia":null,"note":null,"operator":null,"passenger_information_display":null,"public_transport":null,"ref":null,"route_ref":null,"shelter":null,"tactile_paving":null,"wheelchair":null,"asset_type":"School","addr:city":null,"addr:housenumber":null,"addr:postcode":null,"addr:state":null,"addr:street":null,"addr:street:corner":null,"alt_name":null,"boundary":null,"ele":"19","gnis:feature_id":"880169","leisure":null,"name:es":null,"opening_hours":null,"protect_class":null,"protection_title":null,"source":null,"type":null,"website":null,"wikidata":null,"wikipedia":null,"access":null,"barrier":null,"playground":null,"playground:theme":null,"survey:date":null,"place":null,"start_date":null,"surface":null,"amenity":"school","area":null,"denomination":null,"fax":null,"fence_type":null,"grades":null,"mascot":null,"name:en":null,"name:etymology:wikidata":null,"phone":null,"religion":null,"layer":"Schools_points","path":"C:/Users/PMLS/Downloads/Hackathon work/Schools_points.gpkg"},"geometry":{"type":"Point","coordinates":[-74.0937532,40.7028801]}},
{"type":"Feature","properties":{"fid":539,"id":"node/357729585","@id":"node/357729585","bench":null,"bin":null,"bus":null,"construction":null,"covered":null,"description":null,"fixme":null,"gtfs:stop_id":null,"gtfs_stop_code":null,"highway":null,"level":null,"lit":null,"local_ref":null,"name":"Julia A Barnes Number 12 Elementary School","network":null,"network:short":null,"network:wikidata":null,"network:wikipedia":null,"note":null,"operator":null,"passenger_information_display":null,"public_transport":null,"ref":null,"route_ref":null,"shelter":null,"tactile_paving":null,"wheelchair":null,"asset_type":"School","addr:city":null,"addr:housenumber":null,"addr:postcode":null,"addr:state":null,"addr:street":null,"addr:street:corner":null,"alt_name":null,"boundary":null,"ele":"19","gnis:feature_id":"880320","leisure":null,"name:es":null,"opening_hours":null,"protect_class":null,"protection_title":null,"source":null,"type":null,"website":null,"wikidata":null,"wikipedia":null,"access":null,"barrier":null,"playground":null,"playground:theme":null,"survey:date":null,"place":null,"start_date":null,"surface":null,"amenity":"school","area":null,"denomination":null,"fax":null,"fence_type":null,"grades":null,"mascot":null,"name:en":null,"name:etymology:wikidata":null,"phone":null,"religion":null,"layer":"Schools_points","path":"C:/Users/PMLS/Downloads/Hackathon work/Schools_points.gpkg"},"geometry":{"type":"Point","coordinates":[-74.0701415,40.7187132]}},
{"type":"Feature","properties":{"fid":540,"id":"node/357729592","@id":"node/357729592","bench":null,"bin":null,"bus":null,"construction":null,"covered":null,"description":null,"fixme":null,"gtfs:stop_id":null,"gtfs_stop_code":null,"highway":null,"level":null,"lit":null,"local_ref":null,"name":"Number 14 Elementary School","network":null,"network:short":null,"network:wikidata":null,"network:wikipedia":null,"note":null,"operator":null,"passenger_information_display":null,"public_transport":null,"ref":null,"route_ref":null,"shelter":null,"tactile_paving":null,"wheelchair":null,"asset_type":"School","addr:city":null,"addr:housenumber":null,"addr:postcode":null,"addr:state":null,"addr:street":null,"addr:street:corner":null,"alt_name":null,"boundary":null,"ele":"24","gnis:feature_id":"880322","leisure":null,"name:es":null,"opening_hours":null,"protect_class":null,"protection_title":null,"source":null,"type":null,"website":null,"wikidata":null,"wikipedia":null,"access":null,"barrier":null,"playground":null,"playground:theme":null,"survey:date":null,"place":null,"start_date":null,"surface":null,"amenity":"school","area":null,"denomination":null,"fax":null,"fence_type":null,"grades":null,"mascot":null,"name:en":null,"name:etymology:wikidata":null,"phone":null,"religion":null,"layer":"Schools_points","path":"C:/Users/PMLS/Downloads/Hackathon work/Schools_points.gpkg"},"geometry":{"type":"Point","coordinates":[-74.0908805,40.711796]}},
{"type":"Feature","properties":{"fid":541,"id":"node/357729599","@id":"node/357729599","bench":null,"bin":null,"bus":null,"construction":null,"covered":null,"description":null,"fixme":null,"gtfs:stop_id":null,"gtfs_stop_code":null,"highway":null,"level":null,"lit":null,"local_ref":null,"name":"Whitney M Young Junior Middle School","network":null,"network:short":null,"network:wikidata":null,"network:wikipedia":null,"note":null,"operator":null,"passenger_information_display":null,"public_transport":null,"ref":null,"route_ref":null,"shelter":null,"tactile_paving":null,"wheelchair":null,"asset_type":"School","addr:city":null,"addr:housenumber":null,"addr:postcode":null,"addr:state":null,"addr:street":null,"addr:street:corner":null,"alt_name":null,"boundary":null,"ele":"22","gnis:feature_id":"880324","leisure":null,"name:es":null,"opening_hours":null,"protect_class":null,"protection_title":null,"source":null,"type":null,"website":null,"wikidata":null,"wikipedia":null,"access":null,"barrier":null,"playground":null,"playground:theme":null,"survey:date":null,"place":null,"start_date":null,"surface":null,"amenity":"school","area":null,"denomination":null,"fax":null,"fence_type":null,"grades":null,"mascot":null,"name:en":null,"name:etymology:wikidata":null,"phone":null,"religion":null,"layer":"Schools_points","path":"C:/Users/PMLS/Downloads/Hackathon work/Schools_points.gpkg"},"geometry":{"type":"Point","coordinates":[-74.082364,40.7034357]}},
{"type":"Feature","properties":{"fid":542,"id":"node/357729613","@id":"node/357729613","bench":null,"bin":null,"bus":null,"construction":null,"covered":null,"description":null,"fixme":null,"gtfs:stop_id":null,"gtfs_stop_code":null,"highway":null,"level":null,"lit":null,"local_ref":null,"name":"Joseph H Brensinger Number 17 Elementary School","network":null,"network:short":null,"network:wikidata":null,"network:wikipedia":null,"note":null,"operator":null,"passenger_information_display":null,"public_transport":null,"ref":null,"route_ref":null,"shelter":null,"tactile_paving":null,"wheelchair":null,"asset_type":"School","addr:city":null,"addr:housenumber":null,"addr:postcode":null,"addr:state":null,"addr:street":null,"addr:street:corner":null,"alt_name":null,"boundary":null,"ele":"16","gnis:feature_id":"880328","leisure":null,"name:es":null,"opening_hours":null,"protect_class":null,"protection_title":null,"source":null,"type":null,"website":null,"wikidata":null,"wikipedia":null,"access":null,"barrier":null,"playground":null,"playground:theme":null,"survey:date":null,"place":null,"start_date":null,"surface":null,"amenity":"school","area":null,"denomination":null,"fax":null,"fence_type":null,"grades":null,"mascot":null,"name:en":null,"name:etymology:wikidata":null,"phone":null,"religion":null,"layer":"Schools_points","path":"C:/Users/PMLS/Downloads/Hackathon work/Schools_points.gpkg"},"geometry":{"type":"Point","coordinates":[-74.0748638,40.7264908]}},
{"type":"Feature","properties":{"fid":543,"id":"node/357729617","@id":"node/357729617","bench":null,"bin":null,"bus":null,"construction":null,"covered":null,"description":null,"fixme":null,"gtfs:stop_id":null,"gtfs_stop_code":null,"highway":null,"level":null,"lit":null,"local_ref":null,"name":"School Number 18","network":null,"network:short":null,"network:wikidata":null,"network:wikipedia":null,"note":null,"operator":null,"passenger_information_display":null,"public_transport":null,"ref":null,"route_ref":null,"shelter":null,"tactile_paving":null,"wheelchair":null,"asset_type":"School","addr:city":null,"addr:housenumber":null,"addr:postcode":null,"addr:state":null,"addr:street":null,"addr:street:corner":null,"alt_name":null,"boundary":null,"ele":"22","gnis:feature_id":"880329","leisure":null,"name:es":null,"opening_hours":null,"protect_class":null,"protection_title":null,"source":null,"type":null,"website":null,"wikidata":null,"wikipedia":null,"access":null,"barrier":null,"playground":null,"playground:theme":null,"survey:date":null,"place":null,"start_date":null,"surface":null,"amenity":"school","area":null,"denomination":null,"fax":null,"fence_type":null,"grades":null,"mascot":null,"name:en":null,"name:etymology:wikidata":null,"phone":null,"religion":null,"layer":"Schools_points","path":"C:/Users/PMLS/Downloads/Hackathon work/Schools_points.gpkg"},"geometry":{"type":"Point","coordinates":[-74.0679191,40.7228798]}},
{"type":"Feature","properties":{"fid":544,"id":"node/357729661","@id":"node/357729661","bench":null,"bin":null,"bus":null,"construction":null,"covered":null,"description":null,"fixme":null,"gtfs:stop_id":null,"gtfs_stop_code":null,"highway":null,"level":null,"lit":null,"local_ref":null,"name":"Number 20 Elementary School","network":null,"network:short":null,"network:wikidata":null,"network:wikipedia":null,"note":null,"operator":null,"passenger_information_display":null,"public_transport":null,"ref":null,"route_ref":null,"shelter":null,"tactile_paving":null,"wheelchair":null,"asset_type":"School","addr:city":null,"addr:housenumber":null,"addr:postcode":null,"addr:state":null,"addr:street":null,"addr:street:corner":null,"alt_name":null,"boundary":null,"ele":"21","gnis:feature_id":"880342","leisure":null,"name:es":null,"opening_hours":null,"protect_class":null,"protection_title":null,"source":null,"type":null,"website":null,"wikidata":null,"wikipedia":null,"access":null,"barrier":null,"playground":null,"playground:theme":null,"survey:date":null,"place":null,"start_date":null,"surface":null,"amenity":"school","area":null,"denomination":null,"fax":null,"fence_type":null,"grades":null,"mascot":null,"name:en":null,"name:etymology:wikidata":null,"phone":null,"religion":null,"layer":"Schools_points","path":"C:/Users/PMLS/Downloads/Hackathon work/Schools_points.gpkg"},"geometry":{"type":"Point","coordinates":[-74.0912531,40.6973247]}},
{"type":"Feature","properties":{"fid":545,"id":"node/357729671","@id":"node/357729671","bench":null,"bin":null,"bus":null,"construction":null,"covered":null,"description":null,"fixme":null,"gtfs:stop_id":null,"gtfs_stop_code":null,"highway":null,"level":null,"lit":null,"local_ref":null,"name":"Number 24 Elementary School","network":null,"network:short":null,"network:wikidata":null,"network:wikipedia":null,"note":null,"operator":null,"passenger_information_display":null,"public_transport":null,"ref":null,"route_ref":null,"shelter":null,"tactile_paving":null,"wheelchair":null,"asset_type":"School","addr:city":null,"addr:housenumber":null,"addr:postcode":null,"addr:state":null,"addr:street":null,"addr:street:corner":null,"alt_name":null,"boundary":null,"ele":"12","gnis:feature_id":"880345","leisure":null,"name:es":null,"opening_hours":null,"protect_class":null,"protection_title":null,"source":null,"type":null,"website":null,"wikidata":null,"wikipedia":null,"access":null,"barrier":null,"playground":null,"playground:theme":null,"survey:date":null,"place":null,"start_date":null,"surface":null,"amenity":"school","area":null,"denomination":null,"fax":null,"fence_type":null,"grades":null,"mascot":null,"name:en":null,"name:etymology:wikidata":null,"phone":null,"religion":null,"layer":"Schools_points","path":"C:/Users/PMLS/Downloads/Hackathon work/Schools_points.gpkg"},"geometry":{"type":"Point","coordinates":[-74.0848641,40.7162132]}},
{"type":"Feature","properties":{"fid":546,"id":"node/357729748","@id":"node/357729748","bench":null,"bin":null,"bus":null,"construction":null,"covered":null,"description":null,"fixme":null,"gtfs:stop_id":null,"gtfs_stop_code":null,"highway":null,"level":null,"lit":null,"local_ref":null,"name":"Alexander D. Sullivan Number 30 Elementary School","network":null,"network:short":null,"network:wikidata":null,"network:wikipedia":null,"note":null,"operator":null,"passenger_information_display":null,"public_transport":null,"ref":null,"route_ref":null,"shelter":null,"tactile_paving":null,"wheelchair":null,"asset_type":"School","addr:city":null,"addr:housenumber":null,"addr:postcode":null,"addr:state":null,"addr:street":null,"addr:street:corner":null,"alt_name":null,"boundary":null,"ele":"17","gnis:feature_id":"880366","leisure":null,"name:es":null,"opening_hours":null,"protect_class":null,"protection_title":null,"source":null,"type":null,"website":null,"wikidata":null,"wikipedia":null,"access":null,"barrier":null,"playground":null,"playground:theme":null,"survey:date":null,"place":null,"start_date":null,"surface":null,"amenity":"school","area":null,"denomination":null,"fax":null,"fence_type":null,"grades":null,"mascot":null,"name:en":null,"name:etymology:wikidata":null,"phone":null,"religion":null,"layer":"Schools_points","path":"C:/Users/PMLS/Downloads/Hackathon work/Schools_points.gpkg"},"geometry":{"type":"Point","coordinates":[-74.0976422,40.6937136]}},
{"type":"Feature","properties":{"fid":547,"id":"node/357729751","@id":"node/357729751","bench":null,"bin":null,"bus":null,"construction":null,"covered":null,"description":null,"fixme":null,"gtfs:stop_id":null,"gtfs_stop_code":null,"highway":null,"level":null,"lit":null,"local_ref":null,"name":"PS 34: Barack Obama Elementary School","network":null,"network:short":null,"network:wikidata":null,"network:wikipedia":null,"note":null,"operator":null,"passenger_information_display":null,"public_transport":null,"ref":null,"route_ref":null,"shelter":null,"tactile_paving":null,"wheelchair":null,"asset_type":"School","addr:city":"Jersey City","addr:housenumber":"1830","addr:postcode":"07305","addr:state":"NJ","addr:street":"John F. Kennedy Boulevard","addr:street:corner":null,"alt_name":null,"boundary":null,"ele":"24","gnis:feature_id":"880367","leisure":null,"name:es":null,"opening_hours":null,"protect_class":null,"protection_title":null,"source":null,"type":null,"website":null,"wikidata":null,"wikipedia":null,"access":null,"barrier":null,"playground":null,"playground:theme":null,"survey:date":null,"place":null,"start_date":null,"surface":null,"amenity":"school","area":null,"denomination":null,"fax":null,"fence_type":null,"grades":null,"mascot":null,"name:en":null,"name:etymology:wikidata":null,"phone":null,"religion":null,"layer":"Schools_points","path":"C:/Users/PMLS/Downloads/Hackathon work/Schools_points.gpkg"},"geometry":{"type":"Point","coordinates":[-74.0908757,40.7021916]}},
{"type":"Feature","properties":{"fid":548,"id":"node/357729764","@id":"node/357729764","bench":null,"bin":null,"bus":null,"construction":null,"covered":null,"description":null,"fixme":null,"gtfs:stop_id":null,"gtfs_stop_code":null,"highway":null,"level":null,"lit":null,"local_ref":null,"name":"James F Murray Number 38 Elementary School","network":null,"network:short":null,"network:wikidata":null,"network:wikipedia":null,"note":null,"operator":null,"passenger_information_display":null,"public_transport":null,"ref":null,"route_ref":null,"shelter":null,"tactile_paving":null,"wheelchair":null,"asset_type":"School","addr:city":null,"addr:housenumber":null,"addr:postcode":null,"addr:state":null,"addr:street":null,"addr:street:corner":null,"alt_name":null,"boundary":null,"ele":"11","gnis:feature_id":"880369","leisure":null,"name:es":null,"opening_hours":null,"protect_class":null,"protection_title":null,"source":null,"type":null,"website":null,"wikidata":null,"wikipedia":null,"access":null,"barrier":null,"playground":null,"playground:theme":null,"survey:date":null,"place":null,"start_date":null,"surface":null,"amenity":"school","area":null,"denomination":null,"fax":null,"fence_type":null,"grades":null,"mascot":null,"name:en":null,"name:etymology:wikidata":null,"phone":null,"religion":null,"layer":"Schools_points","path":"C:/Users/PMLS/Downloads/Hackathon work/Schools_points.gpkg"},"geometry":{"type":"Point","coordinates":[-74.0909753,40.7084355]}},
{"type":"Feature","properties":{"fid":549,"id":"node/357729773","@id":"node/357729773","bench":null,"bin":null,"bus":null,"construction":null,"covered":null,"description":null,"fixme":null,"gtfs:stop_id":null,"gtfs_stop_code":null,"highway":null,"level":null,"lit":null,"local_ref":null,"name":"Doctor Charles P DeFuccio Number 39 Elementary School","network":null,"network:short":null,"network:wikidata":null,"network:wikipedia":null,"note":null,"operator":null,"passenger_information_display":null,"public_transport":null,"ref":null,"route_ref":null,"shelter":null,"tactile_paving":null,"wheelchair":null,"asset_type":"School","addr:city":null,"addr:housenumber":null,"addr:postcode":null,"addr:state":null,"addr:street":null,"addr:street:corner":null,"alt_name":null,"boundary":null,"ele":"6","gnis:feature_id":"880370","leisure":null,"name:es":null,"opening_hours":null,"protect_class":null,"protection_title":null,"source":null,"type":null,"website":null,"wikidata":null,"wikipedia":null,"access":null,"barrier":null,"playground":null,"playground:theme":null,"survey:date":null,"place":null,"start_date":null,"surface":null,"amenity":"school","area":null,"denomination":null,"fax":null,"fence_type":null,"grades":null,"mascot":null,"name:en":null,"name:etymology:wikidata":null,"phone":null,"religion":null,"layer":"Schools_points","path":"C:/Users/PMLS/Downloads/Hackathon work/Schools_points.gpkg"},"geometry":{"type":"Point","coordinates":[-74.0804195,40.7301018]}},
{"type":"Feature","properties":{"fid":550,"id":"node/357729821","@id":"node/357729821","bench":null,"bin":null,"bus":null,"construction":null,"covered":null,"description":null,"fixme":null,"gtfs:stop_id":null,"gtfs_stop_code":null,"highway":null,"level":null,"lit":null,"local_ref":null,"name":"School Number 41","network":null,"network:short":null,"network:wikidata":null,"network:wikipedia":null,"note":null,"operator":null,"passenger_information_display":null,"public_transport":null,"ref":null,"route_ref":null,"shelter":null,"tactile_paving":null,"wheelchair":null,"asset_type":"School","addr:city":null,"addr:housenumber":null,"addr:postcode":null,"addr:state":null,"addr:street":null,"addr:street:corner":null,"alt_name":null,"boundary":null,"ele":"27","gnis:feature_id":"880384","leisure":null,"name:es":null,"opening_hours":null,"protect_class":null,"protection_title":null,"source":null,"type":null,"website":null,"wikidata":null,"wikipedia":null,"access":null,"barrier":null,"playground":null,"playground:theme":null,"survey:date":null,"place":null,"start_date":null,"surface":null,"amenity":"school","area":null,"denomination":null,"fax":null,"fence_type":null,"grades":null,"mascot":null,"name:en":null,"name:etymology:wikidata":null,"phone":null,"religion":null,"layer":"Schools_points","path":"C:/Users/PMLS/Downloads/Hackathon work/Schools_points.gpkg"},"geometry":{"type":"Point","coordinates":[-74.0818084,40.7089911]}},
{"type":"Feature","properties":{"fid":551,"id":"node/357730262","@id":"node/357730262","bench":null,"bin":null,"bus":null,"construction":null,"covered":null,"description":null,"fixme":null,"gtfs:stop_id":null,"gtfs_stop_code":null,"highway":null,"level":null,"lit":null,"local_ref":null,"name":"Henry Snyder High School","network":null,"network:short":null,"network:wikidata":null,"network:wikipedia":null,"note":null,"operator":null,"passenger_information_display":null,"public_transport":null,"ref":null,"route_ref":null,"shelter":null,"tactile_paving":null,"wheelchair":null,"asset_type":"School","addr:city":null,"addr:housenumber":null,"addr:postcode":null,"addr:state":null,"addr:street":null,"addr:street:corner":null,"alt_name":null,"boundary":null,"ele":"29","gnis:feature_id":"880675","leisure":null,"name:es":null,"opening_hours":null,"protect_class":null,"protection_title":null,"source":null,"type":null,"website":null,"wikidata":"Q5728478","wikipedia":null,"access":null,"barrier":null,"playground":null,"playground:theme":null,"survey:date":null,"place":null,"start_date":null,"surface":null,"amenity":"school","area":null,"denomination":null,"fax":null,"fence_type":null,"grades":null,"mascot":null,"name:en":null,"name:etymology:wikidata":null,"phone":null,"religion":null,"layer":"Schools_points","path":"C:/Users/PMLS/Downloads/Hackathon work/Schools_points.gpkg"},"geometry":{"type":"Point","coordinates":[-74.0818084,40.71038]}},
{"type":"Feature","properties":{"fid":552,"id":"node/357744946","@id":"node/357744946","bench":null,"bin":null,"bus":null,"construction":null,"covered":null,"description":null,"fixme":null,"gtfs:stop_id":null,"gtfs_stop_code":null,"highway":null,"level":null,"lit":null,"local_ref":null,"name":"Number 29 Elementary School","network":null,"network:short":null,"network:wikidata":null,"network:wikipedia":null,"note":null,"operator":null,"passenger_information_display":null,"public_transport":null,"ref":null,"route_ref":null,"shelter":null,"tactile_paving":null,"wheelchair":null,"asset_type":"School","addr:city":null,"addr:housenumber":null,"addr:postcode":null,"addr:state":null,"addr:street":null,"addr:street:corner":null,"alt_name":null,"boundary":null,"ele":"23","gnis:feature_id":"2057639","leisure":null,"name:es":null,"opening_hours":null,"protect_class":null,"protection_title":null,"source":null,"type":null,"website":null,"wikidata":null,"wikipedia":null,"access":null,"barrier":null,"playground":null,"playground:theme":null,"survey:date":null,"place":null,"start_date":null,"surface":null,"amenity":"school","area":null,"denomination":null,"fax":null,"fence_type":null,"grades":null,"mascot":null,"name:en":null,"name:etymology:wikidata":null,"phone":null,"religion":null,"layer":"Schools_points","path":"C:/Users/PMLS/Downloads/Hackathon work/Schools_points.gpkg"},"geometry":{"type":"Point","coordinates":[-74.0787528,40.7087134]}},
{"type":"Feature","properties":{"fid":553,"id":"node/357744949","@id":"node/357744949","bench":null,"bin":null,"bus":null,"construction":null,"covered":null,"description":null,"fixme":null,"gtfs:stop_id":null,"gtfs_stop_code":null,"highway":null,"level":null,"lit":null,"local_ref":null,"name":"Number 33 Elementary School","network":null,"network:short":null,"network:wikidata":null,"network:wikipedia":null,"note":null,"operator":null,"passenger_information_display":null,"public_transport":null,"ref":null,"route_ref":null,"shelter":null,"tactile_paving":null,"wheelchair":null,"asset_type":"School","addr:city":null,"addr:housenumber":null,"addr:postcode":null,"addr:state":null,"addr:street":null,"addr:street:corner":null,"alt_name":null,"boundary":null,"ele":"9","gnis:feature_id":"2057640","leisure":null,"name:es":null,"opening_hours":null,"protect_class":null,"protection_title":null,"source":null,"type":null,"website":null,"wikidata":null,"wikipedia":null,"access":null,"barrier":null,"playground":null,"playground:theme":null,"survey:date":null,"place":null,"start_date":null,"surface":null,"amenity":"school","area":null,"denomination":null,"fax":null,"fence_type":null,"grades":null,"mascot":null,"name:en":null,"name:etymology:wikidata":null,"phone":null,"religion":null,"layer":"Schools_points","path":"C:/Users/PMLS/Downloads/Hackathon work/Schools_points.gpkg"},"geometry":{"type":"Point","coordinates":[-74.0843085,40.7192687]}},
{"type":"Feature","properties":{"fid":554,"id":"node/357744990","@id":"node/357744990","bench":null,"bin":null,"bus":null,"construction":null,"covered":null,"description":null,"fixme":null,"gtfs:stop_id":null,"gtfs_stop_code":null,"highway":null,"level":null,"lit":null,"local_ref":null,"name":"Academy II School","network":null,"network:short":null,"network:wikidata":null,"network:wikipedia":null,"note":null,"operator":null,"passenger_information_display":null,"public_transport":null,"ref":null,"route_ref":null,"shelter":null,"tactile_paving":null,"wheelchair":null,"asset_type":"School","addr:city":null,"addr:housenumber":null,"addr:postcode":null,"addr:state":null,"addr:street":null,"addr:street:corner":null,"alt_name":null,"boundary":null,"ele":"26","gnis:feature_id":"2057667","leisure":null,"name:es":null,"opening_hours":null,"protect_class":null,"protection_title":null,"source":null,"type":null,"website":null,"wikidata":null,"wikipedia":null,"access":null,"barrier":null,"playground":null,"playground:theme":null,"survey:date":null,"place":null,"start_date":null,"surface":null,"amenity":"school","area":null,"denomination":null,"fax":null,"fence_type":null,"grades":null,"mascot":null,"name:en":null,"name:etymology:wikidata":null,"phone":null,"religion":null,"layer":"Schools_points","path":"C:/Users/PMLS/Downloads/Hackathon work/Schools_points.gpkg"},"geometry":{"type":"Point","coordinates":[-74.0743082,40.7203798]}},
{"type":"Feature","properties":{"fid":555,"id":"node/357744993","@id":"node/357744993","bench":null,"bin":null,"bus":null,"construction":null,"covered":null,"description":null,"fixme":null,"gtfs:stop_id":null,"gtfs_stop_code":null,"highway":null,"level":null,"lit":null,"local_ref":null,"name":"Our Lady of Victories School","network":null,"network:short":null,"network:wikidata":null,"network:wikipedia":null,"note":null,"operator":null,"passenger_information_display":null,"public_transport":null,"ref":null,"route_ref":null,"shelter":null,"tactile_paving":null,"wheelchair":null,"asset_type":"School","addr:city":null,"addr:housenumber":null,"addr:postcode":null,"addr:state":null,"addr:street":null,"addr:street:corner":null,"alt_name":null,"boundary":null,"ele":"12","gnis:feature_id":"2057668","leisure":null,"name:es":null,"opening_hours":null,"protect_class":null,"protection_title":null,"source":null,"type":null,"website":null,"wikidata":null,"wikipedia":null,"access":null,"barrier":null,"playground":null,"playground:theme":null,"survey:date":null,"place":null,"start_date":null,"surface":null,"amenity":"school","area":null,"denomination":null,"fax":null,"fence_type":null,"grades":null,"mascot":null,"name:en":null,"name:etymology:wikidata":null,"phone":null,"religion":null,"layer":"Schools_points","path":"C:/Users/PMLS/Downloads/Hackathon work/Schools_points.gpkg"},"geometry":{"type":"Point","coordinates":[-74.0848641,40.7159354]}},
{"type":"Feature","properties":{"fid":556,"id":"node/357744995","@id":"node/357744995","bench":null,"bin":null,"bus":null,"construction":null,"covered":null,"description":null,"fixme":null,"gtfs:stop_id":null,"gtfs_stop_code":null,"highway":null,"level":null,"lit":null,"local_ref":null,"name":"Saint Dominic Academy","network":null,"network:short":null,"network:wikidata":null,"network:wikipedia":null,"note":null,"operator":null,"passenger_information_display":null,"public_transport":null,"ref":null,"route_ref":null,"shelter":null,"tactile_paving":null,"wheelchair":null,"asset_type":"School","addr:city":null,"addr:housenumber":null,"addr:postcode":null,"addr:state":null,"addr:street":null,"addr:street:corner":null,"alt_name":null,"boundary":null,"ele":"27","gnis:feature_id":"2057669","leisure":null,"name:es":null,"opening_hours":null,"protect_class":null,"protection_title":null,"source":null,"type":null,"website":null,"wikidata":"Q7401179","wikipedia":null,"access":null,"barrier":null,"playground":null,"playground:theme":null,"survey:date":null,"place":null,"start_date":null,"surface":null,"amenity":"school","area":null,"denomination":null,"fax":null,"fence_type":null,"grades":null,"mascot":null,"name:en":null,"name:etymology:wikidata":null,"phone":null,"religion":null,"layer":"Schools_points","path":"C:/Users/PMLS/Downloads/Hackathon work/Schools_points.gpkg"},"geometry":{"type":"Point","coordinates":[-74.0729193,40.7248242]}},
{"type":"Feature","properties":{"fid":557,"id":"node/357744997","@id":"node/357744997","bench":null,"bin":null,"bus":null,"construction":null,"covered":null,"description":null,"fixme":null,"gtfs:stop_id":null,"gtfs_stop_code":null,"highway":null,"level":null,"lit":null,"local_ref":null,"name":"Saint Joseph's Grammar School","network":null,"network:short":null,"network:wikidata":null,"network:wikipedia":null,"note":null,"operator":null,"passenger_information_display":null,"public_transport":null,"ref":null,"route_ref":null,"shelter":null,"tactile_paving":null,"wheelchair":"limited","asset_type":"School","addr:city":null,"addr:housenumber":null,"addr:postcode":null,"addr:state":null,"addr:street":null,"addr:street:corner":null,"alt_name":null,"boundary":null,"ele":"25","gnis:feature_id":"2057670","leisure":null,"name:es":null,"opening_hours":null,"protect_class":null,"protection_title":null,"source":null,"type":null,"website":null,"wikidata":null,"wikipedia":null,"access":null,"barrier":null,"playground":null,"playground:theme":null,"survey:date":null,"place":null,"start_date":null,"surface":null,"amenity":"school","area":null,"denomination":null,"fax":null,"fence_type":null,"grades":null,"mascot":null,"name:en":null,"name:etymology:wikidata":null,"phone":null,"religion":null,"layer":"Schools_points","path":"C:/Users/PMLS/Downloads/Hackathon work/Schools_points.gpkg"},"geometry":{"type":"Point","coordinates":[-74.0568077,40.7301019]}},
{"type":"Feature","properties":{"fid":558,"id":"node/357745224","@id":"node/357745224","bench":null,"bin":null,"bus":null,"construction":null,"covered":null,"description":null,"fixme":null,"gtfs:stop_id":null,"gtfs_stop_code":null,"highway":null,"level":null,"lit":null,"local_ref":null,"name":"Resurrection Parish School","network":null,"network:short":null,"network:wikidata":null,"network:wikipedia":null,"note":null,"operator":null,"passenger_information_display":null,"public_transport":null,"ref":null,"route_ref":null,"shelter":null,"tactile_paving":null,"wheelchair":null,"asset_type":"School","addr:city":null,"addr:housenumber":null,"addr:postcode":null,"addr:state":null,"addr:street":null,"addr:street:corner":null,"alt_name":null,"boundary":null,"ele":"3","gnis:feature_id":"2058468","leisure":null,"name:es":null,"opening_hours":null,"protect_class":null,"protection_title":null,"source":null,"type":null,"website":null,"wikidata":null,"wikipedia":null,"access":null,"barrier":null,"playground":null,"playground:theme":null,"survey:date":null,"place":null,"start_date":null,"surface":null,"amenity":"school","area":null,"denomination":null,"fax":null,"fence_type":null,"grades":null,"mascot":null,"name:en":null,"name:etymology:wikidata":null,"phone":null,"religion":null,"layer":"Schools_points","path":"C:/Users/PMLS/Downloads/Hackathon work/Schools_points.gpkg"},"geometry":{"type":"Point","coordinates":[-74.0509742,40.7201021]}},
{"type":"Feature","properties":{"fid":559,"id":"node/357745226","@id":"node/357745226","bench":null,"bin":null,"bus":null,"construction":null,"covered":null,"description":null,"fixme":null,"gtfs:stop_id":null,"gtfs_stop_code":null,"highway":null,"level":null,"lit":null,"local_ref":null,"name":"Resurrection School","network":null,"network:short":null,"network:wikidata":null,"network:wikipedia":null,"note":null,"operator":null,"passenger_information_display":null,"public_transport":null,"ref":null,"route_ref":null,"shelter":null,"tactile_paving":null,"wheelchair":"limited","asset_type":"School","addr:city":null,"addr:housenumber":null,"addr:postcode":null,"addr:state":null,"addr:street":null,"addr:street:corner":null,"alt_name":null,"boundary":null,"ele":"3","gnis:feature_id":"2058469","leisure":null,"name:es":null,"opening_hours":null,"protect_class":null,"protection_title":null,"source":null,"type":null,"website":null,"wikidata":null,"wikipedia":null,"access":null,"barrier":null,"playground":null,"playground:theme":null,"survey:date":null,"place":null,"start_date":null,"surface":null,"amenity":"school","area":null,"denomination":null,"fax":null,"fence_type":null,"grades":null,"mascot":null,"name:en":null,"name:etymology:wikidata":null,"phone":null,"religion":null,"layer":"Schools_points","path":"C:/Users/PMLS/Downloads/Hackathon work/Schools_points.gpkg"},"geometry":{"type":"Point","coordinates":[-74.0504186,40.7264909]}},
{"type":"Feature","properties":{"fid":560,"id":"node/4697408003","@id":"node/4697408003","bench":null,"bin":null,"bus":null,"construction":null,"covered":null,"description":null,"fixme":null,"gtfs:stop_id":null,"gtfs_stop_code":null,"highway":null,"level":null,"lit":null,"local_ref":null,"name":"Science Building","network":null,"network:short":null,"network:wikidata":null,"network:wikipedia":null,"note":null,"operator":"New Jersey City University","passenger_information_display":null,"public_transport":null,"ref":null,"route_ref":null,"shelter":null,"tactile_paving":null,"wheelchair":null,"asset_type":"School","addr:city":null,"addr:housenumber":null,"addr:postcode":null,"addr:state":null,"addr:street":null,"addr:street:corner":null,"alt_name":null,"boundary":null,"ele":null,"gnis:feature_id":null,"leisure":null,"name:es":null,"opening_hours":null,"protect_class":null,"protection_title":null,"source":null,"type":null,"website":null,"wikidata":null,"wikipedia":null,"access":null,"barrier":null,"playground":null,"playground:theme":null,"survey:date":null,"place":null,"start_date":null,"surface":null,"amenity":"school","area":null,"denomination":null,"fax":null,"fence_type":null,"grades":null,"mascot":null,"name:en":"Science Building","name:etymology:wikidata":null,"phone":null,"religion":null,"layer":"Schools_points","path":"C:/Users/PMLS/Downloads/Hackathon work/Schools_points.gpkg"},"geometry":{"type":"Point","coordinates":[-74.0883327,40.7099864]}},
{"type":"Feature","properties":{"fid":561,"id":"node/4697460698","@id":"node/4697460698","bench":null,"bin":null,"bus":null,"construction":null,"covered":null,"description":null,"fixme":null,"gtfs:stop_id":null,"gtfs_stop_code":null,"highway":null,"level":null,"lit":null,"local_ref":null,"name":"Professional Studies Building","network":null,"network:short":null,"network:wikidata":null,"network:wikipedia":null,"note":null,"operator":"New Jersey City University","passenger_information_display":null,"public_transport":null,"ref":null,"route_ref":null,"shelter":null,"tactile_paving":null,"wheelchair":null,"asset_type":"School","addr:city":null,"addr:housenumber":null,"addr:postcode":null,"addr:state":null,"addr:street":null,"addr:street:corner":null,"alt_name":null,"boundary":null,"ele":null,"gnis:feature_id":null,"leisure":null,"name:es":null,"opening_hours":null,"protect_class":null,"protection_title":null,"source":null,"type":null,"website":null,"wikidata":null,"wikipedia":null,"access":null,"barrier":null,"playground":null,"playground:theme":null,"survey:date":null,"place":null,"start_date":null,"surface":null,"amenity":"school","area":null,"denomination":null,"fax":null,"fence_type":null,"grades":null,"mascot":null,"name:en":"Professional Studies Building","name:etymology:wikidata":null,"phone":null,"religion":null,"layer":"Schools_points","path":"C:/Users/PMLS/Downloads/Hackathon work/Schools_points.gpkg"},"geometry":{"type":"Point","coordinates":[-74.0887437,40.7095688]}},
{"type":"Feature","properties":{"fid":562,"id":"node/4697492005","@id":"node/4697492005","bench":null,"bin":null,"bus":null,"construction":null,"covered":null,"description":null,"fixme":null,"gtfs:stop_id":null,"gtfs_stop_code":null,"highway":null,"level":null,"lit":null,"local_ref":null,"name":"Gilligan Student Union Building","network":null,"network:short":null,"network:wikidata":null,"network:wikipedia":null,"note":null,"operator":"New Jersey City University","passenger_information_display":null,"public_transport":null,"ref":null,"route_ref":null,"shelter":null,"tactile_paving":null,"wheelchair":null,"asset_type":"School","addr:city":null,"addr:housenumber":null,"addr:postcode":null,"addr:state":null,"addr:street":null,"addr:street:corner":null,"alt_name":null,"boundary":null,"ele":null,"gnis:feature_id":null,"leisure":null,"name:es":null,"opening_hours":null,"protect_class":null,"protection_title":null,"source":null,"type":null,"website":null,"wikidata":null,"wikipedia":null,"access":null,"barrier":null,"playground":null,"playground:theme":null,"survey:date":null,"place":null,"start_date":null,"surface":null,"amenity":"school","area":null,"denomination":null,"fax":null,"fence_type":null,"grades":null,"mascot":null,"name:en":"Gilligan Student Union Building","name:etymology:wikidata":null,"phone":null,"religion":null,"layer":"Schools_points","path":"C:/Users/PMLS/Downloads/Hackathon work/Schools_points.gpkg"},"geometry":{"type":"Point","coordinates":[-74.0877544,40.7106612]}},
{"type":"Feature","properties":{"fid":563,"id":"node/4697533790","@id":"node/4697533790","bench":null,"bin":null,"bus":null,"construction":null,"covered":null,"description":null,"fixme":null,"gtfs:stop_id":null,"gtfs_stop_code":null,"highway":null,"level":null,"lit":null,"local_ref":null,"name":"Rossey Hall","network":null,"network:short":null,"network:wikidata":null,"network:wikipedia":null,"note":null,"operator":"New Jersey City University","passenger_information_display":null,"public_transport":null,"ref":null,"route_ref":null,"shelter":null,"tactile_paving":null,"wheelchair":null,"asset_type":"School","addr:city":null,"addr:housenumber":null,"addr:postcode":null,"addr:state":null,"addr:street":null,"addr:street:corner":null,"alt_name":null,"boundary":null,"ele":null,"gnis:feature_id":null,"leisure":null,"name:es":null,"opening_hours":null,"protect_class":null,"protection_title":null,"source":null,"type":null,"website":null,"wikidata":null,"wikipedia":null,"access":null,"barrier":null,"playground":null,"playground:theme":null,"survey:date":null,"place":null,"start_date":null,"surface":null,"amenity":"school","area":null,"denomination":null,"fax":null,"fence_type":null,"grades":null,"mascot":null,"name:en":"Rossey Hall","name:etymology:wikidata":null,"phone":null,"religion":null,"layer":"Schools_points","path":"C:/Users/PMLS/Downloads/Hackathon work/Schools_points.gpkg"},"geometry":{"type":"Point","coordinates":[-74.0877608,40.7096326]}},
{"type":"Feature","properties":{"fid":564,"id":"node/4697533791","@id":"node/4697533791","bench":null,"bin":null,"bus":null,"construction":null,"covered":null,"description":null,"fixme":null,"gtfs:stop_id":null,"gtfs_stop_code":null,"highway":null,"level":null,"lit":null,"local_ref":null,"name":"Hepburn Hall","network":null,"network:short":null,"network:wikidata":null,"network:wikipedia":null,"note":null,"operator":"New Jersey City University","passenger_information_display":null,"public_transport":null,"ref":null,"route_ref":null,"shelter":null,"tactile_paving":null,"wheelchair":null,"asset_type":"School","addr:city":null,"addr:housenumber":null,"addr:postcode":null,"addr:state":null,"addr:street":null,"addr:street:corner":null,"alt_name":null,"boundary":null,"ele":null,"gnis:feature_id":null,"leisure":null,"name:es":null,"opening_hours":null,"protect_class":null,"protection_title":null,"source":null,"type":null,"website":null,"wikidata":null,"wikipedia":null,"access":null,"barrier":null,"playground":null,"playground:theme":null,"survey:date":null,"place":null,"start_date":null,"surface":null,"amenity":"school","area":null,"denomination":null,"fax":null,"fence_type":null,"grades":null,"mascot":null,"name:en":"Hepburn Hall","name:etymology:wikidata":null,"phone":null,"religion":null,"layer":"Schools_points","path":"C:/Users/PMLS/Downloads/Hackathon work/Schools_points.gpkg"},"geometry":{"type":"Point","coordinates":[-74.08659,40.7095739]}},
{"type":"Feature","properties":{"fid":565,"id":"node/4697533792","@id":"node/4697533792","bench":null,"bin":null,"bus":null,"construction":null,"covered":null,"description":null,"fixme":null,"gtfs:stop_id":null,"gtfs_stop_code":null,"highway":null,"level":null,"lit":null,"local_ref":null,"name":"Grossnickle Hall","network":null,"network:short":null,"network:wikidata":null,"network:wikipedia":null,"note":null,"operator":"New Jersey City University","passenger_information_display":null,"public_transport":null,"ref":null,"route_ref":null,"shelter":null,"tactile_paving":null,"wheelchair":null,"asset_type":"School","addr:city":null,"addr:housenumber":null,"addr:postcode":null,"addr:state":null,"addr:street":null,"addr:street:corner":null,"alt_name":null,"boundary":null,"ele":null,"gnis:feature_id":null,"leisure":null,"name:es":null,"opening_hours":null,"protect_class":null,"protection_title":null,"source":null,"type":null,"website":null,"wikidata":null,"wikipedia":null,"access":null,"barrier":null,"playground":null,"playground:theme":null,"survey:date":null,"place":null,"start_date":null,"surface":null,"amenity":"school","area":null,"denomination":null,"fax":null,"fence_type":null,"grades":null,"mascot":null,"name:en":"Grossnickle Hall","name:etymology:wikidata":null,"phone":null,"religion":null,"layer":"Schools_points","path":"C:/Users/PMLS/Downloads/Hackathon work/Schools_points.gpkg"},"geometry":{"type":"Point","coordinates":[-74.0867247,40.7088402]}},
{"type":"Feature","properties":{"fid":566,"id":"node/4697542490","@id":"node/4697542490","bench":null,"bin":null,"bus":null,"construction":null,"covered":null,"description":null,"fixme":null,"gtfs:stop_id":null,"gtfs_stop_code":null,"highway":null,"level":null,"lit":null,"local_ref":null,"name":"Fries Hall","network":null,"network:short":null,"network:wikidata":null,"network:wikipedia":null,"note":null,"operator":"New Jersey City University","passenger_information_display":null,"public_transport":null,"ref":null,"route_ref":null,"shelter":null,"tactile_paving":null,"wheelchair":null,"asset_type":"School","addr:city":null,"addr:housenumber":null,"addr:postcode":null,"addr:state":null,"addr:street":null,"addr:street:corner":null,"alt_name":null,"boundary":null,"ele":null,"gnis:feature_id":null,"leisure":null,"name:es":null,"opening_hours":null,"protect_class":null,"protection_title":null,"source":null,"type":null,"website":null,"wikidata":null,"wikipedia":null,"access":null,"barrier":null,"playground":null,"playground:theme":null,"survey:date":null,"place":null,"start_date":null,"surface":null,"amenity":"school","area":null,"denomination":null,"fax":null,"fence_type":null,"grades":null,"mascot":null,"name:en":"Fries Hall","name:etymology:wikidata":null,"phone":null,"religion":null,"layer":"Schools_points","path":"C:/Users/PMLS/Downloads/Hackathon work/Schools_points.gpkg"},"geometry":{"type":"Point","coordinates":[-74.0871176,40.7103311]}},
{"type":"Feature","properties":{"fid":567,"id":"node/4697548889","@id":"node/4697548889","bench":null,"bin":null,"bus":null,"construction":null,"covered":null,"description":null,"fixme":null,"gtfs:stop_id":null,"gtfs_stop_code":null,"highway":null,"level":null,"lit":null,"local_ref":null,"name":"Vodra Hall","network":null,"network:short":null,"network:wikidata":null,"network:wikipedia":null,"note":null,"operator":"New Jersey City University","passenger_information_display":null,"public_transport":null,"ref":null,"route_ref":null,"shelter":null,"tactile_paving":null,"wheelchair":null,"asset_type":"School","addr:city":null,"addr:housenumber":null,"addr:postcode":null,"addr:state":null,"addr:street":null,"addr:street:corner":null,"alt_name":null,"boundary":null,"ele":null,"gnis:feature_id":null,"leisure":null,"name:es":null,"opening_hours":null,"protect_class":null,"protection_title":null,"source":null,"type":null,"website":null,"wikidata":null,"wikipedia":null,"access":null,"barrier":null,"playground":null,"playground:theme":null,"survey:date":null,"place":null,"start_date":null,"surface":null,"amenity":"school","area":null,"denomination":null,"fax":null,"fence_type":null,"grades":null,"mascot":null,"name:en":"Vodra Hall","name:etymology:wikidata":null,"phone":null,"religion":null,"layer":"Schools_points","path":"C:/Users/PMLS/Downloads/Hackathon work/Schools_points.gpkg"},"geometry":{"type":"Point","coordinates":[-74.0882657,40.7090959]}},
{"type":"Feature","properties":{"fid":568,"id":"node/4697550989","@id":"node/4697550989","bench":null,"bin":null,"bus":null,"construction":null,"covered":null,"description":null,"fixme":null,"gtfs:stop_id":null,"gtfs_stop_code":null,"highway":null,"level":null,"lit":null,"local_ref":null,"name":"Karnautsos Building","network":null,"network:short":null,"network:wikidata":null,"network:wikipedia":null,"note":null,"operator":"New Jersey City University","passenger_information_display":null,"public_transport":null,"ref":null,"route_ref":null,"shelter":null,"tactile_paving":null,"wheelchair":null,"asset_type":"School","addr:city":null,"addr:housenumber":null,"addr:postcode":null,"addr:state":null,"addr:street":null,"addr:street:corner":null,"alt_name":null,"boundary":null,"ele":null,"gnis:feature_id":null,"leisure":null,"name:es":null,"opening_hours":null,"protect_class":null,"protection_title":null,"source":null,"type":null,"website":null,"wikidata":null,"wikipedia":null,"access":null,"barrier":null,"playground":null,"playground:theme":null,"survey:date":null,"place":null,"start_date":null,"surface":null,"amenity":"school","area":null,"denomination":null,"fax":null,"fence_type":null,"grades":null,"mascot":null,"name:en":"Karnautsos Building","name:etymology:wikidata":null,"phone":null,"religion":null,"layer":"Schools_points","path":"C:/Users/PMLS/Downloads/Hackathon work/Schools_points.gpkg"},"geometry":{"type":"Point","coordinates":[-74.0872588,40.7099252]}},
{"type":"Feature","properties":{"fid":569,"id":"node/5157829627","@id":"node/5157829627","bench":null,"bin":null,"bus":null,"construction":null,"covered":null,"description":null,"fixme":null,"gtfs:stop_id":null,"gtfs_stop_code":null,"highway":null,"level":null,"lit":null,"local_ref":null,"name":"Henry Snyder High School","network":null,"network:short":null,"network:wikidata":null,"network:wikipedia":null,"note":null,"operator":null,"passenger_information_display":null,"public_transport":null,"ref":null,"route_ref":null,"shelter":null,"tactile_paving":null,"wheelchair":null,"asset_type":"School","addr:city":"Jersey City","addr:housenumber":"239","addr:postcode":"07305","addr:state":"NJ","addr:street":"Bergen Avenue","addr:street:corner":null,"alt_name":null,"boundary":null,"ele":null,"gnis:feature_id":null,"leisure":null,"name:es":null,"opening_hours":null,"protect_class":null,"protection_title":null,"source":null,"type":null,"website":null,"wikidata":null,"wikipedia":null,"access":null,"barrier":null,"playground":null,"playground:theme":null,"survey:date":null,"place":null,"start_date":null,"surface":null,"amenity":"school","area":null,"denomination":null,"fax":null,"fence_type":null,"grades":null,"mascot":null,"name:en":null,"name:etymology:wikidata":null,"phone":null,"religion":null,"layer":"Schools_points","path":"C:/Users/PMLS/Downloads/Hackathon work/Schools_points.gpkg"},"geometry":{"type":"Point","coordinates":[-74.0847252,40.7105038]}},
{"type":"Feature","properties":{"fid":570,"id":"node/5157829628","@id":"node/5157829628","bench":null,"bin":null,"bus":null,"construction":null,"covered":null,"description":null,"fixme":null,"gtfs:stop_id":null,"gtfs_stop_code":null,"highway":null,"level":null,"lit":null,"local_ref":null,"name":"A Harry Moore School","network":null,"network:short":null,"network:wikidata":null,"network:wikipedia":null,"note":null,"operator":null,"passenger_information_display":null,"public_transport":null,"ref":null,"route_ref":null,"shelter":null,"tactile_paving":null,"wheelchair":null,"asset_type":"School","addr:city":"Jersey City","addr:housenumber":"2078","addr:postcode":"07305","addr:state":"NJ","addr:street":"John F. Kennedy Boulevard","addr:street:corner":null,"alt_name":null,"boundary":null,"ele":null,"gnis:feature_id":null,"leisure":null,"name:es":null,"opening_hours":null,"protect_class":null,"protection_title":null,"source":null,"type":null,"website":null,"wikidata":null,"wikipedia":null,"access":null,"barrier":null,"playground":null,"playground:theme":null,"survey:date":null,"place":null,"start_date":null,"surface":null,"amenity":"school","area":null,"denomination":null,"fax":null,"fence_type":null,"grades":null,"mascot":null,"name:en":null,"name:etymology:wikidata":null,"phone":null,"religion":null,"layer":"Schools_points","path":"C:/Users/PMLS/Downloads/Hackathon work/Schools_points.gpkg"},"geometry":{"type":"Point","coordinates":[-74.0853362,40.7095189]}},
{"type":"Feature","properties":{"fid":571,"id":"node/5157829629","@id":"node/5157829629","bench":null,"bin":null,"bus":null,"construction":null,"covered":null,"description":null,"fixme":null,"gtfs:stop_id":null,"gtfs_stop_code":null,"highway":null,"level":null,"lit":null,"local_ref":null,"name":"The Academy I Middle School","network":null,"network:short":null,"network:wikidata":null,"network:wikipedia":null,"note":null,"operator":null,"passenger_information_display":null,"public_transport":null,"ref":null,"route_ref":null,"shelter":null,"tactile_paving":null,"wheelchair":null,"asset_type":"School","addr:city":"Jersey City","addr:housenumber":"209","addr:postcode":"07305","addr:state":"NJ","addr:street":"Bergen Avenue","addr:street:corner":null,"alt_name":null,"boundary":null,"ele":null,"gnis:feature_id":null,"leisure":null,"name:es":null,"opening_hours":null,"protect_class":null,"protection_title":null,"source":null,"type":null,"website":null,"wikidata":"Q4671368","wikipedia":null,"access":null,"barrier":null,"playground":null,"playground:theme":null,"survey:date":null,"place":null,"start_date":null,"surface":null,"amenity":"school","area":null,"denomination":null,"fax":null,"fence_type":null,"grades":null,"mascot":null,"name:en":null,"name:etymology:wikidata":null,"phone":null,"religion":null,"layer":"Schools_points","path":"C:/Users/PMLS/Downloads/Hackathon work/Schools_points.gpkg"},"geometry":{"type":"Point","coordinates":[-74.0845792,40.7095934]}},
{"type":"Feature","properties":{"fid":572,"id":"node/5349867975","@id":"node/5349867975","bench":null,"bin":null,"bus":null,"construction":null,"covered":null,"description":null,"fixme":null,"gtfs:stop_id":null,"gtfs_stop_code":null,"highway":null,"level":null,"lit":null,"local_ref":null,"name":"Hudson Montessori","network":null,"network:short":null,"network:wikidata":null,"network:wikipedia":null,"note":null,"operator":null,"passenger_information_display":null,"public_transport":null,"ref":null,"route_ref":null,"shelter":null,"tactile_paving":null,"wheelchair":null,"asset_type":"School","addr:city":null,"addr:housenumber":null,"addr:postcode":null,"addr:state":null,"addr:street":null,"addr:street:corner":null,"alt_name":null,"boundary":null,"ele":null,"gnis:feature_id":null,"leisure":null,"name:es":null,"opening_hours":null,"protect_class":null,"protection_title":null,"source":null,"type":null,"website":null,"wikidata":null,"wikipedia":null,"access":null,"barrier":null,"playground":null,"playground:theme":null,"survey:date":null,"place":null,"start_date":null,"surface":null,"amenity":"school","area":null,"denomination":null,"fax":null,"fence_type":null,"grades":null,"mascot":null,"name:en":null,"name:etymology:wikidata":null,"phone":null,"religion":null,"layer":"Schools_points","path":"C:/Users/PMLS/Downloads/Hackathon work/Schools_points.gpkg"},"geometry":{"type":"Point","coordinates":[-74.048393,40.7153324]}},
{"type":"Feature","properties":{"fid":573,"id":"node/5349867976","@id":"node/5349867976","bench":null,"bin":null,"bus":null,"construction":null,"covered":null,"description":null,"fixme":null,"gtfs:stop_id":null,"gtfs_stop_code":null,"highway":null,"level":null,"lit":null,"local_ref":null,"name":"Hudson Montessori","network":null,"network:short":null,"network:wikidata":null,"network:wikipedia":null,"note":null,"operator":null,"passenger_information_display":null,"public_transport":null,"ref":null,"route_ref":null,"shelter":null,"tactile_paving":null,"wheelchair":null,"asset_type":"School","addr:city":null,"addr:housenumber":null,"addr:postcode":null,"addr:state":null,"addr:street":null,"addr:street:corner":null,"alt_name":null,"boundary":null,"ele":null,"gnis:feature_id":null,"leisure":null,"name:es":null,"opening_hours":null,"protect_class":null,"protection_title":null,"source":null,"type":null,"website":null,"wikidata":null,"wikipedia":null,"access":null,"barrier":null,"playground":null,"playground:theme":null,"survey:date":null,"place":null,"start_date":null,"surface":null,"amenity":"school","area":null,"denomination":null,"fax":null,"fence_type":null,"grades":null,"mascot":null,"name:en":null,"name:etymology:wikidata":null,"phone":null,"religion":null,"layer":"Schools_points","path":"C:/Users/PMLS/Downloads/Hackathon work/Schools_points.gpkg"},"geometry":{"type":"Point","coordinates":[-74.0473066,40.7153544]}},
{"type":"Feature","properties":{"fid":574,"id":"node/5349867977","@id":"node/5349867977","bench":null,"bin":null,"bus":null,"construction":null,"covered":null,"description":null,"fixme":null,"gtfs:stop_id":null,"gtfs_stop_code":null,"highway":null,"level":null,"lit":null,"local_ref":null,"name":"Hudson Montessori","network":null,"network:short":null,"network:wikidata":null,"network:wikipedia":null,"note":null,"operator":null,"passenger_information_display":null,"public_transport":null,"ref":null,"route_ref":null,"shelter":null,"tactile_paving":null,"wheelchair":null,"asset_type":"School","addr:city":null,"addr:housenumber":null,"addr:postcode":null,"addr:state":null,"addr:street":null,"addr:street:corner":null,"alt_name":null,"boundary":null,"ele":null,"gnis:feature_id":null,"leisure":null,"name:es":null,"opening_hours":null,"protect_class":null,"protection_title":null,"source":null,"type":null,"website":null,"wikidata":null,"wikipedia":null,"access":null,"barrier":null,"playground":null,"playground:theme":null,"survey:date":null,"place":null,"start_date":null,"surface":null,"amenity":"school","area":null,"denomination":null,"fax":null,"fence_type":null,"grades":null,"mascot":null,"name:en":null,"name:etymology:wikidata":null,"phone":null,"religion":null,"layer":"Schools_points","path":"C:/Users/PMLS/Downloads/Hackathon work/Schools_points.gpkg"},"geometry":{"type":"Point","coordinates":[-74.0464779,40.7154259]}},
{"type":"Feature","properties":{"fid":575,"id":"node/6848314185","@id":"node/6848314185","bench":null,"bin":null,"bus":null,"construction":null,"covered":null,"description":null,"fixme":null,"gtfs:stop_id":null,"gtfs_stop_code":null,"highway":null,"level":null,"lit":null,"local_ref":null,"name":"Primary Prep","network":null,"network:short":null,"network:wikidata":null,"network:wikipedia":null,"note":null,"operator":null,"passenger_information_display":null,"public_transport":null,"ref":null,"route_ref":null,"shelter":null,"tactile_paving":null,"wheelchair":null,"asset_type":"School","addr:city":null,"addr:housenumber":null,"addr:postcode":null,"addr:state":null,"addr:street":null,"addr:street:corner":null,"alt_name":null,"boundary":null,"ele":null,"gnis:feature_id":null,"leisure":null,"name:es":null,"opening_hours":null,"protect_class":null,"protection_title":null,"source":null,"type":null,"website":null,"wikidata":null,"wikipedia":null,"access":null,"barrier":null,"playground":null,"playground:theme":null,"survey:date":null,"place":null,"start_date":null,"surface":null,"amenity":"school","area":null,"denomination":null,"fax":null,"fence_type":null,"grades":null,"mascot":null,"name:en":null,"name:etymology:wikidata":null,"phone":null,"religion":null,"layer":"Schools_points","path":"C:/Users/PMLS/Downloads/Hackathon work/Schools_points.gpkg"},"geometry":{"type":"Point","coordinates":[-74.066232,40.7266897]}},
{"type":"Feature","properties":{"fid":576,"id":"node/7609960586","@id":"node/7609960586","bench":null,"bin":null,"bus":null,"construction":null,"covered":null,"description":null,"fixme":null,"gtfs:stop_id":null,"gtfs_stop_code":null,"highway":null,"level":null,"lit":null,"local_ref":null,"name":"The Kennedy School","network":null,"network:short":null,"network:wikidata":null,"network:wikipedia":null,"note":null,"operator":null,"passenger_information_display":null,"public_transport":null,"ref":null,"route_ref":null,"shelter":null,"tactile_paving":null,"wheelchair":null,"asset_type":"School","addr:city":"Jersey City","addr:housenumber":"222","addr:postcode":"07302","addr:state":"NJ","addr:street":"Mercer Street","addr:street:corner":null,"alt_name":null,"boundary":null,"ele":null,"gnis:feature_id":null,"leisure":null,"name:es":null,"opening_hours":null,"protect_class":null,"protection_title":null,"source":null,"type":null,"website":null,"wikidata":null,"wikipedia":null,"access":null,"barrier":null,"playground":null,"playground:theme":null,"survey:date":null,"place":null,"start_date":null,"surface":null,"amenity":"school","area":null,"denomination":null,"fax":null,"fence_type":null,"grades":null,"mascot":null,"name:en":null,"name:etymology:wikidata":null,"phone":null,"religion":null,"layer":"Schools_points","path":"C:/Users/PMLS/Downloads/Hackathon work/Schools_points.gpkg"},"geometry":{"type":"Point","coordinates":[-74.05266,40.7212428]}},
{"type":"Feature","properties":{"fid":577,"id":"node/7738642485","@id":"node/7738642485","bench":null,"bin":null,"bus":null,"construction":null,"covered":null,"description":null,"fixme":null,"gtfs:stop_id":null,"gtfs_stop_code":null,"highway":null,"level":null,"lit":null,"local_ref":null,"name":"Martin Luther King Jr.","network":null,"network:short":null,"network:wikidata":null,"network:wikipedia":null,"note":null,"operator":null,"passenger_information_display":null,"public_transport":null,"ref":null,"route_ref":null,"shelter":null,"tactile_paving":null,"wheelchair":null,"asset_type":"School","addr:city":null,"addr:housenumber":null,"addr:postcode":null,"addr:state":null,"addr:street":null,"addr:street:corner":null,"alt_name":null,"boundary":null,"ele":null,"gnis:feature_id":null,"leisure":null,"name:es":null,"opening_hours":null,"protect_class":null,"protection_title":null,"source":null,"type":null,"website":null,"wikidata":null,"wikipedia":null,"access":null,"barrier":null,"playground":null,"playground:theme":null,"survey:date":null,"place":null,"start_date":null,"surface":null,"amenity":"school","area":null,"denomination":null,"fax":null,"fence_type":null,"grades":null,"mascot":null,"name:en":null,"name:etymology:wikidata":"Q8027","phone":null,"religion":null,"layer":"Schools_points","path":"C:/Users/PMLS/Downloads/Hackathon work/Schools_points.gpkg"},"geometry":{"type":"Point","coordinates":[-74.0652341,40.7293472]}},
{"type":"Feature","properties":{"fid":578,"id":"node/7762363385","@id":"node/7762363385","bench":null,"bin":null,"bus":null,"construction":null,"covered":null,"description":null,"fixme":null,"gtfs:stop_id":null,"gtfs_stop_code":null,"highway":null,"level":null,"lit":null,"local_ref":null,"name":"Hudson Catholic High School","network":null,"network:short":null,"network:wikidata":null,"network:wikipedia":null,"note":null,"operator":null,"passenger_information_display":null,"public_transport":null,"ref":null,"route_ref":null,"shelter":null,"tactile_paving":null,"wheelchair":null,"asset_type":"School","addr:city":"Jersey City","addr:housenumber":"790","addr:postcode":"07306","addr:state":"NJ","addr:street":"Bergen Avenue","addr:street:corner":null,"alt_name":null,"boundary":null,"ele":null,"gnis:feature_id":null,"leisure":null,"name:es":null,"opening_hours":null,"protect_class":null,"protection_title":null,"source":null,"type":null,"website":null,"wikidata":"Q5928601","wikipedia":null,"access":null,"barrier":null,"playground":null,"playground:theme":null,"survey:date":null,"place":null,"start_date":null,"surface":null,"amenity":"school","area":null,"denomination":"catholic","fax":null,"fence_type":null,"grades":"9-12","mascot":null,"name:en":null,"name:etymology:wikidata":null,"phone":null,"religion":"christian","layer":"Schools_points","path":"C:/Users/PMLS/Downloads/Hackathon work/Schools_points.gpkg"},"geometry":{"type":"Point","coordinates":[-74.0668745,40.7259204]}}
]
}
